timestamp,family,target_Fr_GHz,target_BW_MHz,param_0,param_1,param_2,param_3,param_4,actual_Fr_GHz,actual_BW_MHz,S11_dB
1771872348.436016,patch_rect,5.5527,57.616,0.06,0.018000517040491104,0.0022698815446347,0.005,4.397305011749268,5.738699913024902,822.0000267028809,-48.26076920630609
1771872400.0177925,patch_rect,5.859,84.645,0.06,0.014940276741981506,0.002236482221633196,0.005,4.397661209106445,6.269000053405762,438.0002021789551,-14.416659705341267
1771872451.1028597,patch_rect,5.8047,101.322,0.06,0.014741959050297737,0.002233500126749277,0.005,4.398029327392578,6.468699932098389,506.0000419616699,-15.749293091052001
1771872502.323379,patch_rect,6.0309,103.962,0.06,0.013522950932383537,0.0022147863637655973,0.005,4.397879123687744,6.684899806976318,622.0002174377441,-19.177016615867576
1771872555.3112063,patch_rect,5.4997,83.034,0.06,0.017447659745812416,0.0022619864903390408,0.005,4.397760391235352,4.561699867248535,167.9997444152832,-16.479434086199937
1771872637.2629666,patch_rect,5.8313,89.916,0.06,0.014924457296729088,0.002236483385786414,0.005,4.397785663604736,6.437300205230713,506.0000419616699,-16.012861282180737
1771872688.6724532,patch_rect,6.5935,65.093,0.06,0.012345765717327595,0.0021945484913885593,0.005,4.39280891418457,6.7795000076293945,946.0000991821289,-28.242636670496264
1771872735.674458,patch_rect,2.1621,58.159,0.06,0.035557471215724945,0.0023267162032425404,0.001615414978004992,4.399984836578369,2.6861000061035156,79.99992370605469,-13.636837395128381
1771872791.005809,patch_rect,6.5409,56.456,0.06,0.012627717107534409,0.002199203008785844,0.005,4.393748760223389,6.588900089263916,486.00006103515625,-12.56175239941054
1771872839.2313828,patch_rect,2.1916,70.445,0.06,0.034581348299980164,0.0023187941405922174,0.001613965374417603,4.399983882904053,2.343600034713745,54.000139236450195,-34.1421765021186
1771872887.503003,patch_rect,3.5445,124.816,0.06,0.02488517574965954,0.0023068729788064957,0.0016436587320640683,4.399981498718262,2.6705000400543213,109.9998950958252,-17.427487377394968
1771872940.256408,patch_rect,5.0591,64.675,0.06,0.02102576196193695,0.0022939431946724653,0.005,4.397615909576416,6.059100151062012,492.0001029968262,-21.538479668360594
1771872992.2022989,patch_rect,6.819,64.609,0.06,0.011639731004834175,0.0021835844963788986,0.005,4.387948036193848,7.171000003814697,1269.9999809265137,-29.374785841350622
1771873039.2991338,patch_rect,3.2885,115.793,0.06,0.025801243260502815,0.0023062245454639196,0.001639351830817759,4.399981498718262,2.384500026702881,81.9997787475586,-29.33029543744143
1771873087.9656222,patch_rect,2.1888,105.524,0.06,0.03287714719772339,0.002298574661836028,0.0016055552987381816,4.39998197555542,3.172800064086914,62.00003623962402,-26.01554845000691
1771873134.9267528,patch_rect,3.2964,103.284,0.06,0.02651233598589897,0.0023124725557863712,0.001642774441279471,4.39998197555542,3.224400043487549,289.99996185302734,-28.94913275886049
1771873183.6387005,patch_rect,3.4168,119.862,0.06,0.025368960574269295,0.002306791953742504,0.0016416084254160523,4.399981498718262,3.2167999744415283,85.99996566772461,-20.758462200554646
1771873230.598467,patch_rect,4.9377,108.028,0.06,0.019464729353785515,0.0022855091374367476,0.004225500393658876,4.398464202880859,5.39769983291626,269.9999809265137,-17.13373068974024
1771873284.2436407,patch_rect,5.887,111.752,0.06,0.014034142717719078,0.0022212807089090347,0.005,4.398171901702881,4.88700008392334,107.99980163574219,-12.443443484088995
1771873332.5684884,patch_rect,2.5098,83.136,0.06,0.03144332394003868,0.002313018776476383,0.0016249542823061347,4.399983882904053,3.2578001022338867,101.99999809265137,-20.954443843731983
1771873379.4899879,patch_rect,5.3055,115.781,0.06,0.016949940472841263,0.002262560883536935,0.004225711338222027,4.3984527587890625,6.191500186920166,662.0001792907715,-50.96120024488725
1771873424.936178,patch_rect,3.7353,116.477,0.06,0.025089209899306297,0.002313291421160102,0.0019614144694060087,4.3997979164123535,3.557300090789795,119.99988555908203,-18.21523555799558
1771873474.54959,patch_rect,5.2558,119.988,0.06,0.017034269869327545,0.002264386508613825,0.004073363728821278,4.398542881011963,4.617800235748291,407.99999237060547,-20.10313515775135
1771873521.8951907,patch_rect,3.0529,78.361,0.06,0.02888358011841774,0.002321766223758459,0.0016422750195488334,4.3999834060668945,3.204900026321411,49.99995231628418,-10.688407817727722
1771873621.2256725,patch_rect,6.089,104.726,0.06,0.01330560352653265,0.0022114235907793045,0.005,4.397830009460449,5.089000225067139,85.99996566772461,-12.01555157518813
1771873669.6299613,patch_rect,2.7761,84.804,0.06,0.02963094972074032,0.0023158208932727575,0.0016330147627741098,4.399983882904053,3.178100109100342,72.00002670288086,-11.563506779376244
1771873718.0446672,patch_rect,4.567,89.037,0.06,0.021917887032032013,0.0023063160479068756,0.004357408732175827,4.398394584655762,5.566999912261963,18.000125885009766,-11.360147424825273
1771873767.0936499,patch_rect,5.193,71.961,0.06,0.02002835087478161,0.002283578971400857,0.005,4.397683620452881,5.40500020980835,346.00019454956055,-24.62551831246159
1771873815.766491,patch_rect,3.0557,114.405,0.06,0.02644345536828041,0.0023027239367365837,0.0016337113920599222,4.39998197555542,2.389699935913086,218.0001735687256,-26.73637884843926
1771873864.0455718,patch_rect,4.7178,114.859,0.06,0.019965948536992073,0.002292671939358115,0.003764822380617261,4.398738384246826,4.633800029754639,70.00017166137695,-11.435513642968548
1771873911.1414547,patch_rect,3.4314,119.666,0.06,0.025357265025377274,0.002307167509570718,0.0016420406755059958,4.399981498718262,3.3053998947143555,98.00004959106445,-25.013638211520085
1771873955.5283387,patch_rect,3.4732,51.344,0.06,0.029521796852350235,0.002335273427888751,0.003446667455136776,4.3986735343933105,3.0392000675201416,229.99978065490723,-15.314805350324011
1771874000.7088418,patch_rect,3.1166,61.013,0.06,0.029946835711598396,0.002329473616555333,0.002301832428202033,4.39959716796875,2.240600109100342,171.99993133544922,-17.2561379544378
1771874049.8446393,patch_rect,4.7622,123.541,0.06,0.019395656883716583,0.0022882267367094755,0.0035617148969322443,4.398856163024902,4.642199993133545,93.99986267089844,-13.147896338372028
1771874094.844202,patch_rect,2.9557,69.172,0.06,0.029949581250548363,0.002325467998161912,0.0017274182755500078,4.399933338165283,2.3396999835968018,129.99987602233887,-15.704788299897087
1771874146.543039,patch_rect,6.6614,51.188,0.06,0.012298296205699444,0.0021945908665657043,0.005,4.391054153442383,6.971399784088135,1018.0001258850098,-36.71931885272108
1771874196.206224,patch_rect,4.8559,109.83,0.06,0.019686255604028702,0.0022886074148118496,0.004076081793755293,4.398553371429443,5.855899810791016,83.9996337890625,-17.816439324761966
1771874243.2451699,patch_rect,2.8213,72.946,0.06,0.030195990577340126,0.002322388580068946,0.0016370234079658985,4.399984359741211,3.2592999935150146,115.99993705749512,-14.718104375663316
1771874337.5968852,patch_rect,2.519,118.872,0.06,0.029378030449151993,0.0022897038143128157,0.0016172254690900445,4.399982452392578,3.184999942779541,59.999942779541016,-11.118469873149445
1771874388.2421048,patch_rect,5.0863,119.401,0.06,0.017956357449293137,0.002273840131238103,0.003978253807872534,4.398603916168213,6.022299766540527,150.00009536743164,-16.081796205931962
1771874437.0431795,patch_rect,2.3947,109.875,0.06,0.030624516308307648,0.0022946379613131285,0.0016143496613949537,4.39998197555542,2.3447000980377197,78.00006866455078,-17.891953397843345
1771874485.5074387,patch_rect,2.5773,71.447,0.06,0.03180696815252304,0.002321526175364852,0.0016298143891617656,4.399984836578369,3.2572999000549316,97.99981117248535,-22.675632368196442
1771874539.3796463,patch_rect,6.9693,117.539,0.06,0.01043938659131527,0.00216362695209682,0.005,4.386098861694336,7.377299785614014,1611.9999885559082,-20.09563066537131
1771874586.738845,patch_rect,3.8115,56.424,0.06,0.028718678280711174,0.00233672559261322,0.004234314896166325,4.397712707519531,3.0934998989105225,230.00001907348633,-11.237686455414856
1771874634.2886102,patch_rect,3.3396,115.279,0.06,0.025749512016773224,0.002307489048689604,0.0016407783841714263,4.399981498718262,3.217600107192993,96.00019454956055,-22.709456127959346
1771874680.6299422,patch_rect,4.5417,104.859,0.06,0.021047530695796013,0.0023011588491499424,0.003847647225484252,4.398693084716797,3.95770001411438,262.00008392333984,-16.798476115965226
1771874727.0751736,patch_rect,4.338,94.129,0.06,0.023273415863513947,0.0023136369418352842,0.0038042280357331038,4.3987202644348145,3.634000062942505,290.00020027160645,-32.12240064477343
1771874779.8651788,patch_rect,5.9378,120.993,0.06,0.01359280664473772,0.002215767977759242,0.005,4.398284912109375,6.671800136566162,533.9999198913574,-18.878049313595238
1771874834.1537435,patch_rect,5.9495,121.961,0.06,0.013517376035451889,0.002214851789176464,0.005,4.398289680480957,4.94950008392334,164.0000343322754,-14.232240062762052
1771874882.6700063,patch_rect,4.8815,54.647,0.06,0.02223527431488037,0.0023063039407134056,0.005,4.3965888023376465,5.123499870300293,277.9998779296875,-19.816321040838037
1771874916.455461,patch_rect,5.6198,91.25,0.06,0.01625767908990383,0.002252897247672081,0.005,4.39792013168335,4.619800090789795,2000.0,-18.409406342751787
1771874962.916768,patch_rect,3.898,115.981,0.06,0.024780523031949997,0.002314407844096422,0.0023317362647503614,4.399581432342529,3.6700000762939453,18.000125885009766,-10.12302889096965
1771875010.7036445,patch_rect,3.3611,104.196,0.06,0.026358310133218765,0.00231327791698277,0.0016442275373265147,4.39998197555542,2.527100086212158,220.0000286102295,-24.168455050854458
1771875109.5988336,patch_rect,6.1526,50.361,0.06,0.014183331280946732,0.002224559197202325,0.005,4.3967814445495605,6.402599811553955,462.00037002563477,-15.035206243056285
1771875155.0267284,patch_rect,3.2888,88.382,0.06,0.027459586039185524,0.0023191373329609632,0.0018063049064949155,4.399888038635254,3.3368000984191895,64.00012969970703,-11.823800074678939
1771875202.8179655,patch_rect,2.9258,97.72,0.06,0.02803862653672695,0.002310009440407157,0.001634090906009078,4.399982929229736,2.3998000621795654,65.99998474121094,-12.158613764265588
1771875249.7874973,patch_rect,3.0688,120.94,0.06,0.02605605684220791,0.0022993693128228188,0.0016323954332619905,4.39998197555542,3.2188000679016113,114.00008201599121,-24.411761355520447
1771875299.4347444,patch_rect,5.0847,78.506,0.06,0.020223675295710564,0.0022875668946653605,0.005,4.397861480712891,5.376699924468994,338.0002975463867,-23.975861704731685
1771875391.6334426,patch_rect,4.7545,60.97,0.06,0.022431951016187668,0.0023095731157809496,0.005,4.396906852722168,5.100500106811523,272.0003128051758,-19.477765608910445
1771875443.8676648,patch_rect,6.6951,106.377,0.06,0.011471147648990154,0.002179704839363694,0.005,4.391538619995117,7.219099998474121,1217.9999351501465,-26.740178608265218
1771875493.3640573,patch_rect,4.1881,67.452,0.06,0.026172200217843056,0.002328372560441494,0.004555413965135813,4.397544860839844,4.548099994659424,136.0001564025879,-11.723025032135212
1771875546.5714269,patch_rect,6.9673,96.955,0.06,0.010723586194217205,0.002168628154322505,0.005,4.385479927062988,7.47130012512207,1453.9999961853027,-20.3019120124487
1771875594.133313,patch_rect,4.736,95.389,0.06,0.020825635641813278,0.002298472449183464,0.004356862977147102,4.398392200469971,3.8340001106262207,233.99996757507324,-16.23458528652583
1771875641.0965834,patch_rect,2.2937,57.647,0.06,0.034443698823451996,0.0023270093370229006,0.0016216717194765806,4.399984836578369,3.25570011138916,82.0000171661377,-28.777867245013773
1771875688.6003287,patch_rect,4.3137,51.225,0.06,0.026388579979538918,0.00233245687559247,0.005,4.396204948425293,4.599699974060059,180.00030517578125,-15.21322523194412
1771875740.5209997,patch_rect,6.7347,85.949,0.06,0.01162087544798851,0.0021826294250786304,0.005,4.390233993530273,6.988699913024902,1226.0003089904785,-36.112762982833544
1771875789.0085828,patch_rect,2.6162,116.995,0.06,0.028804505243897438,0.0022922412026673555,0.0016216535586863756,4.399982452392578,3.2962000370025635,82.0000171661377,-11.898609438055344
1771875843.352765,patch_rect,5.9149,57.301,0.06,0.015439717099070549,0.0022447023075073957,0.005,4.397104740142822,6.166900157928467,148.00024032592773,-11.065099813258106
1771875893.6312265,patch_rect,5.4967,52.558,0.06,0.018596673384308815,0.0022745486348867416,0.005,4.397243022918701,5.63070011138916,426.00011825561523,-36.25745639416298
1771875945.649747,patch_rect,6.9436,56.089,0.06,0.011356787756085396,0.002179517410695553,0.005,4.385079383850098,7.263599872589111,1381.9999694824219,-25.36930639787172
1771875995.6534405,patch_rect,5.0391,54.59,0.06,0.021557027474045753,0.0022989162243902683,0.005,4.396825790405273,5.0690999031066895,278.0003547668457,-19.698286065590647
1771876047.7792356,patch_rect,6.1384,77.132,0.06,0.013592339120805264,0.0022154608741402626,0.005,4.397281646728516,6.4984002113342285,565.9999847412109,-17.111718427966444
1771876096.119369,patch_rect,5.2449,108.891,0.06,0.017777521163225174,0.002268006093800068,0.0044585601426661015,4.398318290710449,5.658899784088135,766.0002708435059,-32.62080483047726
1771876144.5946698,patch_rect,3.9711,50.879,0.06,0.02866988442838192,0.0023394215386360884,0.00494072400033474,4.396787166595459,4.971099853515625,65.99998474121094,-14.022657105943496
1771876191.646279,patch_rect,2.0192,94.445,0.06,0.03535383567214012,0.0023066869471222162,0.0016010478138923645,4.39998197555542,2.703200101852417,80.00016212463379,-13.34612578167296
1771876236.7217028,patch_rect,4.0266,118.319,0.06,0.023761553689837456,0.0023110853508114815,0.002482409356161952,4.39949369430542,3.652600049972534,160.00008583068848,-27.75424981747757
1771876282.2039814,patch_rect,3.0138,70.945,0.06,0.02959560602903366,0.0023248891811817884,0.001781818107701838,4.399901866912842,2.3457999229431152,105.99994659423828,-13.447882467050555
1771876330.267505,patch_rect,3.4353,91.3,0.06,0.027033217251300812,0.0023195375688374043,0.0020353577565401793,4.399754524230957,3.241300106048584,128.00002098083496,-15.898371567373793
1771876382.0377905,patch_rect,6.4599,110.59,0.06,0.012147104367613792,0.0021902858279645443,0.005,4.396698951721191,7.011899948120117,995.999813079834,-59.161628731201205
1771876428.9474268,patch_rect,3.9899,63.268,0.06,0.02777513489127159,0.0023341451305896044,0.004384117666631937,4.397621154785156,4.637899875640869,99.99990463256836,-11.473939369150912
1771876479.5297906,patch_rect,5.3147,62.791,0.06,0.01958826184272766,0.0022794746328145266,0.005,4.39747953414917,5.468699932098389,361.9999885559082,-26.739500620716786
1771876528.1851747,patch_rect,2.7443,89.831,0.06,0.029552627354860306,0.0023125591687858105,0.0016309950733557343,4.399983882904053,3.180299997329712,68.00007820129395,-11.38330142264696
1771876575.6011872,patch_rect,4.733,105.563,0.06,0.020342674106359482,0.002295217476785183,0.004056918900460005,4.3985676765441895,5.416999816894531,225.9998321533203,-14.84120071005581
1771876622.5828354,patch_rect,2.2564,64.363,0.06,0.03429660201072693,0.0023221534211188555,0.001618606853298843,4.399984359741211,3.2564001083374023,44.00014877319336,-31.240785451985623
1771876673.6775112,patch_rect,5.43,59.192,0.06,0.01884380914270878,0.0022748035844415426,0.005,4.3973798751831055,5.446000099182129,388.0000114440918,-30.040883048003764
1771876723.7278266,patch_rect,5.1614,54.221,0.06,0.02093626745045185,0.002292281948029995,0.005,4.397098064422607,5.283400058746338,313.9996528625488,-22.076848568685993
1771876778.1711392,patch_rect,5.5121,59.474,0.06,0.018235597759485245,0.002270953031256795,0.005,4.397350788116455,6.5121002197265625,684.0000152587891,-13.64844290465671
1771876829.634247,patch_rect,6.0014,81.922,0.06,0.014181378297507763,0.0022239871323108673,0.005,4.3974995613098145,6.40339994430542,461.99989318847656,-15.018804972974296
1771876875.8986037,patch_rect,4.6313,124.686,0.06,0.019757552072405815,0.0022917832247912884,0.0033682226203382015,4.3989715576171875,4.155300140380859,223.9999771118164,-15.273490297536185
1771876930.7729466,patch_rect,6.0855,60.822,0.06,0.01434970460832119,0.0022259163670241833,0.005,4.397024631500244,6.307499885559082,184.00001525878906,-11.417430121838992
1771876985.4416049,patch_rect,6.3714,96.868,0.06,0.012590974569320679,0.0021981096360832453,0.005,4.3973822593688965,6.893400192260742,911.9997024536133,-28.420932102580814
1771877030.2292254,patch_rect,3.0547,57.512,0.06,0.03044891729950905,0.0023308182135224342,0.0022984957322478294,4.399599075317383,3.0566999912261963,95.99995613098145,-33.58669095072723
1771877075.7492971,patch_rect,3.9449,94.28,0.06,0.025982553139328957,0.002322368323802948,0.003064227057620883,4.3991522789001465,3.2509000301361084,207.99994468688965,-16.70355788574525
1771877123.9049482,patch_rect,2.9373,89.394,0.06,0.02856523171067238,0.0023146853782236576,0.0016363062895834446,4.3999834060668945,3.2172999382019043,65.99998474121094,-11.14630398467964
1771877172.2787554,patch_rect,4.6338,59.401,0.06,0.023312924429774284,0.0023150763008743525,0.005,4.396768569946289,5.005799770355225,251.9998550415039,-18.38747578181975
1771877221.0289793,patch_rect,4.3702,77.734,0.06,0.024139204993844032,0.002318930346518755,0.004439014010131359,4.398076057434082,3.6222000122070312,76.00021362304688,-11.32487232061849
1771877268.7611082,patch_rect,4.189,61.578,0.06,0.02657405473291874,0.002330746967345476,0.00482986681163311,4.397131443023682,4.5929999351501465,156.00013732910156,-13.778575733649554
1771877322.482697,patch_rect,5.7426,85.83,0.06,0.0156106473878026,0.002246362855657935,0.005,4.397773742675781,6.158599853515625,526.0000228881836,-17.49450572133867
1771877373.698162,patch_rect,5.5655,97.095,0.06,0.016389433294534683,0.0022531957365572453,0.005,4.398040771484375,6.235499858856201,656.0001373291016,-36.971490458214156
1771877428.5069027,patch_rect,6.2573,93.742,0.06,0.012965010479092598,0.0022049855906516314,0.005,4.3974504470825195,6.527299880981445,369.99988555908203,-12.244919705432054
1771877475.409304,patch_rect,4.3318,79.229,0.06,0.024338727816939354,0.0023199368733912706,0.004307806026190519,4.398179531097412,3.3357999324798584,150.00009536743164,-25.074710416971115
1771877523.3140428,patch_rect,2.588,120.482,0.06,0.02884295955300331,0.0022893045097589493,0.001619646791368723,4.399982452392578,3.2039999961853027,49.99995231628418,-10.700420189081248
1771877575.2144973,patch_rect,6.3637,67.488,0.06,0.013009006157517433,0.0022054999135434628,0.005,4.3968634605407715,6.619699954986572,723.9999771118164,-20.58793058548181
1771877625.4168236,patch_rect,3.3163,114.387,0.06,0.02583615854382515,0.002307463902980089,0.0016404003836214542,4.39998197555542,3.2183001041412354,100.00014305114746,-23.26202566287067
1771877676.6945112,patch_rect,5.7475,91.415,0.06,0.015376879833638668,0.0022432811092585325,0.005,4.397881984710693,6.361499786376953,539.9999618530273,-17.91412794195837
1771877727.400699,patch_rect,5.2883,99.881,0.06,0.01801770180463791,0.0022680102847516537,0.004771356005221605,4.398134231567383,5.59630012512207,822.0000267028809,-37.35696196946513
1771877774.9099288,patch_rect,4.8691,115.721,0.06,0.01936214417219162,0.0022860500030219555,0.0039178975857794285,4.398645401000977,5.455100059509277,228.00016403198242,-14.663319921052889
1771877820.0194666,patch_rect,3.3853,86.558,0.06,0.02739623188972473,0.0023207885678857565,0.0020625239703804255,4.399738311767578,2.425299882888794,78.00006866455078,-12.068322852016
1771877867.6617117,patch_rect,5.0714,114.158,0.06,0.01836574263870716,0.0022762897424399853,0.004138856194913387,4.398510456085205,5.585400104522705,322.00002670288086,-19.741541224392602
1771877912.8655884,patch_rect,3.3367,86.884,0.06,0.027445092797279358,0.0023201291915029287,0.001949252444319427,4.399804592132568,2.4286999702453613,88.00005912780762,-12.754175842637865
1771877958.703522,patch_rect,2.9335,56.49,0.06,0.03099195472896099,0.0023309204261749983,0.002100330078974366,4.399714469909668,3.0255000591278076,85.99996566772461,-28.801871426957337
1771878003.656957,patch_rect,4.3242,111.92,0.06,0.022168096154928207,0.002307141199707985,0.0032677233684808016,4.3990349769592285,3.774199962615967,215.99984169006348,-23.817800360367958
1771878049.2226899,patch_rect,3.3743,68.339,0.06,0.028605209663510323,0.0023277760483324528,0.0025859123561531305,4.3994317054748535,3.4042999744415283,39.999961853027344,-10.705644787252007
1771878103.4791963,patch_rect,5.8444,116.107,0.06,0.014148542657494545,0.002223224611952901,0.005,4.398290157318115,6.406400203704834,464.0002250671387,-15.034064681821778
1771878159.2975242,patch_rect,6.5358,100.236,0.06,0.012050950899720192,0.0021890129428356886,0.005,4.394833564758301,6.713799953460693,533.9999198913574,-13.566113864918554
1771878214.2733173,patch_rect,6.3591,124.364,0.06,0.012256660498678684,0.0021922404412180185,0.005,4.397888660430908,6.667099952697754,524.0001678466797,-13.15388782736475
1771878262.1025577,patch_rect,5.3382,117.879,0.06,0.01669451966881752,0.002259437693282962,0.004155878443270922,4.39849328994751,6.200200080871582,634.000301361084,-30.42567499085702
1771878311.2346566,patch_rect,5.3264,113.177,0.06,0.016955910250544548,0.002262063790112734,0.004318621475249529,4.398397922515869,6.182400226593018,693.9997673034668,-40.33317142410627
1771878360.4561236,patch_rect,3.1531,108.96,0.06,0.026517430320382118,0.0023071952164173126,0.0016375168925151229,4.39998197555542,2.5090999603271484,211.99989318847656,-26.85719768660111
1771878408.4888391,patch_rect,2.1357,120.793,0.06,0.032981134951114655,0.0022893138229846954,0.0016001226613298059,4.39998197555542,2.8057000637054443,73.99988174438477,-12.355524153289753
1771878456.4746406,patch_rect,4.6708,110.699,0.06,0.020324774086475372,0.0022954533342272043,0.00383074046112597,4.398700714111328,4.07480001449585,258.00013542175293,-15.02680897278725
1771878501.031427,patch_rect,4.2093,124.581,0.06,0.022133389487862587,0.0023053870536386967,0.002666729735210538,4.399386882781982,3.9632999897003174,188.00020217895508,-26.521504823731195
1771878549.455379,patch_rect,2.0905,105.514,0.06,0.033980537205934525,0.002299365121871233,0.0016018180176615715,4.399981498718262,2.3424999713897705,54.000139236450195,-38.6336117923956
1771878688.3821862,patch_rect,3.9834,52.92,0.06,0.028475740924477577,0.002338438993319869,0.004867095034569502,4.396907806396484,4.573400020599365,160.00032424926758,-14.322083954246747
1771878733.0765746,patch_rect,3.3888,59.154,0.06,0.02919057384133339,0.0023314773570746183,0.00291079212911427,4.399240970611572,3.038800001144409,85.99996566772461,-12.470833022389483
1771878778.1782067,patch_rect,3.7749,115.162,0.06,0.025121713057160378,0.0023141938727349043,0.002090342342853546,4.399722576141357,3.530900001525879,129.99987602233887,-18.78607100410721
1771878832.414992,patch_rect,5.814,113.985,0.06,0.014363577589392662,0.002226871671155095,0.005,4.3982720375061035,4.814000129699707,111.9999885559082,-12.55964671027802
1771878915.0735147,patch_rect,5.4555,65.074,0.06,0.018448403105139732,0.002271188423037529,0.005,4.397465705871582,5.649499893188477,434.00001525878906,-36.64021558133063
1771878963.4859433,patch_rect,6.9231,79.425,0.06,0.011103497818112373,0.002174963476136327,0.005,4.386040210723877,6.911099910736084,607.9998016357422,-16.199984151621344
1771879017.3895137,patch_rect,5.4154,70.255,0.06,0.01855188049376011,0.002270839409902692,0.005,4.397568702697754,6.41540002822876,616.0001754760742,-13.29995031378161
1771879062.133531,patch_rect,3.8664,121.049,0.06,0.024601969867944717,0.002312725642696023,0.0021202994976192713,4.399704933166504,3.6923999786376953,140.0001049041748,-21.85718040163269
1771879110.3096519,patch_rect,2.6626,83.898,0.06,0.030581742525100708,0.0023144970182329416,0.0016300707357004285,4.399983882904053,3.168600082397461,94.00010108947754,-14.58429901672693
1771879158.0584905,patch_rect,2.5146,106.653,0.06,0.030006607994437218,0.0022978794295340776,0.0016199442325159907,4.399982452392578,2.344599962234497,139.9998664855957,-15.115817041443822
1771879205.5416706,patch_rect,5.0611,111.99,0.06,0.01857900060713291,0.002277494641020894,0.00420609675347805,4.398471355438232,5.685100078582764,341.9995307922363,-21.669428111640716
1771879252.9389117,patch_rect,4.38,88.707,0.06,0.023313775658607483,0.0023140222765505314,0.004045028239488602,4.398579120635986,3.503999948501587,255.99980354309082,-36.645170574427354
1771879297.8194911,patch_rect,3.9926,105.685,0.06,0.024911200627684593,0.002317010657861829,0.002810141770169139,4.399301528930664,3.464600086212158,192.000150680542,-22.504990388965314
1771879349.9347477,patch_rect,5.7726,58.537,0.06,0.0162330474704504,0.0022576397750526667,0.005,4.397248268127441,6.09060001373291,604.0000915527344,-28.863501163915643
1771879398.552725,patch_rect,4.5788,70.353,0.06,0.023006049916148186,0.0023130096960812807,0.005,4.397554874420166,3.5787999629974365,138.0000114440918,-21.245586845143002
1771879450.7590904,patch_rect,6.6486,56.152,0.06,0.012297455221414566,0.002193966181948781,0.005,4.391421794891357,6.970600128173828,1018.0001258850098,-36.8368656786854
1771879498.2201066,patch_rect,4.384,113.285,0.06,0.021608874201774597,0.002304104855284095,0.003352686297148466,4.398984432220459,3.8940000534057617,9.999990463256836,-10.023339467249654
1771879550.518877,patch_rect,6.2541,80.995,0.06,0.013145914301276207,0.002208184916526079,0.005,4.397225379943848,6.590099811553955,684.0000152587891,-19.652640936197308
1771879596.8023086,patch_rect,4.0225,77.624,0.06,0.0266866572201252,0.0023278945591300726,0.0037699600216001272,4.398544788360596,4.600500106811523,164.0000343322754,-14.320326593213471
1771879644.3280385,patch_rect,2.9207,115.531,0.06,0.026835134252905846,0.0023002084344625473,0.0016299423296004534,4.399982452392578,3.2307000160217285,255.99980354309082,-30.472478783031598
1771879696.5415568,patch_rect,6.7837,51.084,0.06,0.011940163560211658,0.0021885342430323362,0.005,4.388403415679932,7.073699951171875,1151.9999504089355,-37.81949338810882
1771879747.8520794,patch_rect,5.4775,85.361,0.06,0.01750354841351509,0.002262057736515999,0.005,4.397809982299805,5.827499866485596,780.0002098083496,-31.827518034639574
1771879798.0851789,patch_rect,4.9816,71.693,0.06,0.02101987414062023,0.0022954868618398905,0.005,4.397812366485596,5.269599914550781,309.999942779541,-21.858967078338534
1771879848.5444386,patch_rect,5.1252,119.699,0.06,0.01775006577372551,0.002271553734317422,0.00400585075840354,4.398586750030518,4.625199794769287,173.99978637695312,-16.578389028401165
1771879900.5671623,patch_rect,6.7916,90.746,0.06,0.011372828856110573,0.002178703434765339,0.005,4.38911771774292,7.253600120544434,1312.0002746582031,-25.552715053756
1771879952.364073,patch_rect,5.9702,113.882,0.06,0.01359614823013544,0.002215733053162694,0.005,4.398122310638428,6.6722002029418945,565.9999847412109,-18.83039957930202
1771880000.5059886,patch_rect,3.7372,93.177,0.06,0.026536060497164726,0.0023220458533614874,0.002650878159329295,4.3993940353393555,3.5411999225616455,28.0001163482666,-10.30624571513825
1771880045.6330638,patch_rect,3.0207,67.852,0.06,0.029803156852722168,0.002326252870261669,0.0018957700813189149,4.399835109710693,3.1586999893188477,73.99988174438477,-16.67388004106208
1771880097.8929946,patch_rect,5.7645,106.067,0.06,0.01482914388179779,0.0022348484490066767,0.005,4.398154258728027,6.28849983215332,432.00016021728516,-14.272248366381081
1771880147.050316,patch_rect,2.7929,114.53,0.06,0.027573270723223686,0.002297854982316494,0.0016269076149910688,4.399982452392578,2.414900064468384,111.9999885559082,-17.9877243314412
1771880239.6924005,patch_rect,4.5698,100.859,0.06,0.021138709038496017,0.0023016794584691525,0.003995746839791536,4.398606300354004,3.8197999000549316,264.00017738342285,-17.965874431523858
1771880293.5444152,patch_rect,5.0495,86.647,0.06,0.019991761073470116,0.0022867461666464806,0.004974418319761753,4.3980231285095215,5.777500152587891,389.9998664855957,-14.216971690908771
1771880348.1877713,patch_rect,5.8594,115.142,0.06,0.01409479696303606,0.0022223484702408314,0.005,4.39825963973999,4.859399795532227,122.00021743774414,-12.838859917029943
1771880397.0687416,patch_rect,2.0876,81.545,0.06,0.0351584367454052,0.002313500503078103,0.0016060982597991824,4.3999834060668945,2.71560001373291,79.99992370605469,-13.275659598111416
1771880445.9472084,patch_rect,2.7089,110.634,0.06,0.028484731912612915,0.002298420760780573,0.001625693985261023,4.399982452392578,3.3089001178741455,97.99981117248535,-12.513337903869644
1771880498.2261674,patch_rect,4.7303,86.301,0.06,0.021290963515639305,0.002301648259162903,0.00461411802098155,4.398241996765137,5.684299945831299,150.00009536743164,-16.32090645705887
1771880547.1745658,patch_rect,6.6982,100.916,0.06,0.01153524685651064,0.0021808529272675514,0.005,4.391350746154785,6.832200050354004,569.9996948242188,-14.904457698906814
1771880597.3244693,patch_rect,5.4161,103.004,0.06,0.016935331746935844,0.0022594488691538572,0.004690015688538551,4.398178577423096,6.294099807739258,671.9999313354492,-24.61269423502738
1771880650.595673,patch_rect,6.0382,89.68,0.06,0.013798309490084648,0.002218027366325259,0.005,4.397615432739258,6.464200019836426,519.9999809265137,-16.26309501389836
1771880703.0650685,patch_rect,6.6079,117.738,0.06,0.011591194197535515,0.0021812852937728167,0.005,4.393669605255127,7.1819000244140625,1138.0000114440918,-28.673920844096802
1771880756.9951928,patch_rect,5.331,89.892,0.06,0.01831655576825142,0.0022683439310640097,0.005,4.3979315757751465,4.563000202178955,147.99976348876953,-12.877012005824096
1771880805.0671341,patch_rect,4.6099,74.956,0.06,0.02251564711332321,0.002309951698407531,0.004895874764770269,4.397893905639648,3.6159000396728516,171.99993133544922,-21.145939210733946
1771880898.9538467,patch_rect,3.4269,123.796,0.06,0.025127572938799858,0.0023051020689308643,0.0016408511437475681,4.399981498718262,3.216900110244751,84.0001106262207,-19.750118174595684
1771880948.3953865,patch_rect,2.5897,104.038,0.06,0.029686477035284042,0.0023004342801868916,0.00162348838057369,4.399982929229736,2.3457000255584717,108.00004005432129,-13.577252676823681
1771881001.9174974,patch_rect,6.8387,99.511,0.06,0.011102475225925446,0.002174312248826027,0.005,4.38830041885376,7.154699802398682,1429.999828338623,-25.385988100247076
1771881051.5548623,patch_rect,4.8649,81.771,0.06,0.02100604586303234,0.0022976230829954147,0.004905870649963617,4.398068428039551,5.140900135040283,288.00010681152344,-20.09334717911277
1771881105.3025787,patch_rect,5.2404,82.442,0.06,0.019252557307481766,0.0022770161740481853,0.005,4.3978400230407715,5.828400135040283,515.9997940063477,-13.083063828985521
1771881152.183127,patch_rect,3.5029,84.706,0.06,0.027355995029211044,0.002322792774066329,0.0023692757822573185,4.399559020996094,3.4888999462127686,36.00001335144043,-10.561230563758667
1771881200.0947647,patch_rect,2.3201,69.888,0.06,0.03353105112910271,0.0023193275555968285,0.0016200250247493386,4.399984359741211,3.2581000328063965,89.99991416931152,-49.82539932452136
1771881244.870245,patch_rect,3.2097,54.05,0.06,0.03010851889848709,0.0023326631635427475,0.0027074115350842476,4.399359703063965,2.9697000980377197,108.00004005432129,-25.251704091826674
1771881296.1161964,patch_rect,6.0268,115.245,0.06,0.01334336120635271,0.0022122347727417946,0.005,4.398085594177246,6.716800212860107,604.0000915527344,-20.218384689073137
1771881343.6342952,patch_rect,4.8585,114.306,0.06,0.019467663019895554,0.002286999486386776,0.003947150893509388,4.3986287117004395,5.434500217437744,227.99968719482422,-14.651967138080453
1771881391.143719,patch_rect,3.6544,60.205,0.06,0.028716225177049637,0.0023337830789387226,0.0035807269159704447,4.398576259613037,4.390399932861328,233.99972915649414,-11.2862031762436
1771881436.3954918,patch_rect,3.1024,55.526,0.06,0.03041350282728672,0.0023317867890000343,0.0024544226471334696,4.399507522583008,2.1984000205993652,210.00003814697266,-24.241267815688783
1771881485.0944412,patch_rect,4.3176,94.301,0.06,0.02342238835990429,0.0023144278675317764,0.0037568719126284122,4.398748397827148,3.529599905014038,278.0001163482666,-56.4712433387968
1771881536.1098273,patch_rect,2.0965,54.457,0.06,0.03644831106066704,0.002329799346625805,0.0016125459223985672,4.3999857902526855,2.3405001163482666,49.99995231628418,-24.31105270034957
1771881569.4074762,patch_rect,4.7494,81.356,0.06,0.02146110311150551,0.0023026587441563606,0.004780867137014866,4.398144245147705,3.7493999004364014,2000.000238418579,-19.52386704187725
1771881618.4190679,patch_rect,2.7813,75.415,0.06,0.030246760696172714,0.002320908010005951,0.001635364955291152,4.399984359741211,2.3452999591827393,164.0000343322754,-16.666790112391944
1771881667.591392,patch_rect,5.5635,122.388,0.06,0.015421322546899319,0.0022429791279137135,0.004340711515396833,4.398558139801025,6.271500110626221,460.00003814697266,-12.859076063021224
1771881712.9187853,patch_rect,3.3614,66.519,0.06,0.028759542852640152,0.0023283862974494696,0.0026160075794905424,4.3994140625,3.393399953842163,38.00010681152344,-10.644205894921763
1771881764.4772666,patch_rect,5.5527,56.638,0.06,0.018035363405942917,0.002270290395244956,0.005,4.397289276123047,5.582699775695801,799.9997138977051,-49.281059627556104
1771881858.2749243,patch_rect,3.2999,116.378,0.06,0.02574983797967434,0.0023061679676175117,0.001639493159018457,4.399981498718262,2.3859000205993652,82.0000171661377,-29.37621435311836
1771881911.4666774,patch_rect,6.9496,70.882,0.06,0.011134148575365543,0.0021757001522928476,0.005,4.385281085968018,7.341599941253662,1458.0001831054688,-23.165234939441333
1771881966.3142805,patch_rect,6.0427,70.073,0.06,0.014300943352282047,0.0022256257943809032,0.005,4.3972368240356445,6.310699939727783,185.99987030029297,-11.42810608461453
1771882014.6977377,patch_rect,2.971,102.219,0.06,0.02754407748579979,0.0023080448154360056,0.001634280662983656,4.399982929229736,3.3369998931884766,185.99987030029297,-21.988362935876506
1771882064.4070606,patch_rect,4.6993,53.081,0.06,0.023265261203050613,0.0023148702457547188,0.005,4.396320343017578,4.88129997253418,236.00006103515625,-17.460319359933486
1771882117.2379117,patch_rect,6.9058,88.843,0.06,0.01103138830512762,0.002173568354919553,0.005,4.386621475219727,7.177800178527832,1460.0000381469727,-24.672546962866807
1771882173.2187214,patch_rect,6.2186,97.388,0.06,0.013028315268456936,0.002206201897934079,0.005,4.397557735443115,6.514599800109863,342.00000762939453,-12.187593438403045
1771882221.4104407,patch_rect,2.3664,102.079,0.06,0.031266793608665466,0.002299126237630844,0.0016148430295288563,4.399982452392578,2.346400022506714,65.99998474121094,-20.67003207541341
1771882273.5952344,patch_rect,6.4787,100.391,0.06,0.012226173654198647,0.002191790845245123,0.005,4.396067142486572,6.810699939727783,996.0002899169922,-30.866276537743534
1771882323.7693758,patch_rect,5.5584,116.061,0.06,0.015672655776143074,0.0022457330487668514,0.004601986147463322,4.398428916931152,6.3684000968933105,512.0000839233398,-16.081247934539515
1771882375.419644,patch_rect,5.5367,75.208,0.06,0.017496444284915924,0.0022634065244346857,0.005,4.397608757019043,5.832699775695801,777.9998779296875,-31.818408827641278
1771882424.171646,patch_rect,5.5398,122.03,0.06,0.015549933537840843,0.0022444305941462517,0.00426148995757103,4.398553371429443,6.427800178527832,412.0001792907715,-13.981420461329206
1771882478.0447507,patch_rect,4.9105,50.358,0.06,0.022321917116642,0.002306456910446286,0.005,4.396319389343262,5.884500026702881,446.0000991821289,-52.17141593996722
1771882526.359817,patch_rect,2.343,59.294,0.06,0.034009747207164764,0.0023265329655259848,0.0016233829082921147,4.399984836578369,3.1670000553131104,79.99992370605469,-34.821043467052505
1771882572.8538067,patch_rect,4.0117,97.921,0.06,0.025333311408758163,0.0023197978734970093,0.0030739614740014076,4.399147033691406,3.2177000045776367,305.9999942779541,-26.63992868214901
1771882621.9924905,patch_rect,4.2428,83.902,0.06,0.024646172299981117,0.002320587169378996,0.003915490582585335,4.3986077308654785,3.61680006980896,48.00009727478027,-10.543629582057683
1771882675.1985526,patch_rect,5.8668,84.661,0.06,0.014892101287841797,0.0022357183042913675,0.005,4.397655487060547,6.276800155639648,435.99987030029297,-14.349854247002035
1771882723.4486945,patch_rect,4.0485,50.0,0.06,0.028322536498308182,0.002338601276278496,0.005,4.396574020385742,4.57450008392334,176.00011825561523,-15.328285286070729
1771882771.3751094,patch_rect,4.562,95.91,0.06,0.02150358073413372,0.0023038589861243963,0.004141171928495169,4.3985209465026855,3.75600004196167,276.0000228881836,-19.015650890225928
1771882817.0356162,patch_rect,3.8568,94.494,0.06,0.02630726993083954,0.0023227876517921686,0.0028826699126511812,4.399258613586426,3.3368000984191895,177.99997329711914,-14.94574971906786
1771882867.251743,patch_rect,2.7508,70.328,0.06,0.030817557126283646,0.002323678694665432,0.0016357105923816562,4.399984836578369,3.166800022125244,92.00000762939453,-15.364829266408899
1771882915.977749,patch_rect,2.9969,117.917,0.06,0.026414113119244576,0.002299736486747861,0.0016313162632286549,4.399982452392578,2.3889000415802,220.0000286102295,-27.987640653083183
1771882964.2704437,patch_rect,2.9139,116.028,0.06,0.026837756857275963,0.002299798419699073,0.0016296394169330597,4.399982452392578,2.4758999347686768,180.00006675720215,-33.351729777138544
1771883016.642566,patch_rect,5.9647,92.861,0.06,0.014101430773735046,0.002222516806796193,0.005,4.39774227142334,6.414700031280518,470.0002670288086,-15.174124521748261
1771883116.1434474,patch_rect,5.4852,56.057,0.06,0.01855630613863468,0.002273611491546035,0.005,4.397305011749268,5.493199825286865,410.0003242492676,-33.155115079109734
1771883161.2087345,patch_rect,4.2732,120.352,0.06,0.022007012739777565,0.0023058883380144835,0.002918441081419587,4.399239540100098,3.957200050354004,206.00008964538574,-23.327737191209795
1771883213.2023385,patch_rect,6.0604,98.614,0.06,0.013498427346348763,0.0022144606336951256,0.005,4.397751331329346,6.688399791717529,648.0002403259277,-19.305114547654327
1771883262.2956536,patch_rect,2.7953,77.629,0.06,0.029996849596500397,0.0023197089321911335,0.0016352016245946288,4.399984359741211,2.3452999591827393,144.00005340576172,-15.46621877211
1771883312.7167604,patch_rect,4.2401,65.9,0.06,0.02589922770857811,0.0023279490415006876,0.004730488173663616,4.3973517417907715,3.4860999584198,84.0001106262207,-11.90997065011082
1771883361.2081401,patch_rect,4.5774,78.113,0.06,0.022537855431437492,0.0023100327234715223,0.004725380335003138,4.398116588592529,3.6333999633789062,212.00013160705566,-22.499140332273026
1771883412.6395717,patch_rect,5.1708,92.465,0.06,0.01912621594965458,0.0022776431869715452,0.004923446103930473,4.3980488777160645,5.4008002281188965,361.9999885559082,-26.764967213767733
1771883464.0765972,patch_rect,5.5204,52.002,0.06,0.0184413343667984,0.0022736950777471066,0.005,4.3972249031066895,5.656400203704834,443.9997673034668,-39.7097273672571
1771883520.7225425,patch_rect,6.5829,110.164,0.06,0.011770900338888168,0.0021843237336724997,0.005,4.394039630889893,6.776899814605713,548.0003356933594,-14.267824997297385
1771883572.9461176,patch_rect,5.7192,78.459,0.06,0.016039634123444557,0.0022517910692840815,0.005,4.397637367248535,6.105199813842773,579.9999237060547,-23.268892088339634
1771883626.1036265,patch_rect,6.736,53.611,0.06,0.01205863431096077,0.0021902660373598337,0.005,4.3894853591918945,7.038000106811523,1108.0002784729004,-47.85562568294266
1771883719.8993437,patch_rect,2.0326,81.567,0.06,0.03580666705965996,0.0023141729179769754,0.0016038283938542008,4.3999834060668945,2.668600082397461,82.0000171661377,-13.745896274709278
1771883776.6514184,patch_rect,6.2967,99.774,0.06,0.012769380584359169,0.0022014332935214043,0.005,4.397515773773193,6.560699939727783,472.0001220703125,-12.448708192885025
1771883831.875048,patch_rect,5.9036,123.952,0.06,0.013686967082321644,0.002216954017058015,0.005,4.398374557495117,4.903600215911865,167.9997444152832,-14.251179578611415
1771883880.5032597,patch_rect,3.4277,121.676,0.06,0.025248272344470024,0.002306134905666113,0.0016414227429777384,4.399981498718262,3.3057000637054443,96.00019454956055,-24.245983479126828
1771883978.4860191,patch_rect,5.8288,94.516,0.06,0.014792094007134438,0.002234505023807287,0.005,4.397876739501953,6.4608001708984375,506.0000419616699,-15.785787403346594
1771884027.3273537,patch_rect,2.4195,65.557,0.06,0.03310525417327881,0.0023233883548527956,0.0016251456690952182,4.399984836578369,3.257499933242798,90.00015258789062,-35.53907612395929
1771884121.593668,patch_rect,4.3353,51.612,0.06,0.026195542886853218,0.002331431722268462,0.005,4.396230697631836,4.615300178527832,181.99968338012695,-15.297007641295899
1771884171.783904,patch_rect,4.5791,60.581,0.06,0.023604687303304672,0.0023168292827904224,0.005,4.396844387054443,4.847099781036377,228.00016403198242,-17.07830170908483
1771884226.9794717,patch_rect,6.9961,91.09,0.06,0.010710176080465317,0.002168613951653242,0.005,4.384730339050293,7.28410005569458,1584.0001106262207,-21.863956243886737
1771884330.4968693,patch_rect,6.1091,119.091,0.06,0.013054129667580128,0.0022069395054131746,0.005,4.39806604385376,6.601099967956543,697.9999542236328,-20.028511253420636
1771884379.1553478,patch_rect,2.6848,115.245,0.06,0.0284092016518116,0.002294899895787239,0.0016240893164649606,4.399982452392578,3.2228000164031982,78.00006866455078,-11.59935421287086
1771884428.839114,patch_rect,4.624,50.479,0.06,0.02392636239528656,0.002318974584341049,0.005,4.396116256713867,4.943999767303467,240.00024795532227,-17.788892784519618
1771884478.6362116,patch_rect,2.4819,101.685,0.06,0.03051755391061306,0.002300625666975975,0.001619643997400999,4.399982452392578,3.2578999996185303,120.00012397766113,-16.436715906566672
1771884528.0053017,patch_rect,6.7177,51.145,0.06,0.01213056966662407,0.0021918031852692366,0.005,4.389838218688965,6.703700065612793,536.0002517700195,-13.352498683255975
1771884577.1304128,patch_rect,2.1997,95.496,0.06,0.03323419764637947,0.0023040890228003263,0.0016082838410511613,4.399982452392578,2.3436999320983887,55.9999942779541,-33.01427114193989
1771884632.7028427,patch_rect,6.1016,50.295,0.06,0.014493674971163273,0.0022297194227576256,0.005,4.396822929382324,6.287600040435791,180.00030517578125,-11.352461327930296
1771884688.61791,patch_rect,6.1929,64.895,0.06,0.013612289912998676,0.002215486951172352,0.005,4.397003173828125,6.416900157928467,236.00006103515625,-11.750477462777248
1771884737.5223053,patch_rect,4.6068,65.398,0.06,0.023124415427446365,0.00231381319463253,0.005,4.397201061248779,4.894800186157227,237.99991607666016,-17.594546800789875
1771884787.2403038,patch_rect,4.6603,52.342,0.06,0.02357044816017151,0.0023167580366134644,0.005,4.396259307861328,4.980299949645996,248.0001449584961,-18.14178282138464
1771884832.3696501,patch_rect,2.9275,58.108,0.06,0.03089207038283348,0.0023302012123167515,0.002035383367910981,4.399752616882324,2.9614999294281006,82.0000171661377,-26.918476903387525
1771884883.077871,patch_rect,6.708,64.926,0.06,0.011992312036454678,0.0021889402996748686,0.005,4.390340328216553,6.736000061035156,544.0001487731934,-13.66367452058883
1771884930.2254899,patch_rect,4.1356,87.414,0.06,0.025160692632198334,0.0023213729728013277,0.003593781962990761,4.398843288421631,3.415600061416626,319.99993324279785,-21.630912454736485
1771885028.3864977,patch_rect,5.6683,116.283,0.06,0.015123328194022179,0.002238007029518485,0.005,4.398406982421875,6.400300025939941,508.00037384033203,-16.458192446288763
1771885077.1646566,patch_rect,4.9049,122.57,0.06,0.018791697919368744,0.0022824243642389774,0.0037341518327593803,4.398752212524414,5.558899879455566,227.99968719482422,-14.432571738338098
1771885130.528785,patch_rect,6.307,63.793,0.06,0.013224583119153976,0.0022094242740422487,0.005,4.396859169006348,6.574999809265137,664.0000343322754,-19.16425585991822
1771885184.6130311,patch_rect,5.1148,72.192,0.06,0.020390339195728302,0.002288042102009058,0.005,4.397735118865967,6.114799976348877,493.9999580383301,-16.875103545893722
1771885233.6615703,patch_rect,3.4052,108.062,0.06,0.026066267862915993,0.0023122583515942097,0.0016443738713860512,4.39998197555542,2.5532000064849854,128.00002098083496,-22.964665212319684
1771885286.0069108,patch_rect,5.1438,68.4,0.06,0.02043832838535309,0.002287693088874221,0.005,4.3976521492004395,5.207799911499023,312.0002746582031,-22.16933809152803
1771885331.6376595,patch_rect,3.0953,66.568,0.06,0.029612088575959206,0.0023270281963050365,0.0020796165335923433,4.3997273445129395,2.3352999687194824,131.99996948242188,-14.72927158419033
1771885380.1930716,patch_rect,2.405,124.121,0.06,0.029967209324240685,0.002284775022417307,0.0016110633732751012,4.399982452392578,3.263000011444092,118.00003051757812,-14.583977493619003
1771885430.7955322,patch_rect,4.1488,61.648,0.06,0.026879116892814636,0.0023317267186939716,0.004760415758937597,4.397204399108887,3.426800012588501,85.99996566772461,-12.17906619171837
1771885484.2422607,patch_rect,5.9716,77.17,0.06,0.014504988677799702,0.0022291624918580055,0.005,4.3974289894104,6.347599983215332,432.00016021728516,-14.374565115309593
1771885533.2192547,patch_rect,2.8553,85.096,0.06,0.0291962418705225,0.0023161377757787704,0.0016350779915228486,4.399983882904053,2.357300043106079,55.9999942779541,-11.532404295407169
1771885579.0333397,patch_rect,4.1416,86.361,0.06,0.02519250474870205,0.0023216791450977325,0.0036357571370899677,4.398818492889404,3.3115999698638916,283.9999198913574,-20.039819768127476
1771885624.9392815,patch_rect,3.8038,98.563,0.06,0.02611289918422699,0.0023207049816846848,0.0026444962713867426,4.399397850036621,3.5697999000549316,23.999929428100586,-10.203882127969804
1771885681.563361,patch_rect,6.272,119.522,0.06,0.012575247325003147,0.0021980723831802607,0.005,4.397896766662598,6.6020002365112305,503.9997100830078,-12.698599024648338
1771885731.2850075,patch_rect,3.2767,93.677,0.06,0.027141418308019638,0.0023168702609837055,0.001644707634113729,4.399982452392578,2.4347000122070312,156.00013732910156,-32.819771987568096
1771885786.5973861,patch_rect,5.9373,78.747,0.06,0.014664203859865665,0.0022317550610750914,0.005,4.397486209869385,6.263299942016602,171.99993133544922,-11.310701908881954
1771885840.8905268,patch_rect,4.9696,58.278,0.06,0.021708572283387184,0.002300781663507223,0.005,4.396986961364746,5.969600200653076,458.00018310546875,-28.14332769829537
1771885893.6813214,patch_rect,6.0406,77.952,0.06,0.014071893878281116,0.0022220625542104244,0.005,4.397392272949219,6.420599937438965,478.0001640319824,-15.364845583631741
1771885944.761047,patch_rect,4.859,87.792,0.06,0.020736146718263626,0.0022958714980632067,0.004723642021417618,4.398175239562988,5.7230000495910645,242.00010299682617,-15.732422380496622
1771885989.9536173,patch_rect,4.2601,117.055,0.06,0.02230765111744404,0.0023074180353432894,0.0029862988740205765,4.399199962615967,3.800100088119507,199.99980926513672,-26.805149953157652
1771886046.486968,patch_rect,5.9863,59.679,0.06,0.014974395744502544,0.002236320171505213,0.005,4.397084712982178,6.224299907684326,157.99999237060547,-11.171146622842498
1771886096.1832945,patch_rect,2.7661,85.147,0.06,0.029681265354156494,0.0023156122770160437,0.0016326633049175143,4.399983882904053,2.346100091934204,109.9998950958252,-13.911987976851046
1771886144.5675957,patch_rect,3.3049,60.733,0.06,0.02928975783288479,0.0023302275221794844,0.0026786949019879103,4.39937686920166,3.1208999156951904,93.99986267089844,-13.362963902523626
1771886192.855285,patch_rect,3.843,60.41,0.06,0.028426574543118477,0.0023354794830083847,0.004138826392591,4.397871494293213,3.0969998836517334,31.999826431274414,-10.093062898147522
1771886246.2567344,patch_rect,6.6127,75.872,0.06,0.012140501290559769,0.0021910315845161676,0.005,4.392635345458984,6.834700107574463,1026.0000228881836,-33.0107593979169
1771886292.841259,patch_rect,3.2807,53.543,0.06,0.029862741008400917,0.0023329921532422304,0.0028592487797141075,4.399271011352539,3.066699981689453,121.99997901916504,-18.658422315666577
1771886347.798188,patch_rect,5.5675,67.912,0.06,0.017524780705571175,0.002264981158077717,0.005,4.3974738121032715,4.567500114440918,98.00004959106445,-16.15123083001029
1771886394.8932598,patch_rect,3.2889,50.43,0.06,0.030061114579439163,0.0023343211505562067,0.0029768128879368305,4.399202346801758,2.958899974822998,115.99993705749512,-22.904549673043697
1771886444.7018359,patch_rect,3.6019,105.295,0.06,0.025951461866497993,0.0023160746786743402,0.0019928142428398132,4.399779319763184,3.527899980545044,140.0001049041748,-16.019680715211802
1771886495.5332122,patch_rect,5.3515,98.78,0.06,0.017636721953749657,0.0022644614800810814,0.004825437907129526,4.398101329803467,5.813499927520752,743.9999580383301,-36.048338041227524
1771886544.5595245,patch_rect,3.4325,112.688,0.06,0.02575678564608097,0.002310548909008503,0.001643883646465838,4.39998197555542,3.30649995803833,110.0001335144043,-28.27796958748997
1771886593.2307527,patch_rect,2.4598,123.496,0.06,0.029599817469716072,0.0022856690920889378,0.001613548956811428,4.399982452392578,2.3457999229431152,95.99995613098145,-13.123476592748233
1771886644.4528332,patch_rect,3.5551,117.004,0.06,0.0253146979957819,0.002310794545337558,0.001645942684262991,4.399981498718262,3.217099905014038,85.99996566772461,-20.796498537447743
1771886695.3974118,patch_rect,4.3321,54.771,0.06,0.026004640385508537,0.002330229850485921,0.005,4.39645528793335,5.332099914550781,98.00004959106445,-14.180172389410979
1771886751.2121708,patch_rect,5.7132,68.917,0.06,0.016415564343333244,0.002257026033475995,0.005,4.397456169128418,6.069200038909912,141.9997215270996,-10.990155384629713
1771886799.908025,patch_rect,2.7261,100.01,0.06,0.029038546606898308,0.002305575180798769,0.0016283126315101981,4.399982929229736,3.1960999965667725,46.000003814697266,-10.632162698718917
1771886856.862154,patch_rect,6.3957,124.147,0.06,0.012152789160609245,0.0021903272718191147,0.005,4.3978447914123535,6.691699981689453,528.0003547668457,-13.354621942500845
1771886910.408298,patch_rect,6.5158,110.558,0.06,0.011973953805863857,0.0021875377278774977,0.005,4.395493984222412,6.879799842834473,1085.9999656677246,-39.773573545996676
1771886959.1747015,patch_rect,2.1527,85.856,0.06,0.03419860452413559,0.0023100744001567364,0.0016082323854789138,4.399982929229736,3.1526999473571777,23.999929428100586,-17.622863963653245
1771887008.2568595,patch_rect,4.8458,110.632,0.06,0.019686440005898476,0.0022887960076332092,0.004040550906211138,4.398574352264404,5.5258002281188965,256.0000419616699,-16.04965449282767
1771887054.8217785,patch_rect,4.1115,106.347,0.06,0.02398848719894886,0.0023143214639276266,0.0029933806508779526,4.399195194244385,3.561500072479248,200.00004768371582,-32.266559399879135
1771887150.5287814,patch_rect,4.6478,66.759,0.06,0.022767752408981323,0.0023116176016628742,0.005,4.397307395935059,4.93179988861084,247.9996681213379,-17.944595486797947
1771887199.836541,patch_rect,6.9782,104.451,0.06,0.010587107390165329,0.0021663091611117125,0.005,4.385465145111084,7.002200126647949,679.999828338623,-17.535364300241465
1771887251.1186714,patch_rect,2.859,95.482,0.06,0.02846381813287735,0.0023104913998395205,0.0016328132478520274,4.3999834060668945,3.2230000495910645,73.99988174438477,-11.436359719244763
1771887304.5861316,patch_rect,6.2254,93.2,0.06,0.013064948841929436,0.0022068307735025883,0.005,4.397475242614746,6.607399940490723,705.9998512268066,-20.18610840167558
1771887357.9149387,patch_rect,3.3834,87.698,0.06,0.027326339855790138,0.0023203277960419655,0.0020260384771972895,4.399759769439697,3.331399917602539,53.999900817871094,-10.953593084443696
1771887408.824981,patch_rect,5.3357,121.238,0.06,0.01656358689069748,0.0022583415266126394,0.004038652405142784,4.398561954498291,4.595699787139893,348.00004959106445,-23.925759840891693
1771887458.6522915,patch_rect,5.475,109.89,0.06,0.016340240836143494,0.0022529156412929296,0.004539446905255318,4.398312091827393,6.151000022888184,604.0000915527344,-22.183980631782507
1771887508.6309166,patch_rect,2.2364,103.536,0.06,0.032468561083078384,0.0022992549929767847,0.001608199207112193,4.39998197555542,3.1703999042510986,88.00005912780762,-23.911845671564325
1771887559.848936,patch_rect,5.5239,90.68,0.06,0.016870124265551567,0.002258292166516185,0.005,4.397912502288818,5.96589994430542,713.9997482299805,-24.92501833435486
1771887613.5343337,patch_rect,6.2716,72.537,0.06,0.013208961114287376,0.002209251979365945,0.005,4.397054672241211,6.577600002288818,667.9997444152832,-19.262555825996635
1771887706.9403124,patch_rect,3.2039,75.037,0.06,0.028572196140885353,0.0023237476125359535,0.0020137825049459934,4.399766445159912,3.4358999729156494,44.00014877319336,-11.005134570059383
1771887755.3894706,patch_rect,2.2621,62.005,0.06,0.03439809009432793,0.002323768800124526,0.001619366928935051,4.399984836578369,3.168100118637085,80.00016212463379,-50.21178142330224
1771887811.8821278,patch_rect,5.9311,84.34,0.06,0.014516855590045452,0.0022296514362096786,0.005,4.397599220275879,6.345099925994873,432.00016021728516,-14.362832965386536
1771887862.5920353,patch_rect,4.2296,62.318,0.06,0.0262263473123312,0.002329624257981777,0.0048735677264630795,4.397116184234619,3.4595999717712402,92.00000762939453,-12.336260968522822
1771887915.9057457,patch_rect,6.6195,96.826,0.06,0.011836996302008629,0.002185699762776494,0.005,4.3929548263549805,7.105500221252441,1154.0002822875977,-34.18153505126634
1771887964.7606351,patch_rect,4.102,57.772,0.06,0.027516474947333336,0.0023345809895545244,0.004872586112469435,4.397014141082764,4.639999866485596,170.0000762939453,-14.684779130050496
1771888011.4252977,patch_rect,4.1832,98.401,0.06,0.024051865562796593,0.002316174330189824,0.003359845606610179,4.398980617523193,3.19320011138916,94.00010108947754,-35.245545235384114
1771888064.8999224,patch_rect,5.3427,111.353,0.06,0.016950882971286774,0.0022615871857851744,0.004384256433695555,4.398359298706055,4.594699859619141,361.9999885559082,-20.062174026910448
1771888114.843285,patch_rect,2.3114,120.024,0.06,0.0310574471950531,0.0022883848287165165,0.0016075667226687074,4.399982452392578,2.345400094985962,67.99983978271484,-19.881148399190366
1771888164.5793948,patch_rect,2.4556,90.267,0.06,0.03139093518257141,0.0023076962679624557,0.0016210948815569282,4.3999834060668945,2.345599889755249,65.99998474121094,-21.01486198693499
1771888218.3722641,patch_rect,6.1124,72.114,0.06,0.013835521414875984,0.0022182948887348175,0.005,4.397220134735107,6.458399772644043,516.0002708435059,-16.098921529460966
1771888274.862832,patch_rect,6.1361,113.5,0.06,0.013050989247858524,0.0022068144753575325,0.005,4.3979363441467285,5.136099815368652,96.00019454956055,-12.680221292909348
1771888324.6082067,patch_rect,4.7178,86.625,0.06,0.02132195048034191,0.002301940694451332,0.004589719697833061,4.398256778717041,3.727799892425537,157.99999237060547,-17.113291816448353
1771888374.7866485,patch_rect,4.2757,67.714,0.06,0.025522932410240173,0.002326487097889185,0.0047189840115606785,4.3974223136901855,4.807700157165527,181.99968338012695,-14.490595013025873
1771888421.2721667,patch_rect,3.1605,57.341,0.06,0.030052248388528824,0.0023311448749154806,0.0025057236198335886,4.399477958679199,2.992500066757202,101.99999809265137,-23.79768465265517
1771888477.2152503,patch_rect,5.9869,115.307,0.06,0.013486375100910664,0.002214408479630947,0.005,4.398129940032959,4.9868998527526855,134.00030136108398,-13.530539910599872
1771888526.1385112,patch_rect,3.8934,53.191,0.06,0.028784500434994698,0.00233865762129426,0.004631456919014454,4.397180080413818,4.5553998947143555,128.00025939941406,-12.81167667677205
1771888576.863035,patch_rect,2.6124,98.52,0.06,0.029912307858467102,0.0023043504916131496,0.001625405508093536,4.399982929229736,2.344399929046631,131.99996948242188,-14.683742700701082
1771888632.3207848,patch_rect,5.5059,50.079,0.06,0.018621068447828293,0.002275147708132863,0.005,4.397197723388672,6.505899906158447,711.9998931884766,-15.733417478170661
1771888685.8278158,patch_rect,5.0112,107.992,0.06,0.019135745242238045,0.002281449967995286,0.00430315500125289,4.398416519165039,5.895199775695801,213.99974822998047,-15.151990680358328
1771888735.9208424,patch_rect,4.4521,80.494,0.06,0.023308785632252693,0.002314288867637515,0.0044519915245473385,4.398271560668945,3.5580999851226807,257.9998970031738,-27.44695587554192
1771888785.6392245,patch_rect,3.2408,109.26,0.06,0.026256918907165527,0.002308500465005636,0.0016397471772506833,4.39998197555542,3.2207999229431152,319.99993324279785,-26.33155099816783
1771888835.808671,patch_rect,4.6745,56.659,0.06,0.02321077324450016,0.0023144856095314026,0.005,4.396576881408691,4.886499881744385,235.99958419799805,-17.443929655001853
1771888892.8788536,patch_rect,6.2272,61.638,0.06,0.013523080386221409,0.0022143421228975058,0.005,4.396906852722168,6.43120002746582,245.99981307983398,-11.804630785409397
1771888942.581056,patch_rect,2.4402,100.269,0.06,0.030879797413945198,0.0023010566364973783,0.0016182360704988241,4.399982452392578,3.1682000160217285,94.00010108947754,-15.968546426217321
1771888995.9128885,patch_rect,6.4904,111.621,0.06,0.012038501910865307,0.002188536338508129,0.005,4.396064758300781,7.044400215148926,1026.0000228881836,-43.20865639739012
1771889052.889142,patch_rect,6.4574,58.364,0.06,0.012859586626291275,0.002202862873673439,0.005,4.395589828491211,6.543399810791016,429.99982833862305,-12.302055957721358
1771889109.3681438,patch_rect,6.6378,82.981,0.06,0.01196675281971693,0.002188099082559347,0.005,4.392252445220947,6.733799934387207,537.9996299743652,-13.764027528274855
1771889166.6551597,patch_rect,5.4273,69.876,0.06,0.018479691818356514,0.0022704589646309614,0.005,4.397557258605957,6.427299976348877,621.9997406005859,-13.189778337672827
1771889220.6123433,patch_rect,5.9349,94.526,0.06,0.014221278950572014,0.002224605530500412,0.005,4.397797107696533,6.396900177001953,455.99985122680664,-14.91325444002334
1771889270.9022923,patch_rect,4.723,52.359,0.06,0.023151716217398643,0.0023141817655414343,0.005,4.3962721824646,4.89300012588501,237.99991607666016,-17.617441817750038
1771889320.6230388,patch_rect,3.5201,112.655,0.06,0.025620365515351295,0.0023122241254895926,0.0016461614286527038,4.39998197555542,2.594099998474121,114.00008201599121,-20.025521717457014
1771889370.308374,patch_rect,2.1732,106.553,0.06,0.03300648555159569,0.0022981162182986736,0.0016047677490860224,4.39998197555542,3.1731998920440674,46.000003814697266,-27.319717419823185
1771889419.5810397,patch_rect,4.9296,101.731,0.06,0.019787102937698364,0.002287955954670906,0.004401559941470623,4.398361682891846,5.47760009765625,305.999755859375,-19.741711656361176
1771889468.760478,patch_rect,3.1614,104.869,0.06,0.026745572686195374,0.0023094071075320244,0.0016387042123824358,4.399982452392578,3.3173999786376953,278.0001163482666,-40.2374458446957
1771889526.0555663,patch_rect,6.2497,91.815,0.06,0.013013025745749474,0.002205852186307311,0.005,4.397424221038818,6.5177001953125,348.00004959106445,-12.19789834548716
1771889576.8288476,patch_rect,2.0907,99.312,0.06,0.03426239266991615,0.0023029071744531393,0.0016029815888032317,4.39998197555542,2.7827000617980957,75.99997520446777,-12.489711175218341
1771889629.2087986,patch_rect,5.5595,107.627,0.06,0.015996409580111504,0.0022490723058581352,0.004981244448572397,4.398256301879883,6.273499965667725,605.9999465942383,-25.425719658152836
1771889725.5417144,patch_rect,3.6314,109.01,0.06,0.025685027241706848,0.0023149934131652117,0.0019495680462568998,4.399804592132568,3.5734000205993652,125.99992752075195,-16.904450536228595
1771889775.205832,patch_rect,3.6452,122.458,0.06,0.024858329445123672,0.0023098725359886885,0.0016468609683215618,4.399981498718262,2.6731998920440674,79.99992370605469,-17.536373561055857
1771889828.9541776,patch_rect,6.3261,78.736,0.06,0.01296723447740078,0.0022048475220799446,0.005,4.397106647491455,6.630099773406982,733.9997291564941,-20.91521475262223
1771889883.9732654,patch_rect,6.0606,57.796,0.06,0.014572898857295513,0.0022299077827483416,0.005,4.396989822387695,6.336599826812744,432.00016021728516,-14.386743732934326
1771889938.1358109,patch_rect,6.0582,107.431,0.06,0.01335800439119339,0.0022124198731034994,0.005,4.397911548614502,6.540200233459473,624.000072479248,-18.265933207674315
1771889987.3103607,patch_rect,4.7051,109.233,0.06,0.020275205373764038,0.002294905949383974,0.003915335517376661,4.398650646209717,4.071100234985352,264.00017738342285,-14.902226971755844
1771890036.9419286,patch_rect,4.7534,52.752,0.06,0.02292507141828537,0.0023127819877117872,0.005,4.396306991577148,5.047399997711182,262.00008392333984,-18.86526784695076
1771890087.253243,patch_rect,3.78,97.228,0.06,0.026226598769426346,0.0023209613282233477,0.0026296053547412157,4.399406433105469,3.562000036239624,26.000022888183594,-10.234902808247359
1771890137.7568657,patch_rect,2.5602,63.914,0.06,0.032386910170316696,0.002326200483366847,0.0016309386119246483,4.399985313415527,2.3461999893188477,59.999942779541016,-25.93006875366948
1771890173.3213122,patch_rect,6.2699,118.029,0.06,0.012601449154317379,0.0021985399071127176,0.005,4.397872447967529,5.269899845123291,2000.0,-16.428318806883453
1771890223.0383596,patch_rect,2.4319,90.287,0.06,0.031544506549835205,0.0023073821794241667,0.0016200835816562176,4.3999834060668945,2.345900058746338,62.00003623962402,-21.885310295826944
1771890273.1934676,patch_rect,4.5185,113.232,0.06,0.020669657737016678,0.002298832405358553,0.0035689121577888727,4.3988566398620605,4.076499938964844,242.00010299682617,-16.269535685018873
1771890322.1347916,patch_rect,4.1269,73.052,0.06,0.02624250389635563,0.002327462425455451,0.0041802492924034595,4.398037433624268,4.656899929046631,43.999671936035156,-10.275401912373345
1771890368.6217864,patch_rect,3.7229,57.786,0.06,0.028770411387085915,0.0023353826254606247,0.003905051853507757,4.3981404304504395,2.974900007247925,171.99993133544922,-10.941480234948964
1771890401.968685,patch_rect,3.7518,99.566,0.06,0.026111923158168793,0.0023197848349809647,0.002497819485142827,4.399483680725098,2.751800060272217,2000.0,-26.74632503419557
1771890451.781062,patch_rect,2.6756,94.686,0.06,0.029797852039337158,0.0023077712394297123,0.0016281642019748688,4.3999834060668945,3.2636001110076904,104.00009155273438,-13.365562741042893
1771890502.2346659,patch_rect,2.7943,104.912,0.06,0.02816304750740528,0.0023040841333568096,0.0016289901686832309,4.399982929229736,3.234299898147583,105.99994659423828,-12.915690633965722
1771890560.4292815,patch_rect,6.1144,85.528,0.06,0.013524915091693401,0.002214703243225813,0.005,4.397458076477051,6.428400039672852,243.99995803833008,-11.84931887733849
1771890610.8013015,patch_rect,2.46,90.468,0.06,0.03134962171316147,0.0023076198995113373,0.0016212353948503733,4.3999834060668945,2.3459999561309814,65.99998474121094,-20.846006478655497
1771890657.8454766,patch_rect,3.9667,95.006,0.06,0.02582644484937191,0.002321807434782386,0.0030833648052066565,4.399141311645508,3.2386999130249023,232.00011253356934,-18.2011244268247
1771890707.3320806,patch_rect,4.1113,56.521,0.06,0.027532275766134262,0.002334871795028448,0.004948320798575878,4.39691162109375,4.513299942016602,157.99999237060547,-14.26677981724863
1771890758.3491583,patch_rect,4.6958,70.393,0.06,0.02222485840320587,0.0023082445841282606,0.005,4.397580146789551,4.991799831390381,257.9998970031738,-18.743406151590147
1771890808.6732013,patch_rect,4.7034,83.052,0.06,0.021550429984927177,0.0023035763297230005,0.004676232114434242,4.3982062339782715,5.219399929046631,267.99964904785156,-18.238257580206668
1771890858.9154491,patch_rect,2.3132,88.276,0.06,0.03245621919631958,0.0023073020856827497,0.0016155560733750463,4.399982929229736,2.3452000617980957,59.999942779541016,-26.910116145006985
1771890909.9963655,patch_rect,4.8431,63.505,0.06,0.021967126056551933,0.0023049702867865562,0.005,4.3971781730651855,5.155099868774414,283.9999198913574,-20.222616957798213
1771890963.8419776,patch_rect,6.2703,102.047,0.06,0.012815442867577076,0.002202313859015703,0.005,4.397585391998291,6.832300186157227,817.9998397827148,-24.556057745784035
1771891013.206171,patch_rect,4.1489,83.557,0.06,0.025335483253002167,0.002322620479390025,0.003738720901310444,4.398739814758301,3.578900098800659,21.999835968017578,-10.136487468850072
1771891065.1803179,patch_rect,5.1818,120.068,0.06,0.017451858147978783,0.0022683681454509497,0.004039638675749302,4.39856481552124,4.625800132751465,459.99956130981445,-17.734400990104444
1771891121.9162245,patch_rect,6.2294,97.888,0.06,0.012990218587219715,0.0022055020090192556,0.005,4.397554874420166,6.521399974822998,358.0002784729004,-12.222679785981256
1771891225.0450737,patch_rect,5.6385,102.739,0.06,0.015735145658254623,0.0022466101218014956,0.005,4.3981499671936035,6.30649995803833,578.0000686645508,-21.02539674040257
1771891281.098837,patch_rect,5.3902,65.662,0.06,0.018897563219070435,0.0022738974075764418,0.005,4.397503852844238,6.390200138092041,628.0002593994141,-14.726594876677572
1771891333.137569,patch_rect,2.3124,78.237,0.06,0.03307424113154411,0.0023137691896408796,0.0016177948564291,4.399983882904053,3.2583999633789062,93.99986267089844,-40.36969449731862
1771891384.7316232,patch_rect,5.1201,83.415,0.06,0.019813233986496925,0.0022837789729237556,0.005,4.397924423217773,5.434100151062012,352.00023651123047,-25.355967768964685
1771891436.6467154,patch_rect,5.0996,65.688,0.06,0.020782703533768654,0.0022912195418030024,0.005,4.397632598876953,5.163599967956543,302.0000457763672,-21.155071853204102
1771891485.9995885,patch_rect,2.2558,88.628,0.06,0.03300011157989502,0.0023075563367456198,0.0016127226408571005,4.399982929229736,3.2558000087738037,46.000003814697266,-30.587840119308755
1771891533.5147007,patch_rect,2.9421,52.234,0.06,0.03127991408109665,0.002332784468308091,0.0022566914558410645,4.399622917175293,2.156100034713745,75.99997520446777,-35.39271469533142
1771891589.908683,patch_rect,5.5703,67.989,0.06,0.017501285299658775,0.0022648319136351347,0.005,4.397474765777588,4.570300102233887,95.99971771240234,-16.229982212529936
1771891641.9141138,patch_rect,5.256,72.272,0.06,0.01964712329208851,0.0022795863915234804,0.005,4.397660255432129,5.460000038146973,360.0001335144043,-26.546540485979158
1771891693.6268811,patch_rect,2.1944,51.574,0.06,0.035565268248319626,0.0023303960915654898,0.0016185108106583357,4.399985313415527,3.1684000492095947,65.99998474121094,-33.64840604796517
1771891744.0700758,patch_rect,3.135,83.385,0.06,0.02819184772670269,0.0023198616690933704,0.001643418101593852,4.3999834060668945,3.234999895095825,103.99985313415527,-12.88571702398125
1771891794.5789857,patch_rect,3.2416,91.488,0.06,0.02737336792051792,0.002317406702786684,0.0016443009953945875,4.399982929229736,2.4235999584198,133.99982452392578,-20.75151894893539
1771891845.2860763,patch_rect,2.3242,123.815,0.06,0.030813252553343773,0.0022857123985886574,0.0016071009449660778,4.399982452392578,3.260200023651123,119.99988555908203,-18.54124052711054
1771891899.5636053,patch_rect,2.5102,81.803,0.06,0.03151955455541611,0.002313893521204591,0.0016252694185823202,4.399983882904053,3.1682000160217285,88.00005912780762,-18.06423220309767
1771891956.9403455,patch_rect,6.2995,69.606,0.06,0.013167399913072586,0.0022084468510001898,0.005,4.396971702575684,6.489500045776367,305.999755859375,-12.065227477246436
1771892010.3291368,patch_rect,5.8004,76.623,0.06,0.015574212186038494,0.0022457388695329428,0.005,4.397552013397217,6.330399990081787,567.9998397827148,-19.381024201820683
1771892060.6393442,patch_rect,4.0799,72.459,0.06,0.02665357105433941,0.002328921342268586,0.0041242679581046104,4.398073196411133,4.57390022277832,168.0002212524414,-13.674481195035401
1771892117.8421662,patch_rect,5.994,112.097,0.06,0.013522232882678509,0.0022148231510072947,0.005,4.398064613342285,4.99399995803833,119.99988555908203,-13.091252401233822
1771892168.8878896,patch_rect,2.4829,56.494,0.06,0.03327758610248566,0.0023300745524466038,0.0016298519913107157,4.399985313415527,2.344899892807007,55.9999942779541,-32.862043522235766
1771892222.2078288,patch_rect,5.9611,111.397,0.06,0.013692738488316536,0.002216892782598734,0.005,4.398087978363037,6.481100082397461,546.0000038146973,-16.70249645152786
1771892272.78921,patch_rect,2.6412,99.485,0.06,0.02970489300787449,0.0023040780797600746,0.0016261640703305602,4.399982929229736,3.265199899673462,99.99990463256836,-13.10035292868493
1771892321.9316454,patch_rect,3.6198,101.174,0.06,0.02617471106350422,0.0023178134579211473,0.002151007065549493,4.399686813354492,3.5797998905181885,31.999826431274414,-10.436682644233805
1771892374.4156694,patch_rect,5.0343,109.87,0.06,0.018890950828790665,0.002279576612636447,0.0042603048495948315,4.398440837860107,5.920300006866455,210.00003814697266,-15.11712866660412
1771892424.2601898,patch_rect,2.8569,84.236,0.06,0.029248951002955437,0.002316625090315938,0.001635317923501134,4.399983882904053,3.1888999938964844,52.00004577636719,-10.793025211898875
1771892475.0789027,patch_rect,4.393,103.452,0.06,0.02220342680811882,0.0023076231591403484,0.0036530178040266037,4.398808479309082,3.812999963760376,26.000022888183594,-10.133175059377567
1771892526.4204886,patch_rect,5.3827,117.902,0.06,0.0164671428501606,0.0022562260273844004,0.004162368830293417,4.398488521575928,6.370699882507324,489.99977111816406,-25.36590561156586
1771892576.2865047,patch_rect,2.834,96.72,0.06,0.02847827970981598,0.0023095374926924706,0.0016318707494065166,4.3999834060668945,3.2219998836517334,72.00002670288086,-11.37760060245067
1771892630.201601,patch_rect,6.3553,124.84,0.06,0.01226133480668068,0.002192331477999687,0.005,4.39790153503418,6.799300193786621,977.9996871948242,-30.271855005464303
1771892677.4228885,patch_rect,3.4227,52.919,0.06,0.029535967856645584,0.002334201941266656,0.003216087818145752,4.398986339569092,3.060699939727783,210.00003814697266,-15.827963301381981
1771892727.6647205,patch_rect,2.9217,102.891,0.06,0.02769748866558075,0.0023071286268532276,0.0016328077763319016,4.399982929229736,3.2476999759674072,153.99980545043945,-17.73769774210111
1771892778.0508032,patch_rect,4.6723,84.646,0.06,0.021589012816548347,0.002304037567228079,0.004592372104525566,4.398255825042725,3.6882998943328857,157.99999237060547,-19.38995343077995
1771892828.1147044,patch_rect,2.5025,51.36,0.06,0.03352051600813866,0.002333687385544181,0.001631641061976552,4.3999857902526855,3.256500005722046,88.00005912780762,-43.83074266505682
1771892881.0708048,patch_rect,5.5268,124.125,0.06,0.015536896884441376,0.002244328148663044,0.0041152965277433395,4.3985981941223145,6.2708001136779785,203.99999618530273,-16.28581817899822
1771892931.814467,patch_rect,2.215,104.441,0.06,0.03264429420232773,0.002298956736922264,0.0016069163102656603,4.39998197555542,3.1710000038146973,88.00005912780762,-25.11343230244083
1771892980.83167,patch_rect,2.7389,117.064,0.06,0.027894215658307076,0.0022947657853364944,0.0016249127220362425,4.399982452392578,3.330899953842163,151.99995040893555,-16.45680854126499
1771893031.7254272,patch_rect,4.7429,84.455,0.06,0.02133401855826378,0.002301850588992238,0.004682907834649086,4.3982014656066895,5.244900226593018,278.0003547668457,-18.70632011466708
1771893089.4258099,patch_rect,6.1182,94.056,0.06,0.013364744372665882,0.002212395193055272,0.005,4.39760684967041,6.45419979095459,266.00027084350586,-11.960005723358014
1771893136.5927134,patch_rect,4.4682,119.823,0.06,0.02054811269044876,0.002298109233379364,0.0033181491307914257,4.399003982543945,4.018199920654297,220.0000286102295,-17.191022865847906
1771893191.4811327,patch_rect,6.2397,103.926,0.06,0.012879014015197754,0.002203514100983739,0.005,4.3976521492004395,6.817699909210205,789.9999618530273,-23.832066705435594
1771893242.3137596,patch_rect,6.9621,61.233,0.06,0.011226204223930836,0.0021773865446448326,0.005,4.384797096252441,6.890100002288818,596.0001945495605,-15.844873376200342
1771893299.0203898,patch_rect,6.0085,115.777,0.06,0.013388969004154205,0.002213082043454051,0.005,4.3981146812438965,5.008500099182129,135.9996795654297,-13.671668768722592
1771893354.638924,patch_rect,6.8085,103.943,0.06,0.011139484122395515,0.002174735302105546,0.005,4.389047622680664,7.142499923706055,1415.9998893737793,-25.80903941478271
1771893401.4564264,patch_rect,3.605,100.382,0.06,0.026243669912219048,0.0023179531563073397,0.0021416968666017056,4.399692058563232,3.5769999027252197,33.99991989135742,-10.437342242997305
1771893456.3181584,patch_rect,4.9663,80.287,0.06,0.02066887728869915,0.002293352037668228,0.005,4.397969722747803,5.720300197601318,369.99988555908203,-14.962822106032366
1771893507.084288,patch_rect,6.6907,88.596,0.06,0.011726468801498413,0.002184152603149414,0.005,4.391238212585449,6.7866997718811035,553.9999008178711,-14.286383539290854
1771893556.110041,patch_rect,4.581,103.259,0.06,0.02097964845597744,0.0023005336988717318,0.00393946748226881,4.398638725280762,3.9509999752044678,267.99988746643066,-16.68036944481947
1771893609.628837,patch_rect,5.9667,90.952,0.06,0.01413993164896965,0.002223195740953088,0.005,4.397703170776367,6.576700210571289,533.9999198913574,-16.436378226350556
1771893656.2491188,patch_rect,3.6643,111.11,0.06,0.0255112424492836,0.0023145554587244987,0.001960448222234845,4.399798393249512,3.5943000316619873,125.99992752075195,-17.538099216993263
1771893705.3161192,patch_rect,3.5343,56.528,0.06,0.02909546159207821,0.0023338478058576584,0.0033852921333163977,4.398797035217285,4.348299980163574,108.00027847290039,-11.726999915900244
1771893757.102129,patch_rect,2.0811,84.782,0.06,0.035075023770332336,0.0023116236552596092,0.001605257042683661,4.399982929229736,2.341099977493286,52.00004577636719,-30.193279475665904
1771893808.596526,patch_rect,4.663,75.269,0.06,0.022142775356769562,0.002307677874341607,0.004914592951536179,4.397926330566406,3.6670000553131104,163.9997959136963,-20.770456191937868
1771893859.8763075,patch_rect,2.2342,115.743,0.06,0.0319969467818737,0.002291944809257984,0.0016051160637289286,4.39998197555542,2.3461999893188477,60.00018119812012,-24.346633810239933
1771893895.3359592,patch_rect,5.3915,69.816,0.06,0.018739692866802216,0.0022721041459590197,0.005,4.397571563720703,4.391499996185303,2000.0,-18.521409968718785
1771893951.4544423,patch_rect,6.4358,88.674,0.06,0.01251297164708376,0.0021966954227536917,0.005,4.396729469299316,6.91379976272583,951.9996643066406,-30.040391106133576
1771893997.9814556,patch_rect,2.9716,58.224,0.06,0.030716076493263245,0.002330285031348467,0.00211672717705369,4.399704933166504,2.969599962234497,86.00020408630371,-33.33720643124017
1771894052.6527526,patch_rect,6.6415,96.76,0.06,0.011769567616283894,0.0021846310701221228,0.005,4.392479419708252,7.127500057220459,1170.0000762939453,-31.83198007211303
1771894101.8691716,patch_rect,4.8811,111.628,0.06,0.019508488476276398,0.0022868714295327663,0.004052706994116306,4.398566246032715,5.55109977722168,268.00012588500977,-16.590011596749825
1771894154.728255,patch_rect,5.1787,55.201,0.06,0.020806798711419106,0.0022908789105713367,0.005,4.397217273712158,5.160699844360352,300.0001907348633,-21.31411728402683
1771894207.0072308,patch_rect,5.3883,76.338,0.06,0.01852996088564396,0.0022695274092257023,0.005,4.397680282592773,5.634300231933594,426.00011825561523,-35.47118961631368
1771894258.2287562,patch_rect,4.2599,82.123,0.06,0.02465491183102131,0.002320960396900773,0.004034247249364853,4.398452281951904,3.6038999557495117,54.000139236450195,-10.697233820636114
1771894361.2638123,patch_rect,4.0096,118.944,0.06,0.023839449509978294,0.0023111586924642324,0.0024332450702786446,4.39952278137207,3.649600028991699,156.00013732910156,-26.87503806092478
1771894419.9524515,patch_rect,4.3109,102.759,0.06,0.02289731800556183,0.0023113428615033627,0.003501563100144267,4.398898124694824,3.764899969100952,22.00007438659668,-10.117446447017924
1771894484.9166074,patch_rect,6.6401,100.241,0.06,0.011727008037269115,0.0021838699467480183,0.005,4.392586708068848,6.954100131988525,1184.000015258789,-42.17396900519269
1771894539.154455,patch_rect,5.8772,54.469,0.06,0.01571476086974144,0.0022499384358525276,0.005,4.397088527679443,6.143199920654297,541.9998168945312,-18.411578687505113
1771894607.0178344,patch_rect,3.3475,70.202,0.06,0.028548505157232285,0.002326847054064274,0.002469936152920127,4.399499416351318,3.4135000705718994,39.999961853027344,-10.750494644795374
1771894726.217632,patch_rect,6.3758,122.826,0.06,0.012228644452989101,0.0021917091216892004,0.005,4.397842884063721,6.673799991607666,523.9996910095215,-13.20561014939954
1771894833.4326053,patch_rect,3.8404,91.277,0.06,0.026531493291258812,0.0023238284047693014,0.0029392747674137354,4.399225234985352,4.756400108337402,184.00001525878906,-11.478974956950385
1771894943.8714375,patch_rect,4.5462,116.82,0.06,0.020407212898135185,0.00229683518409729,0.0034966766834259033,4.398898124694824,4.640200138092041,64.00012969970703,-11.388935098870975
1771895054.5693781,patch_rect,6.9449,69.95,0.06,0.011161901988089085,0.00217615207657218,0.005,4.385361194610596,6.900899887084961,601.9997596740723,-16.034545010420665
1771895162.628809,patch_rect,3.3512,50.848,0.06,0.02984480746090412,0.002334452234208584,0.0030972533859312534,4.399125576019287,2.9691998958587646,125.99992752075195,-19.329089016621573
1771895277.7994287,patch_rect,6.9521,80.721,0.06,0.010992661118507385,0.002173235872760415,0.005,4.385446071624756,7.196100234985352,1467.9999351501465,-24.296419606906777
1771895391.8197632,patch_rect,6.1709,117.096,0.06,0.012901512905955315,0.0022040882613509893,0.005,4.397963047027588,6.636899948120117,743.9999580383301,-21.21877447772804
1771895498.9848175,patch_rect,3.8149,97.867,0.06,0.026143766939640045,0.0023210833314806223,0.0026898395735770464,4.399371147155762,3.3169000148773193,213.99998664855957,-18.634777993223054
1771895609.5212064,patch_rect,2.7363,69.808,0.06,0.030951054766774178,0.0023239695001393557,0.00163543492089957,4.399984836578369,3.2562999725341797,108.00004005432129,-17.95470864265885
1771895720.3432598,patch_rect,3.0582,89.959,0.06,0.02804156206548214,0.0023156115785241127,0.0016395821003243327,4.399982929229736,2.4001998901367188,65.99998474121094,-12.049994727095994
1771895833.6400332,patch_rect,5.427,87.92,0.06,0.01775321736931801,0.002263294067233801,0.005,4.397868633270264,5.629000186920166,777.9998779296875,-44.248591085236264
1771895943.939865,patch_rect,3.9492,84.959,0.06,0.02657654508948326,0.002325932728126645,0.0033457274548709393,4.398987293243408,4.659200191497803,179.99982833862305,-13.230427107291899
1771896055.5392554,patch_rect,3.2613,96.722,0.06,0.026992889121174812,0.0023151119239628315,0.0016435097204521298,4.399982452392578,2.4532999992370605,170.0000762939453,-35.62275619186956
1771896165.3816173,patch_rect,2.486,112.133,0.06,0.029880980029702187,0.002294206526130438,0.0016176155768334866,4.39998197555542,3.2639999389648438,109.9998950958252,-13.968348824036315
1771896388.5516605,patch_rect,6.5492,114.562,0.06,0.011816277168691158,0.0021849365439265966,0.005,4.394863128662109,6.92519998550415,1153.9998054504395,-58.84277877326687
1771896496.2704341,patch_rect,3.052,65.065,0.06,0.029892077669501305,0.002327556489035487,0.0020463464315980673,4.399746894836426,2.3380000591278076,154.00004386901855,-16.180200573758267
1771896606.5666401,patch_rect,2.7735,115.603,0.06,0.027681365609169006,0.0022966251708567142,0.0016261477721855044,4.399982452392578,3.3355000019073486,171.99993133544922,-19.323528218430674
1771896720.7318847,patch_rect,5.7203,88.9,0.06,0.015658510848879814,0.002246689749881625,0.005,4.397843360900879,6.318299770355225,575.9997367858887,-20.3811639444355
1771896830.969999,patch_rect,4.8654,100.389,0.06,0.020097069442272186,0.0022913338616490364,0.004364651627838612,4.3983845710754395,5.437399864196777,288.00010681152344,-18.48220310014652
1771896941.2631996,patch_rect,3.0286,119.956,0.06,0.026225293055176735,0.002299141837283969,0.0016315961256623268,4.399982452392578,3.220599889755249,322.00002670288086,-25.75483894910827
1771897158.7602699,patch_rect,2.2823,100.251,0.06,0.032155465334653854,0.002300645224750042,0.0016112732701003551,4.399982452392578,3.2583000659942627,75.99997520446777,-28.368088718587323
1771897273.7856305,patch_rect,6.9256,55.375,0.06,0.01142453495413065,0.0021805681753903627,0.005,4.38545036315918,7.051599979400635,1309.999942779541,-30.745160991452046
1771897384.5085819,patch_rect,4.7666,87.697,0.06,0.0210869163274765,0.0023000233341008425,0.004617233294993639,4.398239612579346,5.282599925994873,277.9998779296875,-18.616962789847683
1771897499.6838038,patch_rect,6.6386,98.883,0.06,0.011749961413443089,0.0021842678543180227,0.005,4.392589092254639,7.132599830627441,1167.9997444152832,-31.37194116671338
1771897610.546997,patch_rect,2.1348,77.055,0.06,0.03485633805394173,0.0023155438248068094,0.0016093890881165862,4.3999834060668945,2.3427999019622803,53.999900817871094,-32.39642439884034
1771897729.0398226,patch_rect,6.4096,110.621,0.06,0.012294350191950798,0.002192793181166053,0.005,4.397586822509766,6.659599781036377,521.9998359680176,-13.083235714174897
1771897844.482886,patch_rect,6.7043,93.057,0.06,0.011622225865721703,0.002182425232604146,0.005,4.391045093536377,7.174300193786621,1231.9998741149902,-28.996779211387775
1771897962.7491233,patch_rect,6.151,103.278,0.06,0.013145334087312222,0.0022084403317421675,0.005,4.3977370262146,6.493000030517578,306.0002326965332,-12.121265025339918
1771898070.699854,patch_rect,3.718,97.475,0.06,0.02628580667078495,0.002320222556591034,0.0024823499843478203,4.3994927406311035,3.552000045776367,27.9998779296875,-10.299300761758337
1771898186.0269983,patch_rect,6.2014,71.949,0.06,0.013420747593045235,0.0022131686564534903,0.005,4.397119998931885,6.529399871826172,608.0002784729004,-17.896505041203646
1771898292.747707,patch_rect,3.1736,55.419,0.06,0.030145686119794846,0.00233199680224061,0.0025936178863048553,4.399426460266113,2.97760009765625,104.00009155273438,-25.966958074872007
1771898403.8967776,patch_rect,4.5044,50.299,0.06,0.02488754689693451,0.0023243946488946676,0.005,4.396120548248291,4.850399971008301,220.0002670288086,-16.990143851049197
1771898517.9463987,patch_rect,5.9384,105.776,0.06,0.01392078585922718,0.002219635993242264,0.005,4.398011684417725,6.6143999099731445,558.0000877380371,-17.23340323021236
1771898569.2547681,patch_rect,2.9529,104.424,0.06,0.02746560052037239,0.0023066364228725433,0.0016332888044416904,4.399982452392578,3.2509000301361084,179.99982833862305,-22.030237763748396
1771898620.1270804,patch_rect,4.726,73.428,0.06,0.02193465828895569,0.002306107198819518,0.005,4.397806167602539,5.156000137329102,286.00025177001953,-20.10629119405428
1771898675.4572444,patch_rect,6.5533,57.016,0.06,0.012581518851220608,0.002198458183556795,0.005,4.393494129180908,6.719299793243408,861.9999885559082,-24.701841973168698
1771898730.822767,patch_rect,6.318,73.254,0.06,0.013064558617770672,0.0022065851371735334,0.005,4.397017002105713,6.776000022888184,754.000186920166,-22.086022339332388
1771898779.4192677,patch_rect,4.0416,111.834,0.06,0.024105431511998177,0.0023133817594498396,0.002703523263335228,4.399364471435547,3.665600061416626,181.99992179870605,-27.9225384174123
1771898829.8875234,patch_rect,3.2673,100.795,0.06,0.026721179485321045,0.0023131724447011948,0.0016426368383690715,4.399982452392578,2.489300012588501,194.0000057220459,-27.444786299691224
1771898931.365687,patch_rect,4.6036,92.706,0.06,0.021459177136421204,0.0023035674821585417,0.004276352468878031,4.398441791534424,3.7455999851226807,279.9999713897705,-18.17256633945088
1771898983.413958,patch_rect,5.0922,84.91,0.06,0.019873054698109627,0.0022848746739327908,0.005,4.3979668617248535,5.426199913024902,349.99990463256836,-25.194453789071325
1771899034.5786097,patch_rect,6.7212,85.341,0.06,0.01167253591120243,0.002183434786275029,0.005,4.390510559082031,6.805200099945068,561.9997978210449,-14.507447948820616
1771899088.1535301,patch_rect,5.4386,69.909,0.06,0.018397128209471703,0.002269933931529522,0.005,4.397552967071533,5.520599842071533,425.99964141845703,-35.73741012698859
1771899135.7865264,patch_rect,3.1836,65.347,0.06,0.029362117871642113,0.002327775117009878,0.0022876218426972628,4.399605751037598,2.3315999507904053,118.00003051757812,-13.497054094919804
1771899191.834647,patch_rect,5.8344,124.569,0.06,0.013989347033202648,0.0022206204012036324,0.005,4.39846134185791,6.4344000816345215,484.00020599365234,-15.556897568724704
1771899246.6832743,patch_rect,6.82,114.507,0.06,0.01095921453088522,0.002171657979488373,0.005,4.389035224914551,7.202000141143799,1493.99995803833,-23.992499056625462
1771899301.7551608,patch_rect,6.7429,84.513,0.06,0.011613979935646057,0.0021825700532644987,0.005,4.390026092529297,7.172900199890137,1269.9999809265137,-28.936647170231634
1771899351.6509073,patch_rect,2.1531,98.027,0.06,0.033609841018915176,0.002303081564605236,0.0016056147869676352,4.399982452392578,3.15310001373291,23.999929428100586,-16.72753454793263
1771899400.0667038,patch_rect,3.7328,55.149,0.06,0.028916984796524048,0.0023364899680018425,0.004060317762196064,4.397919178009033,2.9567999839782715,216.00008010864258,-11.781989835667837
1771899518.1736763,patch_rect,5.8097,78.243,0.06,0.015461636707186699,0.002244113013148308,0.005,4.397576332092285,6.167699813842773,147.99976348876953,-11.083419561449816
1771899574.8068295,patch_rect,6.1071,98.246,0.06,0.013340571895241737,0.0022119972854852676,0.005,4.397694110870361,6.717100143432617,684.0000152587891,-20.175067173138853
1771899666.4847386,patch_rect,3.3431,104.708,0.06,0.026357043534517288,0.002312685130164027,0.0016436240402981639,4.39998197555542,3.3111000061035156,322.00002670288086,-36.10260083081837
1771899717.914456,patch_rect,2.1918,53.272,0.06,0.035501837730407715,0.002329379552975297,0.001618015579879284,4.399985313415527,2.6898000240325928,79.99992370605469,-13.59515682365142
1771899778.5876203,patch_rect,6.3377,56.524,0.06,0.0132350604981184,0.002209501340985298,0.005,4.396694660186768,6.477700233459473,285.9997749328613,-11.971313584912851
1771899839.1747327,patch_rect,6.661,119.918,0.06,0.011396925896406174,0.0021781479008495808,0.005,4.392573833465576,7.052999973297119,1309.999942779541,-29.649276277002787
1771899894.0171657,patch_rect,6.3024,56.275,0.06,0.013352721929550171,0.00221152207814157,0.005,4.396728992462158,6.5503997802734375,631.9999694824219,-18.436874853732753
1771899949.4055152,patch_rect,6.7864,77.024,0.06,0.011575666256248951,0.002182224066928029,0.005,4.388924598693848,7.00439977645874,1244.0004348754883,-34.3117015790887
1771900003.0459166,patch_rect,5.3801,66.543,0.06,0.018938612192869186,0.0022739856503903866,0.005,4.397522926330566,5.5680999755859375,395.9999084472656,-30.86647546930969
1771900054.7819638,patch_rect,2.7288,110.281,0.06,0.028346367180347443,0.0022991138976067305,0.0016262581339105964,4.399982452392578,3.226799964904785,85.99996566772461,-11.876086464485173
1771900112.5434294,patch_rect,6.2676,123.326,0.06,0.012536809779703617,0.0021974057890474796,0.005,4.397969722747803,6.897600173950195,808.0000877380371,-29.18914883771684
1771900166.4749393,patch_rect,4.5989,93.459,0.06,0.021438904106616974,0.00230345013551414,0.0042490288615226746,4.3984575271606445,3.8548998832702637,84.0001106262207,-11.22781965472537
1771900216.8675573,patch_rect,3.4573,124.602,0.06,0.025035377591848373,0.00230530952103436,0.001641437760554254,4.399981498718262,3.305299997329712,93.99986267089844,-23.116502372197264
1771900267.9479208,patch_rect,2.7124,109.097,0.06,0.028555991128087044,0.0022994696628302336,0.0016260953852906823,4.399982452392578,3.3064000606536865,92.00000762939453,-12.306319513241544
1771900322.5824938,patch_rect,5.8188,83.17,0.06,0.01523500680923462,0.002240894129499793,0.005,4.397664546966553,6.216800212860107,472.0001220703125,-15.202309769575796
1771900379.6978786,patch_rect,6.3816,68.431,0.06,0.012944088317453861,0.002204315038397908,0.005,4.396860599517822,6.6356000900268555,743.9999580383301,-21.091271413456152
1771900426.7491643,patch_rect,3.1854,56.758,0.06,0.029999516904354095,0.0023314515128731728,0.002572266384959221,4.399438858032227,2.9914000034332275,105.99994659423828,-22.538310436670486
1771900479.7230933,patch_rect,2.4444,66.463,0.06,0.03288015350699425,0.0023231101222336292,0.0016259928233921528,4.399984836578369,2.344399929046631,57.99984931945801,-29.526208940469015
1771900531.4634147,patch_rect,4.9283,100.468,0.06,0.019852979108691216,0.002288436284288764,0.00443680165335536,4.398340702056885,5.322299957275391,282.0000648498535,-18.354845414559104
1771900579.5007775,patch_rect,4.1303,112.586,0.06,0.02342648059129715,0.002311534248292446,0.002848912263289094,4.399280071258545,3.7562999725341797,194.0000057220459,-52.03445326864965
1771900630.969287,patch_rect,2.5706,110.557,0.06,0.02940424531698227,0.0022960714995861053,0.001621411181986332,4.399982452392578,2.350600004196167,71.99978828430176,-12.210908607102164
1771900688.7133913,patch_rect,5.8592,63.065,0.06,0.015642911195755005,0.002247138414531946,0.005,4.397251129150391,6.145199775695801,144.00005340576172,-11.02624486598806
1771900745.2150903,patch_rect,6.9796,122.252,0.06,0.010342763736844063,0.0021619994658976793,0.005,4.386061668395996,7.639599800109863,1440.000057220459,-18.143507715263173
1771900796.8523953,patch_rect,3.1528,84.607,0.06,0.028043607249855995,0.0023194248788058758,0.0016436134465038776,4.3999834060668945,2.4007999897003174,64.00012969970703,-11.94206642960393
1771900845.366205,patch_rect,3.8836,96.042,0.06,0.02617325820028782,0.002322443062439561,0.0028978497721254826,4.39924955368042,3.3315999507904053,201.99990272521973,-16.379951788282174
1771900907.6979868,patch_rect,5.9769,105.683,0.06,0.013742822222411633,0.0022174501791596413,0.005,4.397968292236328,4.976900100708008,85.99996566772461,-11.952383612079565
1771900958.4092138,patch_rect,2.4307,92.536,0.06,0.03141241893172264,0.0023058911319822073,0.0016195124480873346,4.399982929229736,2.3466999530792236,63.99989128112793,-21.263886505237704
1771901226.5735354,patch_rect,2.4,50.0,0.06,0.034201715141534805,0.0023333686403930187,0.001627869438380003,4.3999857902526855,2.3440001010894775,53.999900817871094,-42.41028875516828
1771901380.0070145,patch_rect,5.2,50.0,0.06,0.020896470174193382,0.0022918381728231907,0.005,4.396880626678467,6.1479997634887695,619.999885559082,-26.02230693377861
1771901468.667683,patch_rect,2.4,50.0,0.06,0.034201715141534805,0.0023333686403930187,0.001627869438380003,4.3999857902526855,2.3440001010894775,53.999900817871094,-42.41028875516828
1771902408.5065796,patch_rect,2.4,50.0,0.06,0.034201715141534805,0.0023333686403930187,0.001627869438380003,4.3999857902526855,2.3440001010894775,53.999900817871094,-42.410255414360705
1771902454.4452841,patch_rect,2.4,50.0,0.06,0.033535048474868136,0.0022000353070596853,0.0012945361050466697,4.3999857902526855,2.3580000400543213,52.00004577636719,-43.99875916928363
1771902493.6821177,patch_rect,2.4,50.0,0.06,0.033535048474868136,0.0022000353070596853,0.0012945361050466697,4.3999857902526855,2.3580000400543213,52.00004577636719,-43.99894663655313
1771902938.3650613,patch_rect,2.4,50.0,0.06,0.034201715141534805,0.0023333686403930187,0.001627869438380003,4.3999857902526855,2.3440001010894775,53.999900817871094,-42.410482425523895
1771902983.4121764,patch_rect,2.4,50.0,0.06,0.033535048474868136,0.0022000353070596853,0.0012945361050466697,4.3999857902526855,2.3580000400543213,52.00004577636719,-43.99894663655313
1771903028.4074242,patch_rect,2.4,50.0,0.06,0.033090604030423694,0.0021111464181707965,0.0010723138828244475,4.3999857902526855,2.3580000400543213,49.99995231628418,-41.43718251056833
1771903074.4271932,patch_rect,2.4,50.0,0.06,0.0327943077341274,0.0021111464181707965,0.0010723138828244475,4.3999857902526855,2.3580000400543213,49.99995231628418,-37.09263502376187
1771903120.2105553,patch_rect,2.4,50.0,0.06,0.032596776869929865,0.0021111464181707965,0.0010723138828244475,4.3999857902526855,2.3580000400543213,49.99995231628418,-34.13232719181132
1771903167.7888985,patch_rect,2.4,50.0,0.06,0.03246508962713151,0.0021111464181707965,0.0010723138828244475,4.3999857902526855,2.359999895095825,49.99995231628418,-32.51238824213723
1771903212.5949476,patch_rect,2.4,50.0,0.06,0.032365089627131506,0.0021111464181707965,0.0010723138828244475,4.3999857902526855,2.359999895095825,52.00004577636719,-31.608480374729083
1771903259.7882576,patch_rect,2.4,50.0,0.06,0.0322650896271315,0.002051887158911537,0.0009241657346762994,4.3999857902526855,2.365999937057495,49.99995231628418,-35.53628772575675
1771903306.8372757,patch_rect,2.4,50.0,0.06,0.0321650896271315,0.002051887158911537,0.0009241657346762994,4.3999857902526855,2.365999937057495,49.99995231628418,-33.73044606301316
1771903352.6841345,patch_rect,2.4,50.0,0.06,0.0320650896271315,0.002051887158911537,0.0009241657346762994,4.3999857902526855,2.368000030517578,49.99995231628418,-32.31633809038408
1771903396.0567093,patch_rect,2.4,50.0,0.06,0.033535048474868136,0.0022000353070596853,0.0012945361050466697,4.3999857902526855,2.3580000400543213,52.00004577636719,-43.99875916928363
1771922996.3666952,patch_rect,5.3842,93.315,0.06,0.017733538523316383,0.00226398091763258,0.005,4.397984981536865,4.564199924468994,211.99989318847656,-14.83766623333709
1771923045.630267,patch_rect,5.3842,93.315,0.06,0.017066871856649717,0.0021306475842992464,0.004666666666666667,4.397984981536865,4.582200050354004,309.999942779541,-18.260412462322087
1771923092.150566,patch_rect,5.3842,93.315,0.06,0.016622427412205272,0.0020417586954103576,0.0044444444444444444,4.397984981536865,4.584199905395508,329.9999237060547,-22.184559847818292
1771923139.1068842,patch_rect,5.3842,93.315,0.06,0.016326131115908974,0.0019824994361510983,0.004296296296296296,4.397984981536865,4.560200214385986,343.99986267089844,-26.990841243840308
1771923185.582309,patch_rect,5.3842,93.315,0.06,0.016128600251711443,0.0019324994361510984,0.004196296296296296,4.397984981536865,4.56220006942749,329.9999237060547,-24.045829024101106
1771923232.92873,patch_rect,5.3842,93.315,0.06,0.01599691300891309,0.0018824994361510985,0.004096296296296296,4.397984981536865,4.584199905395508,302.0000457763672,-19.62875061502547
1771923279.4346519,patch_rect,5.3842,93.315,0.06,0.01589691300891309,0.0018324994361510985,0.0039962962962962955,4.397984981536865,4.598199844360352,282.0000648498535,-17.631351441545846
1771923325.217767,patch_rect,5.3842,93.315,0.06,0.01579691300891309,0.0017824994361510986,0.0038962962962962957,4.397984981536865,6.264200210571289,196.0000991821289,-16.563281466477765
1771923372.313814,patch_rect,5.3842,93.315,0.06,0.01589691300891309,0.0017324994361510987,0.003796296296296296,4.397984981536865,6.266200065612793,197.9999542236328,-16.758167392333693
1771923418.117232,patch_rect,5.3842,93.315,0.06,0.01599691300891309,0.0016824994361510988,0.003696296296296296,4.397984981536865,6.242199897766113,195.9996223449707,-17.137899674318614
1771923460.7975285,patch_rect,5.3842,93.315,0.06,0.016326131115908974,0.0019824994361510983,0.004296296296296296,4.397984981536865,4.560200214385986,343.99986267089844,-26.99080749044645
1771942621.1367178,patch_rect,4.8062,68.737,0.06,0.02186194621026516,0.002304843394085765,0.005,4.397506237030029,5.032199859619141,268.00012588500977,-19.268175188266113
1771942667.0179076,patch_rect,4.8062,68.737,0.06,0.022528612876931826,0.0021715100607524315,0.004666666666666667,4.397506237030029,4.9721999168396,217.99993515014648,-16.173866705645985
1771942712.4381769,patch_rect,4.8062,68.737,0.06,0.02297305732137627,0.0020826211718635427,0.0044444444444444444,4.397506237030029,4.940199851989746,180.00030517578125,-14.220476095634062
1771942759.1680338,patch_rect,4.8062,68.737,0.06,0.02326935361767257,0.0020233619126042834,0.004296296296296296,4.397506237030029,4.9182000160217285,151.99995040893555,-13.013482189374663
1771942806.3794918,patch_rect,4.8062,68.737,0.06,0.0234668844818701,0.0019733619126042832,0.004196296296296296,4.397506237030029,4.908199787139893,131.99996948242188,-12.375247927003976
1771942851.9899726,patch_rect,4.8062,68.737,0.06,0.023598571724668452,0.0019233619126042833,0.004096296296296296,4.397506237030029,4.898200035095215,113.99984359741211,-11.763880013081486
1771942897.7713006,patch_rect,4.8062,68.737,0.06,0.023698571724668452,0.0018733619126042834,0.0039962962962962955,4.397506237030029,4.902200222015381,99.99990463256836,-11.4005331645482
1771942942.47323,patch_rect,4.8062,68.737,0.06,0.02379857172466845,0.0018233619126042835,0.0038962962962962957,4.397506237030029,4.896200180053711,85.99996566772461,-11.09257612894937
1771942987.9788575,patch_rect,4.8062,68.737,0.06,0.02389857172466845,0.0017733619126042836,0.003796296296296296,4.397506237030029,4.894199848175049,67.99983978271484,-10.661858476790853
1771943032.4424016,patch_rect,4.8062,68.737,0.06,0.02399857172466845,0.0018233619126042835,0.0038962962962962957,4.397506237030029,4.876200199127197,81.9997787475586,-10.989298296139566
1771943073.0516832,patch_rect,4.8062,68.737,0.06,0.02186194621026516,0.002304843394085765,0.005,4.397506237030029,5.032199859619141,268.00012588500977,-19.268175188266113
1771944242.1942198,patch_rect,6.629,77.769,0.06,0.012064322829246521,0.0021897756960242987,0.005,4.392326354980469,6.855000019073486,1053.999900817871,-35.69448170365695
1771944290.7457867,patch_rect,6.629,77.769,0.06,0.012730989495913187,0.0020564423626909653,0.004666666666666667,4.392326354980469,6.756999969482422,814.000129699707,-22.18491615638499
1771944339.2652364,patch_rect,6.629,77.769,0.06,0.013175433940357632,0.0019675534738020765,0.0044444444444444444,4.392326354980469,6.695000171661377,694.000244140625,-19.686483989588936
1771944387.473612,patch_rect,6.629,77.769,0.06,0.013471730236653929,0.0019082942145428172,0.004296296296296296,4.392326354980469,6.646999835968018,622.0002174377441,-18.389828476570102
1771944435.8623986,patch_rect,6.629,77.769,0.06,0.01366926110085146,0.0018582942145428172,0.004196296296296296,4.392326354980469,6.617000102996826,575.9997367858887,-17.638385198423524
1771944483.9580915,patch_rect,6.629,77.769,0.06,0.013537573858053105,0.0018082942145428173,0.004096296296296296,4.392326354980469,6.646999835968018,610.0001335144043,-18.54144402596055
1771944532.0426128,patch_rect,6.629,77.769,0.06,0.013637573858053104,0.0017582942145428174,0.0039962962962962955,4.392326354980469,6.63100004196167,585.9999656677246,-18.178526533232933
1771944579.3913991,patch_rect,6.629,77.769,0.06,0.013737573858053104,0.0017082942145428175,0.0038962962962962957,4.392326354980469,6.626999855041504,565.9999847412109,-17.87969365227893
1771944625.3108804,patch_rect,6.629,77.769,0.06,0.013637573858053104,0.0016582942145428176,0.003796296296296296,4.392326354980469,6.65500020980835,599.9999046325684,-18.886229419120436
1771944670.8049903,patch_rect,6.629,77.769,0.06,0.013737573858053104,0.0016082942145428177,0.003696296296296296,4.392326354980469,6.614999771118164,598.0000495910645,-18.927494408375814
1771944719.9876158,patch_rect,6.629,77.769,0.06,0.012064322829246521,0.0021897756960242987,0.005,4.392326354980469,6.855000019073486,1053.999900817871,-35.69452860281902
1771944772.6589148,patch_rect,6.6,80.98,0.06,0.012111098505556583,0.002190439496189356,0.005,4.393022537231445,7.02400016784668,1085.9999656677246,-65.14837833729398
1771944821.4242897,patch_rect,6.6,80.98,0.06,0.01277776517222325,0.0020571061628560225,0.004666666666666667,4.393022537231445,6.923999786376953,835.9999656677246,-23.25411586425314
1771944870.3355978,patch_rect,6.6,80.98,0.06,0.013222209616667695,0.0019682172739671337,0.0044444444444444444,4.393022537231445,6.863999843597412,705.9998512268066,-19.971825779056253
1771944918.531728,patch_rect,6.6,80.98,0.06,0.013518505912963991,0.0019089580147078743,0.004296296296296296,4.393022537231445,6.815999984741211,627.9997825622559,-18.50295825780893
1771944965.8405633,patch_rect,6.6,80.98,0.06,0.013716036777161522,0.0018589580147078744,0.004196296296296296,4.393022537231445,6.78000020980835,572.0000267028809,-17.46461177702374
1771945013.9710798,patch_rect,6.6,80.98,0.06,0.013847724019959876,0.0018089580147078745,0.004096296296296296,4.393022537231445,6.763999938964844,544.0001487731934,-17.082949649400383
1771945061.6855013,patch_rect,6.6,80.98,0.06,0.013947724019959876,0.0017589580147078746,0.0039962962962962955,4.393022537231445,6.75,523.9996910095215,-16.825491268089124
1771945108.3616822,patch_rect,6.6,80.98,0.06,0.014047724019959875,0.0017089580147078747,0.0038962962962962957,4.393022537231445,6.745999813079834,506.0000419616699,-16.6041934343041
1771945153.5767527,patch_rect,6.6,80.98,0.06,0.014147724019959874,0.0016589580147078748,0.003796296296296296,4.393022537231445,6.73199987411499,481.99987411499023,-16.30213251019851
1771945198.3077984,patch_rect,6.6,80.98,0.06,0.014247724019959874,0.0016089580147078749,0.003696296296296296,4.393022537231445,6.685999870300293,469.9997901916504,-16.188796346335586
1771945247.3410587,patch_rect,6.6,80.98,0.06,0.012111098505556583,0.002190439496189356,0.005,4.393022537231445,7.02400016784668,1085.9999656677246,-65.14851040842646
1771945296.0451977,patch_rect,4.7397,63.868,0.06,0.0223468616604805,0.0023090282920747995,0.005,4.397115230560303,4.977700233459473,256.0000419616699,-18.59984181469675
1771945341.1128645,patch_rect,4.7397,63.868,0.06,0.023013528327147165,0.002175694958741466,0.004666666666666667,4.397115230560303,4.9217000007629395,205.99985122680664,-15.648443188136365
1771945386.258386,patch_rect,4.7397,63.868,0.06,0.02345797277159161,0.0020868060698525774,0.0044444444444444444,4.397115230560303,4.889699935913086,166.0003662109375,-13.713088483276717
1771945434.726085,patch_rect,4.7397,63.868,0.06,0.02375426906788791,0.002027546810593318,0.004296296296296296,4.397115230560303,4.869699954986572,139.9998664855957,-12.655552362348994
1771945480.5261667,patch_rect,4.7397,63.868,0.06,0.02395179993208544,0.001977546810593318,0.004196296296296296,4.397115230560303,4.861700057983398,121.99974060058594,-12.05435212998032
1771945526.6102808,patch_rect,4.7397,63.868,0.06,0.024083487174883792,0.001927546810593318,0.004096296296296296,4.397115230560303,4.8516998291015625,101.99975967407227,-11.475664315693896
1771945571.9183223,patch_rect,4.7397,63.868,0.06,0.02418348717488379,0.001877546810593318,0.0039962962962962955,4.397115230560303,4.847700119018555,88.00029754638672,-11.145444690489093
1771945619.090324,patch_rect,4.7397,63.868,0.06,0.02428348717488379,0.0018275468105933182,0.0038962962962962957,4.397115230560303,4.849699974060059,72.00002670288086,-10.779302053968552
1771945665.781746,patch_rect,4.7397,63.868,0.06,0.02438348717488379,0.0017775468105933182,0.003796296296296296,4.397115230560303,4.845699787139893,54.0003776550293,-10.437826656949253
1771945710.9926884,patch_rect,4.7397,63.868,0.06,0.02448348717488379,0.0018275468105933182,0.0038962962962962957,4.397115230560303,4.829699993133545,69.99969482421875,-10.74215922527273
1771945758.2299554,patch_rect,4.7397,63.868,0.06,0.0223468616604805,0.0023090282920747995,0.005,4.397115230560303,4.977700233459473,256.0000419616699,-18.59983785736059
1771946294.2938123,patch_rect,5.5647,94.945,0.06,0.016469823196530342,0.0022541971411556005,0.005,4.3979973793029785,6.2307000160217285,665.9998893737793,-30.473919892923828
1771946341.2213962,patch_rect,5.5647,94.945,0.06,0.017136489863197008,0.002120863807822267,0.004666666666666667,4.3979973793029785,5.9207000732421875,745.999813079834,-25.75679902999778
1771946387.2705133,patch_rect,5.5647,94.945,0.06,0.017580934307641453,0.0020319749189333784,0.0044444444444444444,4.3979973793029785,5.844699859619141,804.0003776550293,-34.64423663209611
1771946433.9241886,patch_rect,5.5647,94.945,0.06,0.01787723060393775,0.001972715659674119,0.004296296296296296,4.3979973793029785,5.804699897766113,420.0000762939453,-42.42942868258049
1771946479.105338,patch_rect,5.5647,94.945,0.06,0.018074761468135282,0.0019227156596741191,0.004196296296296296,4.3979973793029785,5.76669979095459,372.00021743774414,-30.491545001720755
1771946524.9509473,patch_rect,5.5647,94.945,0.06,0.018206448710933635,0.0018727156596741192,0.004096296296296296,4.3979973793029785,5.756700038909912,343.99986267089844,-26.50921611672765
1771946570.5836298,patch_rect,5.5647,94.945,0.06,0.018306448710933634,0.0018227156596741193,0.0039962962962962955,4.3979973793029785,5.746699810028076,325.9997367858887,-23.67464079155245
1771946616.010623,patch_rect,5.5647,94.945,0.06,0.018406448710933634,0.0017727156596741194,0.0038962962962962957,4.3979973793029785,5.744699954986572,303.9999008178711,-21.694889040584258
1771946661.290478,patch_rect,5.5647,94.945,0.06,0.018506448710933633,0.0017227156596741195,0.003796296296296296,4.3979973793029785,5.738699913024902,288.00010681152344,-20.10539206602301
1771946705.8451285,patch_rect,5.5647,94.945,0.06,0.018606448710933633,0.0016727156596741195,0.003696296296296296,4.3979973793029785,5.720699787139893,269.9999809265137,-19.013768047082365
1771946752.0759246,patch_rect,5.5647,94.945,0.06,0.01787723060393775,0.001972715659674119,0.004296296296296296,4.3979973793029785,5.804699897766113,420.0000762939453,-42.42942868258049
1771946808.5134947,patch_rect,6.4729,84.39,0.06,0.01245982013642788,0.002195892157033086,0.005,4.395836353302002,6.622900009155273,506.0000419616699,-12.802635782628894
1771946861.3167987,patch_rect,6.4729,84.39,0.06,0.013126486803094545,0.0020625588236997524,0.004666666666666667,4.395836353302002,6.542900085449219,297.9998588562012,-12.915873588526672
1771946914.60199,patch_rect,6.4729,84.39,0.06,0.01357093124753899,0.0019736699348108636,0.0044444444444444444,4.395836353302002,6.502900123596191,243.99995803833008,-13.93164842471003
1771946969.978962,patch_rect,6.4729,84.39,0.06,0.013867227543835287,0.0019144106755516043,0.004296296296296296,4.395836353302002,6.482900142669678,232.00035095214844,-14.879368411288336
1771947022.6034186,patch_rect,6.4729,84.39,0.06,0.014064758408032818,0.0018644106755516044,0.004196296296296296,4.395836353302002,6.468900203704834,226.00030899047852,-15.496753729857598
1771947074.9489884,patch_rect,6.4729,84.39,0.06,0.013933071165234463,0.0018144106755516045,0.004096296296296296,4.395836353302002,6.508900165557861,234.00020599365234,-16.451920194385693
1771947125.615868,patch_rect,6.4729,84.39,0.06,0.014033071165234463,0.0017644106755516046,0.0039962962962962955,4.395836353302002,6.508900165557861,234.00020599365234,-17.27833997250991
1771947176.8854923,patch_rect,6.4729,84.39,0.06,0.014133071165234462,0.0017144106755516047,0.0038962962962962957,4.395836353302002,6.518899917602539,231.99987411499023,-17.90844918712767
1771947227.0108652,patch_rect,6.4729,84.39,0.06,0.014233071165234461,0.0016644106755516047,0.003796296296296296,4.395836353302002,6.512899875640869,228.00016403198242,-18.44607735177281
1771947277.1052513,patch_rect,6.4729,84.39,0.06,0.01433307116523446,0.0016144106755516048,0.003696296296296296,4.395836353302002,6.482900142669678,227.99968719482422,-19.122053866648468
1771947329.8979247,patch_rect,6.4729,84.39,0.06,0.01433307116523446,0.0016144106755516048,0.003696296296296296,4.395836353302002,6.482900142669678,227.99968719482422,-19.122053866648468
1771947379.0263207,patch_rect,3.6714,96.61,0.06,0.026397153735160828,0.0023200642317533493,0.0024022641591727734,4.399539947509766,3.5494000911712646,31.999826431274414,-10.376299580315731
1771947411.2805996,patch_rect,3.6714,96.61,0.06,0.02573048706849416,0.0024533975650866827,0.002735597492506107,4.399539947509766,2.6714000701904297,2000.0,-26.800427250225717
1771947455.5484817,patch_rect,3.6714,96.61,0.06,0.025286042624049716,0.002364508676197794,0.0025133752702838847,4.399539947509766,3.6194000244140625,13.99993896484375,-10.081269656767905
1771947861.5532877,patch_rect,5.0247,63.592,0.06,0.021231703460216522,0.0022962235379964113,0.005,4.3974609375,5.108699798583984,286.00025177001953,-20.279298779679443
1771947908.6663377,patch_rect,5.0247,63.592,0.06,0.02189837012688319,0.002162890204663078,0.004666666666666667,4.3974609375,5.048699855804443,237.99991607666016,-17.077427738505918
1771947955.6991646,patch_rect,5.0247,63.592,0.06,0.022342814571327634,0.002074001315774189,0.0044444444444444444,4.3974609375,5.006700038909912,196.0000991821289,-14.858754933156339
1771948002.6531124,patch_rect,5.0247,63.592,0.06,0.022046518275031336,0.00201474205651493,0.004296296296296296,4.3974609375,5.054699897766113,185.99987030029297,-14.283134568475957
1771948052.3808408,patch_rect,5.0247,63.592,0.06,0.022244049139228866,0.0019647420565149297,0.004196296296296296,4.3974609375,5.038700103759766,165.9998893737793,-13.464834043004004
1771948104.0876791,patch_rect,5.0247,63.592,0.06,0.02237573638202722,0.0019147420565149298,0.004096296296296296,4.3974609375,5.0366997718811035,151.99995040893555,-12.900290664297183
1771948151.3541377,patch_rect,5.0247,63.592,0.06,0.02247573638202722,0.0018647420565149299,0.0039962962962962955,4.3974609375,5.030700206756592,133.99982452392578,-12.332522913534126
1771948197.182768,patch_rect,5.0247,63.592,0.06,0.022575736382027218,0.00181474205651493,0.0038962962962962957,4.3974609375,5.032700061798096,119.99988555908203,-11.865546212107292
1771948242.4820213,patch_rect,5.0247,63.592,0.06,0.022675736382027217,0.00176474205651493,0.003796296296296296,4.3974609375,5.020699977874756,105.99994659423828,-11.547252196504658
1771948290.10683,patch_rect,5.0247,63.592,0.06,0.022575736382027218,0.00171474205651493,0.003696296296296296,4.3974609375,5.024700164794922,92.00000762939453,-11.166799077715508
1771948341.361505,patch_rect,5.0247,63.592,0.06,0.021231703460216522,0.0022962235379964113,0.005,4.3974609375,5.108699798583984,286.00025177001953,-20.279298779679443
1771948397.315472,patch_rect,5.9374,93.117,0.06,0.014244252815842628,0.0022250115871429443,0.005,4.397767543792725,6.319399833679199,190.00005722045898,-11.487716123648294
1771948450.346608,patch_rect,5.9374,93.117,0.06,0.014910919482509295,0.002091678253809611,0.004666666666666667,4.397767543792725,6.275400161743164,179.99982833862305,-12.204512803024164
1771948503.828704,patch_rect,5.9374,93.117,0.06,0.01535536392695374,0.002002789364920722,0.0044444444444444444,4.397767543792725,6.247399806976318,182.00016021728516,-13.13827450165903
1771948560.864178,patch_rect,5.9374,93.117,0.06,0.015651660223250038,0.0019435301056614628,0.004296296296296296,4.397767543792725,6.233399868011475,184.00001525878906,-13.964023037503301
1771948612.3630161,patch_rect,5.9374,93.117,0.06,0.01584919108744757,0.001893530105661463,0.004196296296296296,4.397767543792725,6.227399826049805,188.00020217895508,-14.553407942689713
1771948661.2225354,patch_rect,5.9374,93.117,0.06,0.01598087833024592,0.001843530105661463,0.004096296296296296,4.397767543792725,6.219399929046631,185.99987030029297,-15.062014902868295
1771948714.9024277,patch_rect,5.9374,93.117,0.06,0.01608087833024592,0.001793530105661463,0.0039962962962962955,4.397767543792725,6.221399784088135,190.00005722045898,-15.595346802490047
1771948765.0055118,patch_rect,5.9374,93.117,0.06,0.01618087833024592,0.0017435301056614632,0.0038962962962962957,4.397767543792725,6.231400012969971,190.00005722045898,-15.807363140688896
1771948815.4065943,patch_rect,5.9374,93.117,0.06,0.01628087833024592,0.0016935301056614633,0.003796296296296296,4.397767543792725,6.231400012969971,194.000244140625,-16.054059837718796
1771948867.7253807,patch_rect,5.9374,93.117,0.06,0.01638087833024592,0.0016435301056614633,0.003696296296296296,4.397767543792725,6.199399948120117,191.9999122619629,-16.39567717265159
1771948917.2235742,patch_rect,5.9374,93.117,0.06,0.01638087833024592,0.0016435301056614633,0.003696296296296296,4.397767543792725,6.199399948120117,191.9999122619629,-16.39567066166794
1771949041.52972,patch_rect,2.4,50.0,0.06,0.034201715141534805,0.0023333686403930187,0.001627869438380003,4.3999857902526855,2.3440001010894775,53.999900817871094,-42.410482425523895
1771949089.858534,patch_rect,2.4,50.0,0.06,0.033535048474868136,0.0022000353070596853,0.0012945361050466697,4.3999857902526855,2.3580000400543213,52.00004577636719,-43.998955609938896
1771949137.9383283,patch_rect,2.4,50.0,0.06,0.033090604030423694,0.0021111464181707965,0.0010723138828244475,4.3999857902526855,2.3580000400543213,49.99995231628418,-41.43718251056833
1771949188.5740786,patch_rect,2.4,50.0,0.06,0.0327943077341274,0.0021111464181707965,0.0010723138828244475,4.3999857902526855,2.3580000400543213,49.99995231628418,-37.092665273115465
1771949236.1399016,patch_rect,2.4,50.0,0.06,0.032596776869929865,0.0021111464181707965,0.0010723138828244475,4.3999857902526855,2.3580000400543213,49.99995231628418,-34.132300724534204
1771949283.6374848,patch_rect,2.4,50.0,0.06,0.03246508962713151,0.0021111464181707965,0.0010723138828244475,4.3999857902526855,2.359999895095825,49.99995231628418,-32.51228543345131
1771949334.9518902,patch_rect,2.4,50.0,0.06,0.032365089627131506,0.0021111464181707965,0.0010723138828244475,4.3999857902526855,2.359999895095825,52.00004577636719,-31.608480374729083
1771949382.8058,patch_rect,2.4,50.0,0.06,0.0322650896271315,0.002051887158911537,0.0009241657346762994,4.3999857902526855,2.365999937057495,49.99995231628418,-35.536322557604194
1771949428.601071,patch_rect,2.4,50.0,0.06,0.0321650896271315,0.002051887158911537,0.0009241657346762994,4.3999857902526855,2.365999937057495,49.99995231628418,-33.730455151619715
1771949475.100127,patch_rect,2.4,50.0,0.06,0.0320650896271315,0.002051887158911537,0.0009241657346762994,4.3999857902526855,2.368000030517578,49.99995231628418,-32.316343413039014
1771949520.9742515,patch_rect,2.4,50.0,0.06,0.033535048474868136,0.0022000353070596853,0.0012945361050466697,4.3999857902526855,2.3580000400543213,52.00004577636719,-43.99875916928363
1771952942.6286204,patch_rect,2.4,50.0,0.06,0.034201715141534805,0.0023333686403930187,0.001627869438380003,4.3999857902526855,2.3440001010894775,53.999900817871094,-42.41028875516828
1771952989.0735152,patch_rect,2.4,50.0,0.06,0.033535048474868136,0.0022000353070596853,0.0012945361050466697,4.3999857902526855,2.3580000400543213,52.00004577636719,-43.998955609938896
1771953035.5457091,patch_rect,2.4,50.0,0.06,0.033090604030423694,0.0021111464181707965,0.0010723138828244475,4.3999857902526855,2.3580000400543213,49.99995231628418,-41.43725907739642
1771953081.4809654,patch_rect,2.4,50.0,0.06,0.0327943077341274,0.0021111464181707965,0.0010723138828244475,4.3999857902526855,2.3580000400543213,49.99995231628418,-37.09263502376187
1771953126.995167,patch_rect,2.4,50.0,0.06,0.032596776869929865,0.0021111464181707965,0.0010723138828244475,4.3999857902526855,2.3580000400543213,49.99995231628418,-34.132300724534204
1771953174.2265768,patch_rect,2.4,50.0,0.06,0.03246508962713151,0.0021111464181707965,0.0010723138828244475,4.3999857902526855,2.359999895095825,49.99995231628418,-32.512308405707955
1771953219.94273,patch_rect,2.4,50.0,0.06,0.032365089627131506,0.0021111464181707965,0.0010723138828244475,4.3999857902526855,2.359999895095825,52.00004577636719,-31.60850686904672
1771953266.4014142,patch_rect,2.4,50.0,0.06,0.0322650896271315,0.002051887158911537,0.0009241657346762994,4.3999857902526855,2.365999937057495,49.99995231628418,-35.536345560666135
1771953311.7738101,patch_rect,2.4,50.0,0.06,0.0321650896271315,0.002051887158911537,0.0009241657346762994,4.3999857902526855,2.365999937057495,49.99995231628418,-33.730525928115995
1771953357.895488,patch_rect,2.4,50.0,0.06,0.0320650896271315,0.002051887158911537,0.0009241657346762994,4.3999857902526855,2.368000030517578,49.99995231628418,-32.31632872769345
1771953401.0047169,patch_rect,2.4,50.0,0.06,0.033535048474868136,0.0022000353070596853,0.0012945361050466697,4.3999857902526855,2.3580000400543213,52.00004577636719,-43.99894663655313
1771953767.8240016,patch_rect,5.8,50.0,0.06,0.016260165721178055,0.0022596712224185467,0.005,4.39707612991333,6.800000190734863,124.00007247924805,-11.30994406004174
1771953820.0814092,patch_rect,5.8,50.0,0.06,0.01692683238784472,0.0021263378890852133,0.004666666666666667,4.39707612991333,6.800000190734863,156.00013732910156,-12.117498275166263
1771953871.754117,patch_rect,5.8,50.0,0.06,0.017371276832289166,0.0020374490001963245,0.0044444444444444444,4.39707612991333,6.800000190734863,162.00017929077148,-13.47584975688602
1771953923.1630673,patch_rect,5.8,50.0,0.06,0.017667573128585464,0.001978189740937065,0.004296296296296296,4.39707612991333,6.800000190734863,172.00040817260742,-14.89720121075036
1771953975.2851396,patch_rect,5.8,50.0,0.06,0.017865103992782995,0.0019281897409370652,0.004196296296296296,4.39707612991333,6.800000190734863,164.0000343322754,-15.8066038750835
1771954027.3902266,patch_rect,5.8,50.0,0.06,0.017996791235581348,0.0018781897409370653,0.004096296296296296,4.39707612991333,6.800000190734863,152.00042724609375,-16.098082586229843
1771954078.323558,patch_rect,5.8,50.0,0.06,0.018096791235581347,0.0018281897409370654,0.0039962962962962955,4.39707612991333,6.800000190734863,136.0001564025879,-15.926156871281602
1771954127.052089,patch_rect,5.8,50.0,0.06,0.018196791235581346,0.0017781897409370655,0.0038962962962962957,4.39707612991333,6.026000022888184,216.00008010864258,-15.824181028048914
1771954175.3987753,patch_rect,5.8,50.0,0.06,0.018296791235581346,0.0017281897409370656,0.003796296296296296,4.39707612991333,6.03000020980835,223.9999771118164,-16.21497130307931
1771954224.5981693,patch_rect,5.8,50.0,0.06,0.018396791235581345,0.0016781897409370657,0.003696296296296296,4.39707612991333,5.995999813079834,221.9996452331543,-16.126476086333405
1771954268.0957665,patch_rect,5.8,50.0,0.06,0.018296791235581346,0.0017281897409370656,0.003796296296296296,4.39707612991333,6.03000020980835,223.9999771118164,-16.214978303397224
1771955261.805451,patch_rect,2.4,120.0,0.06,0.030143974348902702,0.0022876071743667126,0.0016120007494464517,4.399982452392578,2.3440001010894775,150.00009536743164,-15.829477551315572
1771955526.5434635,patch_rect,2.4,120.0,0.06,0.030143974348902702,0.0022876071743667126,0.0016120007494464517,4.399982452392578,2.3440001010894775,150.00009536743164,-15.829471783905692
1771955651.9053376,patch_rect,2.4,120.0,0.06,0.030143974348902702,0.0022876071743667126,0.0016120007494464517,4.399982452392578,2.3440001010894775,150.00009536743164,-15.8294741200936
1771955802.260737,patch_rect,2.4,120.0,0.06,0.030143974348902702,0.0022876071743667126,0.0016120007494464517,4.399982452392578,2.3440001010894775,150.00009536743164,-15.829471783905692
1771956503.224272,patch_rect,2.4,50.0,0.06,0.034201715141534805,0.0023333686403930187,0.001627869438380003,4.3999857902526855,2.3440001010894775,53.999900817871094,-42.410255414360705
1771956626.7085404,patch_rect,2.4,50.0,0.06,0.034201715141534805,0.0023333686403930187,0.001627869438380003,4.3999857902526855,2.3440001010894775,53.999900817871094,-42.410255414360705
1771957076.1410828,patch_rect,2.7469,88.147,0.06,0.029640372842550278,0.00231370166875422,0.0016314418753609061,4.399983882904053,3.266900062561035,95.99995613098145,-12.841991653622003
1771957121.79756,patch_rect,2.7469,88.147,0.06,0.030307039509216944,0.0021803683354208866,0.0012981085420275729,4.399983882904053,3.280900001525879,79.99992370605469,-12.670156804158152
1771957166.217478,patch_rect,2.7469,88.147,0.06,0.03075148395366139,0.0022692572243097754,0.001520330764249795,4.399983882904053,3.2629001140594482,100.00014305114746,-16.207758475621738
1771957210.1397521,patch_rect,2.7469,88.147,0.06,0.031047780249957687,0.002209997965050516,0.001372182616101647,4.399983882904053,3.272900104522705,85.99996566772461,-15.661500374376642
1771957283.078724,patch_rect,2.7469,88.147,0.06,0.031376998356953574,0.0023099979650505163,0.001572182616101647,4.399983882904053,3.2588999271392822,95.99995613098145,-19.27901315907782
1771957327.6023326,patch_rect,2.7469,88.147,0.06,0.03147699835695358,0.002259997965050516,0.001472182616101647,4.399983882904053,3.264899969100952,88.00005912780762,-18.781529618279198
1771957372.5346818,patch_rect,2.7469,88.147,0.06,0.03157699835695358,0.0023099979650505163,0.001572182616101647,4.399983882904053,3.2588999271392822,93.99986267089844,-20.146239447138544
1771957416.915655,patch_rect,2.7469,88.147,0.06,0.03167699835695358,0.002259997965050516,0.001472182616101647,4.399983882904053,3.264899969100952,88.00005912780762,-19.60634386332292
1771957464.0855527,patch_rect,2.7469,88.147,0.06,0.031776998356953585,0.0023099979650505163,0.001572182616101647,4.399983882904053,3.2588999271392822,92.00000762939453,-21.11316503851316
1771957508.6551769,patch_rect,2.7469,88.147,0.06,0.031776998356953585,0.0023099979650505163,0.001572182616101647,4.399983882904053,3.2588999271392822,92.00000762939453,-21.113172439462097
1771957556.4319808,patch_rect,4.4518,89.48,0.06,0.02269701659679413,0.0023106986191123724,0.0041704741306602955,4.398505210876465,3.5697999000549316,255.99980354309082,-26.384512669290807
1771957600.2890584,patch_rect,4.4518,89.48,0.06,0.022030349930127462,0.002177365285779039,0.003837140797326962,4.398505210876465,3.7037999629974365,256.0000419616699,-20.438238940717696
1771957644.152756,patch_rect,4.4518,89.48,0.06,0.021585905485683017,0.0020884763968901502,0.00361491857510474,4.398505210876465,3.8238000869750977,230.00001907348633,-18.528119639855177
1771957686.4284647,patch_rect,4.4518,89.48,0.06,0.02128960918938672,0.002029217137630891,0.0034667704269565917,4.398505210876465,3.8817999362945557,221.9998836517334,-17.755738088887362
1771957728.5667474,patch_rect,4.4518,89.48,0.06,0.02109207832518919,0.0019792171376308908,0.003366770426956592,4.398505210876465,3.917799949645996,209.99979972839355,-17.009466466233985
1771957770.1358712,patch_rect,4.4518,89.48,0.06,0.020960391082390836,0.0019292171376308908,0.003266770426956592,4.398505210876465,3.9537999629974365,205.99985122680664,-16.810029135692616
1771957812.0091283,patch_rect,4.4518,89.48,0.06,0.020860391082390836,0.001879217137630891,0.0031667704269565922,4.398505210876465,3.987799882888794,197.9999542236328,-16.55979650645672
1771957853.4390824,patch_rect,4.4518,89.48,0.06,0.020760391082390837,0.001829217137630891,0.0030667704269565924,4.398505210876465,4.0177998542785645,184.00025367736816,-15.51155064581536
1771957895.2881117,patch_rect,4.4518,89.48,0.06,0.020660391082390837,0.001779217137630891,0.0029667704269565926,4.398505210876465,4.053800106048584,177.99997329711914,-15.266475022994596
1771957936.7043526,patch_rect,4.4518,89.48,0.06,0.020560391082390838,0.0017292171376308912,0.0028667704269565927,4.398505210876465,4.087800025939941,171.99993133544922,-15.02737116309298
1771957981.6344543,patch_rect,4.4518,89.48,0.06,0.02269701659679413,0.0023106986191123724,0.0041704741306602955,4.398505210876465,3.5697999000549316,255.99980354309082,-26.38452798778182
1771958032.806742,patch_rect,5.7055,58.919,0.06,0.01677086018025875,0.00226234900765121,0.005,4.397285461425781,5.995500087738037,699.9998092651367,-24.373709715530158
1771958080.5609958,patch_rect,5.7055,58.919,0.06,0.017437526846925417,0.0021290156743178764,0.004666666666666667,4.397285461425781,5.861499786376953,779.9997329711914,-29.764380917089134
1771958126.5501504,patch_rect,5.7055,58.919,0.06,0.017881971291369862,0.0020401267854289877,0.0044444444444444444,4.397285461425781,5.791500091552734,455.99985122680664,-62.18415225894364
1771958172.130877,patch_rect,5.7055,58.919,0.06,0.01817826758766616,0.0019808675261697283,0.004296296296296296,4.397285461425781,5.749499797821045,381.9999694824219,-32.87109342785093
1771958218.1692677,patch_rect,5.7055,58.919,0.06,0.01837579845186369,0.0019308675261697284,0.004196296296296296,4.397285461425781,5.7195000648498535,352.00023651123047,-26.84577584717718
1771958263.2810647,patch_rect,5.7055,58.919,0.06,0.018507485694662044,0.0018808675261697285,0.004096296296296296,4.397285461425781,5.703499794006348,326.0002136230469,-23.912831367611446
1771958308.4429505,patch_rect,5.7055,58.919,0.06,0.018407485694662044,0.0018308675261697286,0.0039962962962962955,4.397285461425781,5.729499816894531,318.00031661987305,-22.964669535669163
1771958353.5917315,patch_rect,5.7055,58.919,0.06,0.018507485694662044,0.0017808675261697287,0.0038962962962962957,4.397285461425781,5.727499961853027,298.0003356933594,-21.109235246177832
1771958398.6079938,patch_rect,5.7055,58.919,0.06,0.018607485694662043,0.0017308675261697287,0.003796296296296296,4.397285461425781,5.721499919891357,279.9997329711914,-19.622696580361904
1771958443.0151272,patch_rect,5.7055,58.919,0.06,0.018707485694662043,0.0016808675261697288,0.003696296296296296,4.397285461425781,5.703499794006348,262.00008392333984,-18.540629145750387
1771958489.6966865,patch_rect,5.7055,58.919,0.06,0.017881971291369862,0.0020401267854289877,0.0044444444444444444,4.397285461425781,5.791500091552734,455.99985122680664,-62.18603896182888
1771958522.4932268,patch_rect,5.3049,114.122,0.06,0.01704486273229122,0.002263100352138281,0.004283443558961153,4.39841890335083,4.304900169372559,2000.0,-19.45202720547922
1771958566.951165,patch_rect,5.3049,114.122,0.06,0.016378196065624556,0.0021297670188049475,0.00395011022562782,4.39841890335083,6.004899978637695,504.000186920166,-24.425240897427987
1771958612.1234415,patch_rect,5.3049,114.122,0.06,0.016822640510069,0.0020408781299160587,0.003727888003405598,4.39841890335083,6.226900100708008,534.0003967285156,-39.181365997661366
1771958657.2391813,patch_rect,5.3049,114.122,0.06,0.0171189368063653,0.0019816188706567994,0.0035797398552574497,4.39841890335083,6.240900039672852,568.000316619873,-30.71135662635448
1771958700.548513,patch_rect,5.3049,114.122,0.06,0.01731646767056283,0.0019316188706567994,0.00347973985525745,4.39841890335083,6.250899791717529,590.0001525878906,-25.796344226148523
1771958744.3409224,patch_rect,5.3049,114.122,0.06,0.017448154913361182,0.0018816188706567995,0.00337973985525745,4.39841890335083,6.254899978637695,592.0000076293945,-24.430438209512033
1771958787.4877815,patch_rect,5.3049,114.122,0.06,0.01754815491336118,0.0018316188706567996,0.00327973985525745,4.39841890335083,6.262899875640869,202.00014114379883,-23.867866681986246
1771958831.1873546,patch_rect,5.3049,114.122,0.06,0.01764815491336118,0.0017816188706567997,0.0031797398552574504,4.39841890335083,6.270899772644043,171.99993133544922,-23.353518217437767
1771958873.759609,patch_rect,5.3049,114.122,0.06,0.01774815491336118,0.0017316188706567998,0.0030797398552574505,4.39841890335083,6.278900146484375,151.99995040893555,-23.639028018024955
1771958916.9192274,patch_rect,5.3049,114.122,0.06,0.01784815491336118,0.0016816188706567999,0.0029797398552574507,4.39841890335083,6.290900230407715,126.00040435791016,-25.296044371706465
1771958963.0212016,patch_rect,5.3049,114.122,0.06,0.016822640510069,0.0020408781299160587,0.003727888003405598,4.39841890335083,6.226900100708008,534.0003967285156,-39.18175207667862
1771959010.60897,patch_rect,5.4706,123.281,0.06,0.015835022553801537,0.002248018514364958,0.003989462275058031,4.398588180541992,6.180600166320801,500.0,-15.628415875384764
1771959055.7417533,patch_rect,5.4706,123.281,0.06,0.016501689220468203,0.0021146851810316244,0.0036561289417246976,4.398588180541992,6.0065999031066895,483.99972915649414,-26.169780535566176
1771959099.5234177,patch_rect,5.4706,123.281,0.06,0.016946133664912648,0.0020257962921427356,0.0034339067195024754,4.398588180541992,6.234600067138672,562.0002746582031,-44.16332668825344
1771959142.785305,patch_rect,5.4706,123.281,0.06,0.017242429961208946,0.0019665370328834763,0.0032857585713543273,4.398588180541992,6.2546000480651855,590.0001525878906,-34.36087418172322
1771959186.497608,patch_rect,5.4706,123.281,0.06,0.017439960825406477,0.0019165370328834764,0.0031857585713543275,4.398588180541992,6.264599800109863,605.9999465942383,-30.803203578535463
1771959229.9520197,patch_rect,5.4706,123.281,0.06,0.01757164806820483,0.0018665370328834765,0.0030857585713543276,4.398588180541992,6.270599842071533,250.0,-31.52381649590691
1771959272.6227865,patch_rect,5.4706,123.281,0.06,0.01767164806820483,0.0018165370328834766,0.002985758571354328,4.398588180541992,6.284599781036377,210.00003814697266,-37.06853496441414
1771959315.763735,patch_rect,5.4706,123.281,0.06,0.017771648068204828,0.0017665370328834766,0.002885758571354328,4.398588180541992,6.296599864959717,189.99958038330078,-39.448708187334844
1771959357.8423972,patch_rect,5.4706,123.281,0.06,0.017871648068204828,0.0017165370328834767,0.002785758571354328,4.398588180541992,6.298600196838379,171.99993133544922,-47.558898411257374
1771959402.5037863,patch_rect,5.4706,123.281,0.06,0.017971648068204827,0.0016665370328834768,0.0026857585713543283,4.398588180541992,6.308599948883057,164.0000343322754,-48.152420632822356
1771959445.690501,patch_rect,5.4706,123.281,0.06,0.017971648068204827,0.0016665370328834768,0.0026857585713543283,4.398588180541992,6.308599948883057,164.0000343322754,-48.15216848614348
1771960005.3363223,patch_rect,3.7548,82.955,0.06,0.02649848919113477,0.002459422989313801,0.0033216271003087363,4.399196147918701,3.238800048828125,75.99997520446777,-10.758621667222958
1771960048.918268,patch_rect,3.7548,82.955,0.06,0.026054044746690326,0.00254831187820269,0.0035438493225309585,4.399196147918701,3.242799997329712,157.99999237060547,-12.78315439582785
1771960090.8616476,patch_rect,3.7548,82.955,0.06,0.025757748450394028,0.0024890526189434306,0.0033957011743828104,4.399196147918701,3.2507998943328857,210.00003814697266,-15.177281787432864
1771960134.147065,patch_rect,3.7548,82.955,0.06,0.025560217586196497,0.0024390526189434305,0.0032957011743828105,4.399196147918701,3.2188000679016113,257.9998970031738,-18.52507698926541
1771960176.6357658,patch_rect,3.7548,82.955,0.06,0.025428530343398145,0.0023890526189434304,0.0031957011743828107,4.399196147918701,3.2188000679016113,277.9998779296875,-21.75507167692445
1771960218.4690251,patch_rect,3.7548,82.955,0.06,0.025328530343398145,0.0023390526189434302,0.003095701174382811,4.399196147918701,3.2147998809814453,301.9998073577881,-29.203038026726816
1771960260.3406513,patch_rect,3.7548,82.955,0.06,0.025228530343398146,0.00228905261894343,0.002995701174382811,4.399196147918701,3.2147998809814453,319.99993324279785,-44.061130605069636
1771960302.8116534,patch_rect,3.7548,82.955,0.06,0.025128530343398146,0.00223905261894343,0.0028957011743828112,4.399196147918701,3.2147998809814453,339.9999141693115,-25.744852870234702
1771960345.4176257,patch_rect,3.7548,82.955,0.06,0.025028530343398147,0.00218905261894343,0.0027957011743828114,4.399196147918701,3.4488000869750977,202.00014114379883,-22.638058052775865
1771960388.8278446,patch_rect,3.7548,82.955,0.06,0.025228530343398146,0.00228905261894343,0.002995701174382811,4.399196147918701,3.2147998809814453,319.99993324279785,-44.061130605069636
1771960437.3484836,patch_rect,2.2458,116.549,0.06,0.03184514865279198,0.0022913108114153147,0.001605364610441029,4.39998197555542,3.245800018310547,39.999961853027344,-19.067764730843283
1771960479.0187137,patch_rect,2.2458,116.549,0.06,0.032511815319458647,0.002424644144748648,0.0019386979437743623,4.39998197555542,2.9058001041412354,72.00002670288086,-17.7440675186256
1771960520.4923015,patch_rect,2.2458,116.549,0.06,0.03295625976390309,0.002513533033637537,0.0021609201659965847,4.39998197555542,2.8498001098632812,71.99978828430176,-16.96698229872823
1771960562.0861852,patch_rect,2.2458,116.549,0.06,0.03325255606019938,0.002572792292896796,0.002309068314144733,4.39998197555542,2.813800096511841,74.00012016296387,-16.621840793289916
1771960603.9954464,patch_rect,2.2458,116.549,0.06,0.03345008692439692,0.0026227922928967963,0.0024090683141447327,4.39998197555542,2.789799928665161,75.99997520446777,-16.3883769644612
1771960645.7379782,patch_rect,2.2458,116.549,0.06,0.03358177416719527,0.0026727922928967964,0.0025090683141447325,4.39998197555542,2.7718000411987305,75.99997520446777,-16.42486928333294
1771960687.6739,patch_rect,2.2458,116.549,0.06,0.033681774167195276,0.0027227922928967966,0.0026090683141447323,4.39998197555542,2.7558000087738037,79.99992370605469,-16.412475035290964
1771960729.1223533,patch_rect,2.2458,116.549,0.06,0.03378177416719528,0.0027727922928967967,0.002709068314144732,4.39998197555542,2.74180006980896,79.99992370605469,-16.412415862831867
1771960771.4529636,patch_rect,2.2458,116.549,0.06,0.03388177416719528,0.002822792292896797,0.002809068314144732,4.39998197555542,2.727799892425537,82.0000171661377,-16.358246255410485
1771960813.1215224,patch_rect,2.2458,116.549,0.06,0.033981774167195285,0.002872792292896797,0.002909068314144732,4.39998197555542,2.7218000888824463,85.99996566772461,-16.65110216318676
1771960858.6648781,patch_rect,2.2458,116.549,0.06,0.03184514865279198,0.0022913108114153147,0.001605364610441029,4.39998197555542,3.245800018310547,39.999961853027344,-19.067771105666797
1771960906.9235663,patch_rect,4.4613,75.153,0.06,0.023599226027727127,0.00231613009236753,0.004707498010247946,4.397897720336914,3.487299919128418,194.0000057220459,-33.79911752493488
1771960951.9565632,patch_rect,4.4613,75.153,0.06,0.02293255936106046,0.0021827967590341965,0.004374164676914613,4.397897720336914,3.61929988861084,302.0000457763672,-23.37684292554677
1771960996.909571,patch_rect,4.4613,75.153,0.06,0.022488114916616016,0.0020939078701453077,0.00415194245469239,4.397897720336914,3.6953001022338867,292.00005531311035,-20.617760147210447
1771961041.4636986,patch_rect,4.4613,75.153,0.06,0.022191818620319718,0.0020346486108860484,0.004003794306544242,4.397897720336914,3.7553000450134277,268.00012588500977,-19.061038934298708
1771961085.9294035,patch_rect,4.4613,75.153,0.06,0.021994287756122187,0.0019846486108860482,0.003903794306544242,4.397897720336914,3.799299955368042,257.9998970031738,-18.41395940081421
1771961130.3282838,patch_rect,4.4613,75.153,0.06,0.021862600513323834,0.0019346486108860483,0.0038037943065442423,4.397897720336914,3.8313000202178955,248.0001449584961,-17.76329721012735
1771961176.2775562,patch_rect,4.4613,75.153,0.06,0.021762600513323835,0.0018846486108860484,0.0037037943065442425,4.397897720336914,3.867300033569336,241.99986457824707,-17.113478587541305
1771961219.3124602,patch_rect,4.4613,75.153,0.06,0.021662600513323835,0.0018346486108860485,0.0036037943065442427,4.397897720336914,3.9033000469207764,216.00008010864258,-15.577515455623207
1771961261.771836,patch_rect,4.4613,75.153,0.06,0.021562600513323836,0.0017846486108860486,0.003503794306544243,4.397897720336914,3.931299924850464,207.99994468688965,-15.343472918967848
1771961304.3403628,patch_rect,4.4613,75.153,0.06,0.021462600513323837,0.0017346486108860487,0.003403794306544243,4.397897720336914,3.9512999057769775,198.0001926422119,-14.954733284760025
1771961350.253092,patch_rect,4.4613,75.153,0.06,0.023599226027727127,0.00231613009236753,0.004707498010247946,4.397897720336914,3.487299919128418,194.0000057220459,-33.79911291645932
1771961399.7915137,patch_rect,2.3071,115.112,0.06,0.03124658204615116,0.0022917361930012703,0.0016087864059954882,4.39998197555542,3.2611000537872314,108.00004005432129,-20.767273311042974
1771961441.6082132,patch_rect,2.3071,115.112,0.06,0.03191324871281783,0.0024250695263346037,0.0019421197393288214,4.39998197555542,2.9570999145507812,75.99997520446777,-19.868372309278165
1771961483.1640654,patch_rect,2.3071,115.112,0.06,0.03235769315726227,0.0025139584152234925,0.002164341961551044,4.39998197555542,2.8991000652313232,77.99983024597168,-18.666501107435167
1771961524.9695048,patch_rect,2.3071,115.112,0.06,0.03265398945355857,0.002573217674482752,0.002312490109699192,4.39998197555542,2.8610999584198,79.99992370605469,-18.118830052843528
1771961566.7476413,patch_rect,2.3071,115.112,0.06,0.0328515203177561,0.002623217674482752,0.0024124901096991918,4.39998197555542,2.837100028991699,79.99992370605469,-17.803758515903475
1771961608.523154,patch_rect,2.3071,115.112,0.06,0.03298320756055446,0.002673217674482752,0.0025124901096991916,4.39998197555542,2.8171000480651855,82.0000171661377,-17.723692117980036
1771961650.280593,patch_rect,2.3071,115.112,0.06,0.03308320756055446,0.002723217674482752,0.0026124901096991914,4.39998197555542,2.801100015640259,84.0001106262207,-17.642360111229753
1771961691.9128833,patch_rect,2.3071,115.112,0.06,0.03318320756055446,0.0027732176744827523,0.0027124901096991913,4.39998197555542,2.787100076675415,85.99996566772461,-17.64108428188215
1771961733.716563,patch_rect,2.3071,115.112,0.06,0.033283207560554466,0.0028232176744827525,0.002812490109699191,4.39998197555542,2.7711000442504883,85.99996566772461,-17.598205223889366
1771961775.4071116,patch_rect,2.3071,115.112,0.06,0.03338320756055447,0.0028732176744827526,0.002912490109699191,4.39998197555542,2.7651000022888184,89.99991416931152,-17.89565246681754
1771961821.1778011,patch_rect,2.3071,115.112,0.06,0.03124658204615116,0.0022917361930012703,0.0016087864059954882,4.39998197555542,3.2611000537872314,108.00004005432129,-20.767218252809577
1771961876.4642808,patch_rect,5.4393,51.059,0.06,0.01908835768699646,0.002277802210301161,0.005,4.397238254547119,6.439300060272217,690.000057220459,-17.23568760408638
1771961927.5613365,patch_rect,5.4393,51.059,0.06,0.019755024353663126,0.0021444688769678274,0.004666666666666667,4.397238254547119,6.439300060272217,722.0001220703125,-19.99744950145924
1771961976.030459,patch_rect,5.4393,51.059,0.06,0.02019946879810757,0.0020555799880789386,0.0044444444444444444,4.397238254547119,6.413300037384033,748.0001449584961,-21.812487291730918
1771962024.5552814,patch_rect,5.4393,51.059,0.06,0.02049576509440387,0.0019963207288196793,0.004296296296296296,4.397238254547119,6.347300052642822,760.0002288818359,-22.92481708136805
1771962072.6132193,patch_rect,5.4393,51.059,0.06,0.0206932959586014,0.0019463207288196794,0.004196296296296296,4.397238254547119,6.315299987792969,769.9999809265137,-24.57587264794142
1771962120.508482,patch_rect,5.4393,51.059,0.06,0.020824983201399753,0.0018963207288196795,0.004096296296296296,4.397238254547119,6.307300090789795,768.0001258850098,-26.01904475587586
1771962168.893589,patch_rect,5.4393,51.059,0.06,0.020924983201399752,0.0018463207288196796,0.0039962962962962955,4.397238254547119,6.307300090789795,768.0001258850098,-27.56762889636017
1771962217.2319503,patch_rect,5.4393,51.059,0.06,0.02102498320139975,0.0017963207288196796,0.0038962962962962957,4.397238254547119,6.303299903869629,418.0002212524414,-29.461345653560294
1771962265.2063794,patch_rect,5.4393,51.059,0.06,0.02112498320139975,0.0017463207288196797,0.003796296296296296,4.397238254547119,6.303299903869629,374.00007247924805,-31.93187053154926
1771962312.3564415,patch_rect,5.4393,51.059,0.06,0.02122498320139975,0.0016963207288196798,0.003696296296296296,4.397238254547119,6.301300048828125,343.99986267089844,-31.731378776158508
1771962360.7061918,patch_rect,5.4393,51.059,0.06,0.02112498320139975,0.0017463207288196797,0.003796296296296296,4.397238254547119,6.303299903869629,374.00007247924805,-31.93185257980165
1771962671.951227,patch_rect,3.759,69.969,0.06,0.028521880649134454,0.002762480604414035,0.00444251871255261,4.398838996887207,4.4770002365112305,47.99985885620117,-10.359850894589632
1771962717.1763813,patch_rect,3.759,69.969,0.06,0.028621880649134453,0.0028124806044140353,0.00454251871255261,4.398838996887207,4.460999965667725,72.00002670288086,-10.727746145752562
1771962762.2382987,patch_rect,3.759,69.969,0.06,0.028721880649134453,0.002762480604414035,0.00444251871255261,4.398838996887207,2.937000036239624,225.9998321533203,-11.14317708928561
1771962806.926433,patch_rect,3.759,69.969,0.06,0.028621880649134453,0.002712480604414035,0.00434251871255261,4.398838996887207,2.9509999752044678,72.00002670288086,-10.392097267140164
1771962852.4908671,patch_rect,3.759,69.969,0.06,0.028721880649134453,0.002762480604414035,0.00444251871255261,4.398838996887207,2.937000036239624,225.9998321533203,-11.143203736259695
1771962901.2230976,patch_rect,2.2703,94.267,0.06,0.03257004916667938,0.0023041628301143646,0.0016121022636070848,4.399982452392578,3.2583000659942627,63.99989128112793,-35.47401435673117
1771962943.359879,patch_rect,2.2703,94.267,0.06,0.03323671583334605,0.002437496163447698,0.001945435596940418,4.399982452392578,2.846299886703491,63.99989128112793,-15.852108618672258
1771962985.5812438,patch_rect,2.2703,94.267,0.06,0.033681160277790494,0.002526385052336587,0.0021676578191626404,4.399982452392578,2.79229998588562,65.99998474121094,-15.387303110607224
1771963027.3475592,patch_rect,2.2703,94.267,0.06,0.03397745657408679,0.002585644311595846,0.0023158059673107885,4.399982452392578,2.7562999725341797,65.99998474121094,-15.172790314685496
1771963069.4226496,patch_rect,2.2703,94.267,0.06,0.03417498743828432,0.0026356443115958463,0.0024158059673107884,4.399982452392578,2.734299898147583,68.00007820129395,-15.05720754594595
1771963111.6811714,patch_rect,2.2703,94.267,0.06,0.03430667468108268,0.0026856443115958464,0.002515805967310788,4.399982452392578,2.7163000106811523,69.99993324279785,-15.142582020886781
1771963154.5219781,patch_rect,2.2703,94.267,0.06,0.03440667468108268,0.0027356443115958465,0.002615805967310788,4.399982452392578,2.7023000717163086,72.00002670288086,-15.099782416027583
1771963196.292916,patch_rect,2.2703,94.267,0.06,0.034506674681082684,0.0027856443115958467,0.002715805967310788,4.399982452392578,2.6882998943328857,72.00002670288086,-15.06325979462648
1771963238.0082705,patch_rect,2.2703,94.267,0.06,0.03460667468108269,0.002835644311595847,0.0028158059673107877,4.399982452392578,3.2123000621795654,65.99998474121094,-15.159778368039035
1771963280.0451229,patch_rect,2.2703,94.267,0.06,0.03470667468108269,0.002885644311595847,0.0029158059673107875,4.399982452392578,3.2202999591827393,70.00017166137695,-15.833826831020861
1771963325.9089468,patch_rect,2.2703,94.267,0.06,0.03257004916667938,0.0023041628301143646,0.0016121022636070848,4.399982452392578,3.2583000659942627,63.99989128112793,-35.47401435673117
1771963372.8748195,patch_rect,3.6777,60.959,0.06,0.028638193383812904,0.002333729760721326,0.0036159551236778498,4.398537635803223,4.383699893951416,125.99992752075195,-11.38900313892198
1771963417.2538285,patch_rect,3.6777,60.959,0.06,0.02930486005047957,0.0022003964273879925,0.0032826217903445163,4.398537635803223,4.337699890136719,98.00004959106445,-11.55231881470376
1771963460.490544,patch_rect,3.6777,60.959,0.06,0.029749304494924016,0.0021115075384991037,0.003060399568122294,4.398537635803223,4.313700199127197,90.00015258789062,-11.666021831833664
1771963503.6348345,patch_rect,3.6777,60.959,0.06,0.030045600791220314,0.0020522482792398444,0.002912251419974146,4.398537635803223,4.299699783325195,85.99996566772461,-11.729247796119228
1771963546.6822925,patch_rect,3.6777,60.959,0.06,0.030243131655417844,0.0020022482792398442,0.002812251419974146,4.398537635803223,3.319700002670288,58.00008773803711,-11.762816562370697
1771963591.802485,patch_rect,3.6777,60.959,0.06,0.030111444412619492,0.0020522482792398444,0.002912251419974146,4.398537635803223,4.2916998863220215,85.99996566772461,-11.760143836650911
1771963635.78872,patch_rect,3.6777,60.959,0.06,0.03021144441261949,0.0020022482792398442,0.002812251419974146,4.398537635803223,3.321700096130371,55.9999942779541,-11.754761025288778
1771963680.6079314,patch_rect,3.6777,60.959,0.06,0.030111444412619492,0.0020522482792398444,0.002912251419974146,4.398537635803223,4.2916998863220215,85.99996566772461,-11.760154265043852
1771963725.1332517,patch_rect,3.6777,60.959,0.06,0.03021144441261949,0.0020022482792398442,0.002812251419974146,4.398537635803223,3.321700096130371,55.9999942779541,-11.754761025288778
1771963769.0909061,patch_rect,3.6777,60.959,0.06,0.030111444412619492,0.0020522482792398444,0.002912251419974146,4.398537635803223,4.2916998863220215,85.99996566772461,-11.760154265043852
1771963813.0908072,patch_rect,3.6777,60.959,0.06,0.030243131655417844,0.0020022482792398442,0.002812251419974146,4.398537635803223,3.319700002670288,58.00008773803711,-11.762816562370697
1771963861.3351343,patch_rect,3.7648,60.464,0.06,0.02854330651462078,0.0023347404785454273,0.003903086995705962,4.398169040679932,3.368799924850464,54.000139236450195,-11.004262371198404
1771963907.2101078,patch_rect,3.7648,60.464,0.06,0.027876639847954115,0.0024680738118787607,0.004236420329039295,4.398169040679932,4.500800132751465,215.99960327148438,-11.725704529875358
1771963953.1557124,patch_rect,3.7648,60.464,0.06,0.02832108429239856,0.002379184922989872,0.004014198106817073,4.398169040679932,3.374799966812134,54.000139236450195,-11.042707350322736
1771963999.786105,patch_rect,3.7648,60.464,0.06,0.028024787996102262,0.0024384441822491313,0.004162346254965221,4.398169040679932,4.496799945831299,225.9998321533203,-11.425461613967535
1771964044.964294,patch_rect,3.7648,60.464,0.06,0.028222318860299793,0.002388444182249131,0.0040623462549652205,4.398169040679932,4.490799903869629,233.99972915649414,-10.98916415378515
1771964090.0986183,patch_rect,3.7648,60.464,0.06,0.028354006103098146,0.002338444182249131,0.00396234625496522,4.398169040679932,3.376800060272217,57.99984931945801,-11.135359219156193
1771964135.6414478,patch_rect,3.7648,60.464,0.06,0.028254006103098146,0.002388444182249131,0.0040623462549652205,4.398169040679932,3.3808000087738037,53.999900817871094,-10.933763380246598
1771964182.841682,patch_rect,3.7648,60.464,0.06,0.028154006103098147,0.0024384441822491313,0.004162346254965221,4.398169040679932,3.3847999572753906,62.00003623962402,-11.275597043353297
1771964228.024352,patch_rect,3.7648,60.464,0.06,0.028054006103098147,0.002388444182249131,0.0040623462549652205,4.398169040679932,4.496799945831299,225.9998321533203,-11.560198733565812
1771964272.7841349,patch_rect,3.7648,60.464,0.06,0.028154006103098147,0.002338444182249131,0.00396234625496522,4.398169040679932,4.482800006866455,202.00014114379883,-11.155890954456314
1771964319.212952,patch_rect,3.7648,60.464,0.06,0.027876639847954115,0.0024680738118787607,0.004236420329039295,4.398169040679932,4.500800132751465,215.99960327148438,-11.725712769121268
1771964368.9498591,patch_rect,2.9527,82.488,0.06,0.02899288386106491,0.0023185857571661472,0.0016384414630010724,4.3999834060668945,3.200700044631958,47.99985885620117,-10.637433090997453
1771964412.7812138,patch_rect,2.9527,82.488,0.06,0.029659550527731577,0.0024519190904994806,0.001971774796334406,4.3999834060668945,3.080699920654297,67.99983978271484,-14.937596635256904
1771964454.9603715,patch_rect,2.9527,82.488,0.06,0.030103994972176022,0.0025408079793883694,0.002193997018556628,4.3999834060668945,3.020699977874756,92.00000762939453,-24.664716470246788
1771964497.1685648,patch_rect,2.9527,82.488,0.06,0.03040029126847232,0.00248154872012911,0.00204584887040848,4.3999834060668945,3.006700038909912,85.99996566772461,-38.20618248852804
1771964539.4326594,patch_rect,2.9527,82.488,0.06,0.03059782213266985,0.00243154872012911,0.00194584887040848,4.3999834060668945,2.998699903488159,82.0000171661377,-35.79871343400519
1771964582.0256586,patch_rect,2.9527,82.488,0.06,0.030729509375468204,0.00248154872012911,0.00204584887040848,4.3999834060668945,2.9767000675201416,83.9998722076416,-30.8628630098306
1771964624.902293,patch_rect,2.9527,82.488,0.06,0.030829509375468203,0.00243154872012911,0.00194584887040848,4.3999834060668945,2.9767000675201416,79.99992370605469,-27.468358499160054
1771964667.2038858,patch_rect,2.9527,82.488,0.06,0.030929509375468203,0.00248154872012911,0.00204584887040848,4.3999834060668945,2.958699941635132,82.0000171661377,-26.14945437903065
1771964709.8032093,patch_rect,2.9527,82.488,0.06,0.03040029126847232,0.00248154872012911,0.00204584887040848,4.3999834060668945,3.006700038909912,85.99996566772461,-38.20618248852804
1771964758.738246,patch_rect,2.2076,63.176,0.06,0.0348055362701416,0.0023230561055243015,0.0016166239511221647,4.399984359741211,2.341599941253662,54.000139236450195,-32.78802578849137
1771964801.757682,patch_rect,2.2076,63.176,0.06,0.03547220293680827,0.002456389438857635,0.001949957284455498,4.399984359741211,2.343600034713745,53.999900817871094,-33.972875921546354
1771964845.071677,patch_rect,2.2076,63.176,0.06,0.03591664738125271,0.0025452783277465237,0.0021721795066777204,4.399984359741211,2.337599992752075,55.9999942779541,-31.293983786139478
1771964889.1313968,patch_rect,2.2076,63.176,0.06,0.03621294367754901,0.002604537587005783,0.0023203276548258685,4.399984359741211,2.3315999507904053,55.9999942779541,-30.717142485541636
1771964933.137942,patch_rect,2.2076,63.176,0.06,0.03641047454174654,0.002654537587005783,0.0024203276548258683,4.399984359741211,2.3276000022888184,58.00008773803711,-29.940629426442527
1771964976.4740646,patch_rect,2.2076,63.176,0.06,0.0365421617845449,0.0027045375870057833,0.002520327654825868,4.399984359741211,2.3215999603271484,57.99984931945801,-30.477874285171595
1771965020.4856627,patch_rect,2.2076,63.176,0.06,0.0366421617845449,0.0027545375870057834,0.002620327654825868,4.399984359741211,2.3215999603271484,59.999942779541016,-28.965832142359893
1771965063.498076,patch_rect,2.2076,63.176,0.06,0.036742161784544904,0.0028045375870057836,0.002720327654825868,4.399984359741211,2.3176000118255615,57.99984931945801,-28.77141002034865
1771965106.0267932,patch_rect,2.2076,63.176,0.06,0.036842161784544906,0.0028545375870057837,0.0028203276548258677,4.399984359741211,2.3115999698638916,59.999942779541016,-28.884916357693776
1771965150.467963,patch_rect,2.2076,63.176,0.06,0.03694216178454491,0.002904537587005784,0.0029203276548258675,4.399984359741211,2.3176000118255615,59.999942779541016,-27.383049783072515
1771965193.5089068,patch_rect,2.2076,63.176,0.06,0.03547220293680827,0.002456389438857635,0.001949957284455498,4.399984359741211,2.343600034713745,53.999900817871094,-33.972875921546354
1771965228.2975366,patch_rect,6.1455,105.728,0.06,0.013128326274454594,0.0022081544157117605,0.005,4.397786617279053,5.145500183105469,2000.0,-16.558034156148373
1771965278.1614108,patch_rect,6.1455,105.728,0.06,0.012461659607787928,0.002074821082378427,0.004666666666666667,4.397786617279053,7.007500171661377,657.9999923706055,-27.145824069349032
1771965327.9540079,patch_rect,6.1455,105.728,0.06,0.012906104052232373,0.0019859321934895383,0.0044444444444444444,4.397786617279053,6.929500102996826,634.000301361084,-22.324333284586174
1771965377.1320333,patch_rect,6.1455,105.728,0.06,0.013202400348528669,0.001926672934230279,0.004296296296296296,4.397786617279053,6.883500099182129,626.0004043579102,-20.217566212250425
1771965425.0695229,patch_rect,6.1455,105.728,0.06,0.0133999312127262,0.001876672934230279,0.004196296296296296,4.397786617279053,6.8454999923706055,630.000114440918,-19.1669344277009
1771965472.2186484,patch_rect,6.1455,105.728,0.06,0.013531618455524554,0.0018266729342302792,0.004096296296296296,4.397786617279053,6.831500053405762,624.000072479248,-18.943693044890296
1771965519.3889692,patch_rect,6.1455,105.728,0.06,0.013631618455524554,0.0017766729342302793,0.0039962962962962955,4.397786617279053,6.815499782562256,611.9999885559082,-18.67208866685095
1771965567.0171168,patch_rect,6.1455,105.728,0.06,0.013731618455524553,0.0017266729342302794,0.0038962962962962957,4.397786617279053,6.795499801635742,582.0002555847168,-18.137366216484278
1771965613.3386874,patch_rect,6.1455,105.728,0.06,0.013831618455524552,0.0016766729342302794,0.003796296296296296,4.397786617279053,6.781499862670898,556.0002326965332,-17.71123882409331
1771965659.6441534,patch_rect,6.1455,105.728,0.06,0.013931618455524552,0.0016266729342302795,0.003696296296296296,4.397786617279053,6.741499900817871,552.0000457763672,-17.804515791895025
1771965710.2627301,patch_rect,6.1455,105.728,0.06,0.012461659607787928,0.002074821082378427,0.004666666666666667,4.397786617279053,7.007500171661377,657.9999923706055,-27.145824069349032
1771965759.6221514,patch_rect,4.755,113.999,0.06,0.019867565482854843,0.0022917408496141434,0.0038345984648913145,4.3986968994140625,4.048999786376953,242.00010299682617,-14.889185649410274
1771965804.6704283,patch_rect,4.755,113.999,0.06,0.019200898816188177,0.00215840751628081,0.003501265131557981,4.3986968994140625,4.2170000076293945,219.9997901916504,-13.71333209481594
1771965849.0729814,patch_rect,4.755,113.999,0.06,0.018756454371743732,0.002069518627391921,0.003279042909335759,4.3986968994140625,4.355000019073486,196.0000991821289,-12.816942285441804
1771965892.4845142,patch_rect,4.755,113.999,0.06,0.018460158075447434,0.002010259368132662,0.0031308947611876107,4.3986968994140625,5.678999900817871,162.00017929077148,-12.89971485939433
1771965936.0316644,patch_rect,4.755,113.999,0.06,0.018657688939644965,0.0019602593681326617,0.003030894761187611,4.3986968994140625,4.408999919891357,177.99997329711914,-12.746177306438147
1771965979.2929554,patch_rect,4.755,113.999,0.06,0.018526001696846612,0.0019102593681326618,0.002930894761187611,4.3986968994140625,4.456999778747559,174.00026321411133,-12.658003919904923
1771966022.8247356,patch_rect,4.755,113.999,0.06,0.018426001696846613,0.001860259368132662,0.0028308947611876112,4.3986968994140625,4.499000072479248,168.0002212524414,-12.608738714889334
1771966066.66555,patch_rect,4.755,113.999,0.06,0.018326001696846613,0.001810259368132662,0.0027308947611876114,4.3986968994140625,4.540999889373779,160.00032424926758,-12.519102505245973
1771966115.0431066,patch_rect,4.755,113.999,0.06,0.018226001696846614,0.001760259368132662,0.0026308947611876116,4.3986968994140625,4.586999893188477,156.00013732910156,-12.528612651019595
1771966157.9185176,patch_rect,4.755,113.999,0.06,0.018126001696846614,0.0017102593681326622,0.0025308947611876118,4.3986968994140625,4.629000186920166,136.0001564025879,-11.837876295260749
1771966204.1774483,patch_rect,4.755,113.999,0.06,0.019867565482854843,0.0022917408496141434,0.0038345984648913145,4.3986968994140625,4.048999786376953,242.00010299682617,-14.889185649410274
1771966236.9217205,patch_rect,4.0051,75.352,0.06,0.026920605450868607,0.00232904264703393,0.003841196186840534,4.398425579071045,3.0051000118255615,1999.999761581421,-25.61614857285821
1771966280.9216232,patch_rect,4.0051,75.352,0.06,0.02625393878420194,0.0021957093137005964,0.0035078628535072007,4.398425579071045,3.2451000213623047,119.99988555908203,-11.794614154622543
1771966324.376775,patch_rect,4.0051,75.352,0.06,0.025809494339757495,0.0021068204248117076,0.0032856406312849785,4.398425579071045,3.2651000022888184,220.0000286102295,-17.628420433544186
1771966368.3804417,patch_rect,4.0051,75.352,0.06,0.025513198043461197,0.0020475611655524483,0.0031374924831368304,4.398425579071045,3.219099998474121,276.0000228881836,-22.53624739963999
1771966412.8579414,patch_rect,4.0051,75.352,0.06,0.025315667179263666,0.001997561165552448,0.0030374924831368306,4.398425579071045,3.215100049972534,305.9999942779541,-31.213622904731544
1771966456.129617,patch_rect,4.0051,75.352,0.06,0.025183979936465314,0.0019475611655524483,0.0029374924831368308,4.398425579071045,3.213099956512451,332.0000171661377,-38.68878249798559
1771966500.1439815,patch_rect,4.0051,75.352,0.06,0.025083979936465314,0.0018975611655524484,0.002837492483136831,4.398425579071045,3.4330999851226807,194.0000057220459,-29.56375254983324
1771966542.4450135,patch_rect,4.0051,75.352,0.06,0.024983979936465315,0.0018475611655524484,0.002737492483136831,4.398425579071045,3.4451000690460205,176.00011825561523,-31.783867497230457
1771966585.372043,patch_rect,4.0051,75.352,0.06,0.024883979936465316,0.0017975611655524485,0.0026374924831368313,4.398425579071045,3.475100040435791,164.0000343322754,-33.80446709404568
1771966615.7317946,patch_rect,4.0051,75.352,0.06,0.024783979936465316,0.0017475611655524486,0.0025374924831368315,4.398425579071045,3.0051000118255615,1999.999761581421,-27.04780356798199
1771966658.9199262,patch_rect,4.0051,75.352,0.06,0.025183979936465314,0.0019475611655524483,0.0029374924831368308,4.398425579071045,3.213099956512451,332.0000171661377,-38.68888785229272
1771966708.1057444,patch_rect,2.4999,98.733,0.06,0.03057602047920227,0.002302710432559252,0.001621017698198557,4.399982929229736,2.345900058746338,79.99992370605469,-17.554356565685765
1771966751.3009877,patch_rect,2.4999,98.733,0.06,0.029909353812535604,0.002436043765892585,0.0019543510315318904,4.399982929229736,2.273900032043457,139.9998664855957,-16.3804171748689
1771966795.3306985,patch_rect,2.4999,98.733,0.06,0.02946490936809116,0.0023471548770036964,0.0017321288093096682,4.399982929229736,2.339900016784668,77.99983024597168,-12.193073836985873
1771966839.7798123,patch_rect,2.4999,98.733,0.06,0.02916861307179486,0.0024064141362629557,0.0018802769574578163,4.399982929229736,3.403899908065796,42.00005531311035,-11.003546185430997
1771966882.55266,patch_rect,2.4999,98.733,0.06,0.029366143935992392,0.002456414136262956,0.001980276957457816,4.399982929229736,2.329900026321411,85.99996566772461,-12.060056445257876
1771966926.528916,patch_rect,2.4999,98.733,0.06,0.02923445669319404,0.002506414136262956,0.002080276957457816,4.399982929229736,2.331899881362915,79.99992370605469,-11.650531383839475
1771966970.6199496,patch_rect,2.4999,98.733,0.06,0.02913445669319404,0.002556414136262956,0.002180276957457816,4.399982929229736,2.329900026321411,68.00007820129395,-11.083895100773615
1771967013.982464,patch_rect,2.4999,98.733,0.06,0.02903445669319404,0.0026064141362629563,0.0022802769574578156,4.399982929229736,2.329900026321411,54.000139236450195,-10.652204757977684
1771967057.207203,patch_rect,2.4999,98.733,0.06,0.02893445669319404,0.0026564141362629564,0.0023802769574578155,4.399982929229736,2.327899932861328,26.000022888183594,-10.152930116735256
1771967101.669266,patch_rect,2.4999,98.733,0.06,0.02883445669319404,0.0027064141362629565,0.0024802769574578153,4.399982929229736,3.395900011062622,6.000041961669922,-10.025729319022874
1771967149.4790988,patch_rect,2.4999,98.733,0.06,0.03057602047920227,0.002302710432559252,0.001621017698198557,4.399982929229736,2.345900058746338,79.99992370605469,-17.554362625304307
1771967198.470489,patch_rect,3.5042,114.271,0.06,0.02555255778133869,0.002311148913577199,0.0016453342977911234,4.39998197555542,3.3062000274658203,101.99999809265137,-26.665959381146763
1771967241.570375,patch_rect,3.5042,114.271,0.06,0.024885891114672026,0.0024444822469105324,0.001978667631124457,4.39998197555542,3.6761999130249023,130.00011444091797,-18.444055048964614
1771967285.4538953,patch_rect,3.5042,114.271,0.06,0.02533033555911647,0.0023555933580216436,0.0017564454089022347,4.39998197555542,3.626199960708618,108.00004005432129,-16.393157824190823
1771967329.7922323,patch_rect,3.5042,114.271,0.06,0.02562663185541277,0.002414852617280903,0.0019045935570503828,4.39998197555542,3.588200092315674,121.99997901916504,-16.59978294028932
1771967374.3580952,patch_rect,3.5042,114.271,0.06,0.0258241627196103,0.002364852617280903,0.0018045935570503828,4.39998197555542,3.578200101852417,114.00008201599121,-16.082573554697422
1771967417.4571106,patch_rect,3.5042,114.271,0.06,0.025955849962408652,0.002414852617280903,0.0019045935570503828,4.39998197555542,3.5441999435424805,125.99992752075195,-15.47637486727771
1771967460.4151824,patch_rect,3.5042,114.271,0.06,0.026055849962408652,0.002364852617280903,0.0018045935570503828,4.39998197555542,3.5462000370025635,115.99993705749512,-15.370742876394988
1771967502.7545714,patch_rect,3.5042,114.271,0.06,0.02615584996240865,0.0023148526172809027,0.0017045935570503827,4.39998197555542,3.5541999340057373,92.00000762939453,-14.235639821163616
1771967546.2176979,patch_rect,3.5042,114.271,0.06,0.02625584996240865,0.002364852617280903,0.0018045935570503828,4.39998197555542,3.518199920654297,125.99992752075195,-14.674777087449186
1771967590.7764132,patch_rect,3.5042,114.271,0.06,0.02635584996240865,0.0023148526172809027,0.0017045935570503827,4.39998197555542,3.5281999111175537,92.00000762939453,-13.672598022366223
1771967637.2667308,patch_rect,3.5042,114.271,0.06,0.02555255778133869,0.002311148913577199,0.0016453342977911234,4.39998197555542,3.3062000274658203,101.99999809265137,-26.66594264246594
1771967686.3426504,patch_rect,2.2549,81.621,0.06,0.03336387872695923,0.0023116569500416517,0.0016143529210239649,4.3999834060668945,2.344899892807007,55.9999942779541,-35.08340257220114
1771967729.7644188,patch_rect,2.2549,81.621,0.06,0.0340305453936259,0.002444990283374985,0.0019476862543572981,4.3999834060668945,2.34689998626709,58.00008773803711,-36.23371090267988
1771967773.273943,patch_rect,2.2549,81.621,0.06,0.03447498983807034,0.002533879172263874,0.0021699084765795205,4.3999834060668945,2.338900089263916,58.00008773803711,-42.0177981706701
1771967817.7608173,patch_rect,2.2549,81.621,0.06,0.034771286134366634,0.0025931384315231332,0.0023180566247276687,4.3999834060668945,2.332900047302246,58.00008773803711,-39.76440189799676
1771967862.218049,patch_rect,2.2549,81.621,0.06,0.03496881699856417,0.0026431384315231334,0.0024180566247276685,4.3999834060668945,2.328900098800659,60.00018119812012,-46.481296628367666
1771967906.3043985,patch_rect,2.2549,81.621,0.06,0.035100504241362525,0.0026931384315231335,0.0025180566247276683,4.3999834060668945,2.324899911880493,59.999942779541016,-47.63937028397404
1771967950.4535766,patch_rect,2.2549,81.621,0.06,0.03520050424136253,0.0027431384315231336,0.002618056624727668,4.3999834060668945,2.324899911880493,61.99979782104492,-43.79029023992179
1771967995.135527,patch_rect,2.2549,81.621,0.06,0.03530050424136253,0.0027931384315231338,0.002718056624727668,4.3999834060668945,2.3189001083374023,62.00003623962402,-41.41480315417488
1771968039.0889878,patch_rect,2.2549,81.621,0.06,0.03540050424136253,0.002843138431523134,0.002818056624727668,4.3999834060668945,2.3148999214172363,61.99979782104492,-45.96873767681452
1771968083.6647148,patch_rect,2.2549,81.621,0.06,0.035500504241362536,0.002893138431523134,0.0029180566247276676,4.3999834060668945,2.3208999633789062,62.00003623962402,-37.801497697907045
1771968128.3782914,patch_rect,2.2549,81.621,0.06,0.035100504241362525,0.0026931384315231335,0.0025180566247276683,4.3999834060668945,2.324899911880493,59.999942779541016,-47.6397398755877
1771968182.9368556,patch_rect,6.8374,101.94,0.06,0.011073715053498745,0.0021737979259341955,0.005,4.388382434844971,7.16540002822876,1441.999912261963,-25.23430821078099
1771968233.8222697,patch_rect,6.8374,101.94,0.06,0.011740381720165411,0.002040464592600862,0.004666666666666667,4.388382434844971,7.057400226593018,1205.9998512268066,-43.81714147036084
1771968284.6481502,patch_rect,6.8374,101.94,0.06,0.012184826164609856,0.0019515757037119733,0.0044444444444444444,4.388382434844971,6.971399784088135,1064.000129699707,-29.53545746839597
1771968335.1100318,patch_rect,6.8374,101.94,0.06,0.012481122460906153,0.001892316444452714,0.004296296296296296,4.388382434844971,6.911399841308594,980.0000190734863,-27.147792428461194
1771968385.3360436,patch_rect,6.8374,101.94,0.06,0.012678653325103683,0.001842316444452714,0.004196296296296296,4.388382434844971,6.875400066375732,926.0001182556152,-26.11839442762693
1771968435.666635,patch_rect,6.8374,101.94,0.06,0.012810340567902038,0.0017923164444527142,0.004096296296296296,4.388382434844971,6.849400043487549,891.9997215270996,-25.76971467606604
1771968485.583037,patch_rect,6.8374,101.94,0.06,0.012910340567902037,0.0017423164444527143,0.0039962962962962955,4.388382434844971,6.819399833679199,851.9997596740723,-24.922408056663702
1771968534.833801,patch_rect,6.8374,101.94,0.06,0.012810340567902038,0.0016923164444527143,0.0038962962962962957,4.388382434844971,6.8694000244140625,901.9999504089355,-27.083546956786968
1771968585.0887203,patch_rect,6.8374,101.94,0.06,0.012910340567902037,0.0016423164444527144,0.003796296296296296,4.388382434844971,6.855400085449219,878.0002593994141,-26.353844479892206
1771968633.1561923,patch_rect,6.8374,101.94,0.06,0.013010340567902037,0.0015923164444527145,0.003696296296296296,4.388382434844971,6.815400123596191,876.0004043579102,-27.264767109350323
1771968684.294784,patch_rect,6.8374,101.94,0.06,0.011740381720165411,0.002040464592600862,0.004666666666666667,4.388382434844971,7.057400226593018,1205.9998512268066,-43.81714147036084
1771968737.1463122,patch_rect,5.4157,110.517,0.06,0.016615649685263634,0.0022566376719623804,0.004426952917128801,4.398332595825195,4.577700138092041,300.0001907348633,-23.465601088925915
1771968785.5657537,patch_rect,5.4157,110.517,0.06,0.015948983018596968,0.002123304338629047,0.004093619583795468,4.398332595825195,4.589700222015381,291.99981689453125,-17.147037384517017
1771968834.1603498,patch_rect,5.4157,110.517,0.06,0.015504538574152522,0.0020344154497401582,0.003871397361573246,4.398332595825195,6.309700012207031,203.99999618530273,-17.709445028852326
1771968884.0124445,patch_rect,5.4157,110.517,0.06,0.01580083487044882,0.001975156190480899,0.003723249213425098,4.398332595825195,6.287700176239014,206.00032806396484,-17.95415501402633
1771968933.900468,patch_rect,5.4157,110.517,0.06,0.01599836573464635,0.001925156190480899,0.003623249213425098,4.398332595825195,6.27370023727417,205.99985122680664,-18.06899870287773
1771968981.9792645,patch_rect,5.4157,110.517,0.06,0.016130052977444704,0.001875156190480899,0.0035232492134250983,4.398332595825195,6.269700050354004,205.99985122680664,-17.69859125140862
1771969029.8388636,patch_rect,5.4157,110.517,0.06,0.016230052977444703,0.0018251561904808992,0.0034232492134250985,4.398332595825195,4.617700099945068,254.00018692016602,-17.764046868873507
1771969078.374058,patch_rect,5.4157,110.517,0.06,0.016130052977444704,0.0017751561904808992,0.0033232492134250987,4.398332595825195,6.279699802398682,193.9997673034668,-18.22713523127804
1771969126.022583,patch_rect,5.4157,110.517,0.06,0.016230052977444703,0.0017251561904808993,0.003223249213425099,4.398332595825195,6.277699947357178,187.99972534179688,-18.564526161476557
1771969172.7233634,patch_rect,5.4157,110.517,0.06,0.016330052977444703,0.0016751561904808994,0.003123249213425099,4.398332595825195,6.275700092315674,181.99968338012695,-19.053888555332822
1771969222.426503,patch_rect,5.4157,110.517,0.06,0.016615649685263634,0.0022566376719623804,0.004426952917128801,4.398332595825195,4.577700138092041,300.0001907348633,-23.465601088925915
1771969272.017685,patch_rect,4.0431,62.821,0.06,0.02753390371799469,0.0023336028680205345,0.004517311695963144,4.397477149963379,4.533100128173828,100.00038146972656,-11.572174271921634
1771969317.7492385,patch_rect,4.0431,62.821,0.06,0.028200570384661356,0.002200269534687201,0.004183978362629811,4.397477149963379,3.1171000003814697,29.999971389770508,-10.123492579551636
1771969365.1151733,patch_rect,4.0431,62.821,0.06,0.02775612594021691,0.00228915842357609,0.004406200584852034,4.397477149963379,4.527100086212158,79.99992370605469,-11.038177954918904
1771969411.3278427,patch_rect,4.0431,62.821,0.06,0.02805242223651321,0.0022298991643168306,0.004258052436703886,4.397477149963379,4.5131001472473145,42.00029373168945,-10.305531635285085
1771969457.3442442,patch_rect,4.0431,62.821,0.06,0.02824995310071074,0.0022798991643168307,0.004358052436703886,4.397477149963379,4.489099979400635,62.000274658203125,-10.638913744711619
1771969503.3524973,patch_rect,4.0431,62.821,0.06,0.028381640343509092,0.002329899164316831,0.004458052436703886,4.397477149963379,4.479100227355957,82.0002555847168,-11.120722511678462
1771969549.3028777,patch_rect,4.0431,62.821,0.06,0.028481640343509092,0.0022798991643168307,0.004358052436703886,4.397477149963379,3.095099925994873,93.99986267089844,-10.971224290065944
1771969595.2935956,patch_rect,4.0431,62.821,0.06,0.028381640343509092,0.0022298991643168306,0.004258052436703886,4.397477149963379,3.10509991645813,72.00002670288086,-10.614924180927359
1771969640.711779,patch_rect,4.0431,62.821,0.06,0.028281640343509093,0.0021798991643168304,0.0041580524367038855,4.397477149963379,3.1110999584198,63.99989128112793,-10.464827186954473
1771969733.573387,patch_rect,4.0431,62.821,0.06,0.02753390371799469,0.0023336028680205345,0.004517311695963144,4.397477149963379,4.533100128173828,100.00038146972656,-11.572175266444788
1771969780.57458,patch_rect,4.1972,114.141,0.06,0.022899609059095383,0.002309718169271946,0.002940588863566518,4.399226188659668,3.817199945449829,200.00004768371582,-31.256734986231066
1771969824.142022,patch_rect,4.1972,114.141,0.06,0.022232942392428717,0.0021763848359386126,0.0026072555302331843,4.399226188659668,3.957200050354004,179.99982833862305,-26.040227011164177
1771969867.7870483,patch_rect,4.1972,114.141,0.06,0.02178849794798427,0.0020874959470497238,0.002385033308010962,4.399226188659668,4.067200183868408,170.0000762939453,-23.88628272988869
1771969910.949818,patch_rect,4.1972,114.141,0.06,0.021492201651687973,0.0020282366877904644,0.002236885159862814,4.399226188659668,4.147200107574463,164.0000343322754,-23.492186777660095
1771969958.5618243,patch_rect,4.1972,114.141,0.06,0.021294670787490443,0.0019782366877904643,0.0021368851598628142,4.399226188659668,4.201200008392334,157.99999237060547,-22.882144702255776
1771970001.59923,patch_rect,4.1972,114.141,0.06,0.021426358030288795,0.0019282366877904644,0.0020368851598628144,4.399226188659668,4.197199821472168,150.00009536743164,-23.687252388892407
1771970047.8233862,patch_rect,4.1972,114.141,0.06,0.021426358030288795,0.0018782366877904645,0.0019368851598628143,4.399226188659668,4.219200134277344,145.99990844726562,-24.631959015875342
1771970091.0655572,patch_rect,4.1972,114.141,0.06,0.021526358030288795,0.0018282366877904646,0.0018368851598628143,4.399226188659668,4.223199844360352,139.9998664855957,-25.475013165471626
1771970134.298648,patch_rect,4.1972,114.141,0.06,0.021626358030288794,0.0017782366877904647,0.0017368851598628143,4.399226188659668,4.227200031280518,123.99959564208984,-29.324241870553372
1771970176.8441417,patch_rect,4.1972,114.141,0.06,0.021726358030288793,0.0017282366877904647,0.0016368851598628142,4.399226188659668,3.3052000999450684,82.0000171661377,-19.263903098128242
1771970220.8574297,patch_rect,4.1972,114.141,0.06,0.022899609059095383,0.002309718169271946,0.002940588863566518,4.399226188659668,3.817199945449829,200.00004768371582,-31.256727394919082
1771970267.8948214,patch_rect,3.8272,105.156,0.06,0.025669420138001442,0.00231846678070724,0.00250460347160697,4.399479866027832,3.2232000827789307,286.00001335144043,-25.331367310052663
1771970311.8087838,patch_rect,3.8272,105.156,0.06,0.025002753471334776,0.0021851334473739067,0.0021712701382736363,4.399479866027832,3.5332000255584717,134.00006294250488,-20.192382430779436
1771970355.270556,patch_rect,3.8272,105.156,0.06,0.02455830902689033,0.002096244558485018,0.0019490479160514142,4.399479866027832,3.631200075149536,124.00007247924805,-21.36013964874181
1771970399.1072702,patch_rect,3.8272,105.156,0.06,0.024262012730594033,0.0020369852992257586,0.001800899767903266,4.399479866027832,3.697200059890747,117.99979209899902,-22.627887838662787
1771970442.4063594,patch_rect,3.8272,105.156,0.06,0.024064481866396502,0.0019869852992257585,0.001700899767903266,4.399479866027832,3.213200092315674,79.99992370605469,-19.100292786001027
1771970485.9140193,patch_rect,3.8272,105.156,0.06,0.02393279462359815,0.0020369852992257586,0.001800899767903266,4.399479866027832,3.7432000637054443,120.00012397766113,-24.078319029116464
1771970528.8284595,patch_rect,3.8272,105.156,0.06,0.02383279462359815,0.0019869852992257585,0.001700899767903266,4.399479866027832,3.213200092315674,77.99983024597168,-18.37786814068383
1771970583.8398361,patch_rect,3.8272,105.156,0.06,0.02373279462359815,0.0020369852992257586,0.001800899767903266,4.399479866027832,3.773200035095215,119.99988555908203,-24.906626750137594
1771970686.8410807,patch_rect,3.8272,105.156,0.06,0.02363279462359815,0.0019869852992257585,0.001700899767903266,4.399479866027832,3.2151999473571777,75.99997520446777,-17.80948486825301
1771970791.3390734,patch_rect,3.8272,105.156,0.06,0.02353279462359815,0.0020369852992257586,0.001800899767903266,4.399479866027832,3.8011999130249023,121.99997901916504,-25.794125547691
1771970895.6474276,patch_rect,3.8272,105.156,0.06,0.02353279462359815,0.0020369852992257586,0.001800899767903266,4.399479866027832,3.8011999130249023,121.99997901916504,-25.794150242952774
1771971007.401223,patch_rect,4.7848,69.954,0.06,0.02188284695148468,0.0023053884506225586,0.005,4.3975677490234375,5.16480016708374,285.9997749328613,-20.355505023168803
1771971114.2155893,patch_rect,4.7848,69.954,0.06,0.022549513618151346,0.002172055117289225,0.004666666666666667,4.3975677490234375,5.102799892425537,239.99977111816406,-17.402943788827457
1771971222.4297082,patch_rect,4.7848,69.954,0.06,0.02299395806259579,0.0020831662284003364,0.0044444444444444444,4.3975677490234375,5.066800117492676,203.99999618530273,-15.273533240091048
1771971314.2096698,patch_rect,4.7848,69.954,0.06,0.02329025435889209,0.002023906969141077,0.004296296296296296,4.3975677490234375,3.7848000526428223,2000.0,-19.378555495706024
1771971422.2265806,patch_rect,4.7848,69.954,0.06,0.02309272349469456,0.001973906969141077,0.004196296296296296,4.3975677490234375,5.0767998695373535,168.0002212524414,-13.621851038333832
1771971737.7694535,patch_rect,3.7583,83.588,0.06,0.026453986873229345,0.0024592204266538223,0.0033111017582317195,4.399202346801758,3.3262999057769775,98.00004959106445,-11.165504351848238
1771971841.8728619,patch_rect,3.7583,83.588,0.06,0.0260095424287849,0.0023703315377649335,0.0030888795360094973,4.399202346801758,3.3243000507354736,213.99998664855957,-16.091871028813905
1771971946.4953315,patch_rect,3.7583,83.588,0.06,0.025713246132488602,0.002311072278505674,0.002940731387861349,4.399202346801758,3.314300060272217,263.99993896484375,-22.378666138847745
1771972052.1358016,patch_rect,3.7583,83.588,0.06,0.02551571526829107,0.002261072278505674,0.0028407313878613494,4.399202346801758,3.306299924850464,302.0000457763672,-44.65000035162195
1771972156.6639578,patch_rect,3.7583,83.588,0.06,0.02538402802549272,0.002211072278505674,0.0027407313878613495,4.399202346801758,3.300299882888794,314.00012969970703,-30.110522501469994
1771972260.7200906,patch_rect,3.7583,83.588,0.06,0.02528402802549272,0.002161072278505674,0.0026407313878613497,4.399202346801758,3.302299976348877,333.9998722076416,-22.74670120115789
1771972365.1434243,patch_rect,3.7583,83.588,0.06,0.02518402802549272,0.0021110722785056737,0.00254073138786135,4.399202346801758,3.54229998588562,181.99992179870605,-22.153204474366916
1771972469.0979419,patch_rect,3.7583,83.588,0.06,0.02508402802549272,0.0020610722785056735,0.00244073138786135,4.399202346801758,3.5722999572753906,165.9998893737793,-22.38283230512951
1771972573.5469098,patch_rect,3.7583,83.588,0.06,0.02498402802549272,0.0020110722785056734,0.0023407313878613502,4.399202346801758,3.6003000736236572,154.00004386901855,-23.556939977003108
1771972678.628547,patch_rect,3.7583,83.588,0.06,0.02551571526829107,0.002261072278505674,0.0028407313878613494,4.399202346801758,3.306299924850464,302.0000457763672,-44.650002336948745
1771972788.9385915,patch_rect,3.0136,101.712,0.06,0.02740500681102276,0.002308787778019905,0.0016355456318706274,4.399982452392578,3.337599992752075,199.99980926513672,-25.32269246549767
1771972896.163255,patch_rect,3.0136,101.712,0.06,0.028071673477689425,0.0021754544446865717,0.0013022122985372941,4.399982452392578,3.351599931716919,140.0001049041748,-17.37036442672639
1771973003.43515,patch_rect,3.0136,101.712,0.06,0.02851611792213387,0.002086565555797683,0.001079990076315072,4.399982452392578,3.345599889755249,100.00014305114746,-14.161017529638919
1771973111.602867,patch_rect,3.0136,101.712,0.06,0.028812414218430168,0.0021458248150569422,0.00122813822446322,4.399982452392578,3.3336000442504883,58.00008773803711,-11.059816195095033
1771973218.9816742,patch_rect,3.0136,101.712,0.06,0.0290099450826277,0.0021958248150569424,0.0013281382244632201,4.399982452392578,3.3155999183654785,42.00005531311035,-10.588693693876
1771973326.7241657,patch_rect,3.0136,101.712,0.06,0.02914163232542605,0.0022458248150569425,0.0014281382244632202,4.399982452392578,3.2995998859405518,55.9999942779541,-10.984854314050711
1771973434.0213425,patch_rect,3.0136,101.712,0.06,0.02924163232542605,0.0022958248150569426,0.0015281382244632202,4.399982452392578,3.287600040435791,68.00007820129395,-11.409382689810023
1771973541.2942493,patch_rect,3.0136,101.712,0.06,0.02934163232542605,0.0023458248150569428,0.0016281382244632203,4.399982452392578,3.277600049972534,82.0000171661377,-11.948222284849123
1771973749.8269572,patch_rect,3.0136,101.712,0.06,0.02954163232542605,0.002445824815056943,0.0018281382244632203,4.399982452392578,3.1856000423431396,38.00010681152344,-11.458662435096933
1771973857.1293833,patch_rect,3.0136,101.712,0.06,0.02740500681102276,0.002308787778019905,0.0016355456318706274,4.399982452392578,3.337599992752075,199.99980926513672,-25.322693808397055
1771973968.0361726,patch_rect,4.623,78.193,0.06,0.022229189053177834,0.0023081565741449594,0.004750375635921955,4.398130893707275,3.674999952316284,206.00008964538574,-20.44658521111739
1771974075.9238155,patch_rect,4.623,78.193,0.06,0.021562522386511167,0.002174823240811626,0.004417042302588622,4.398130893707275,3.806999921798706,296.00000381469727,-17.273759921491116
1771974220.1974323,patch_rect,3.2088,118.504,0.06,0.025780638679862022,0.0023033127654343843,0.0016367152566090226,4.399981498718262,3.30679988861084,108.00004005432129,-27.887893311115953
1771974758.6265454,patch_rect,3.2936,53.461,0.06,0.029817333444952965,0.00233304756693542,0.0028865039348602295,4.399255275726318,2.3155999183654785,72.00002670288086,-17.491093975189898
1771974803.9363048,patch_rect,3.2936,53.461,0.06,0.0291506667782863,0.0021997142336020866,0.002553170601526896,4.399255275726318,2.3255999088287354,73.99988174438477,-12.841595936746685
1771974848.5019085,patch_rect,3.2936,53.461,0.06,0.028706222333841853,0.002110825344713198,0.002330948379304674,4.399255275726318,3.409600019454956,47.99985885620117,-11.18119904923481
1771974892.9038231,patch_rect,3.2936,53.461,0.06,0.02900251863013815,0.002170084603972457,0.002479096527452822,4.399255275726318,2.3336000442504883,75.99997520446777,-12.008291618420486
1771974937.4239862,patch_rect,3.2936,53.461,0.06,0.02880498776594062,0.002120084603972457,0.002379096527452822,4.399255275726318,3.401599884033203,48.00009727478027,-11.134718462893876
1771974982.3704631,patch_rect,3.2936,53.461,0.06,0.028936675008738973,0.002170084603972457,0.002479096527452822,4.399255275726318,2.335599899291992,69.99993324279785,-11.596426219789013
1771975027.0422232,patch_rect,3.2936,53.461,0.06,0.028836675008738974,0.002120084603972457,0.002379096527452822,4.399255275726318,3.399600028991699,47.99985885620117,-11.141619321812254
1771975131.4545114,patch_rect,3.2936,53.461,0.06,0.028936675008738973,0.002170084603972457,0.002479096527452822,4.399255275726318,2.335599899291992,69.99993324279785,-11.596428927223013
1771975235.8488348,patch_rect,3.2936,53.461,0.06,0.028836675008738974,0.002120084603972457,0.002379096527452822,4.399255275726318,3.399600028991699,47.99985885620117,-11.141619321812254
1771975339.8629022,patch_rect,3.2936,53.461,0.06,0.028936675008738973,0.002170084603972457,0.002479096527452822,4.399255275726318,2.335599899291992,69.99993324279785,-11.596426219789013
1771975446.0397575,patch_rect,3.2936,53.461,0.06,0.029817333444952965,0.00233304756693542,0.0028865039348602295,4.399255275726318,2.3155999183654785,72.00002670288086,-17.491160400174415
1771975558.3514507,patch_rect,5.156,123.691,0.06,0.017358707264065742,0.002268712967634201,0.0038965579587966204,4.3986496925354,4.633999824523926,434.00001525878906,-18.739660523792352
1771975667.595356,patch_rect,5.156,123.691,0.06,0.016692040597399076,0.0021353796343008677,0.003563224625463287,4.3986496925354,4.619999885559082,311.9997978210449,-23.260643414635688
1771975775.2696426,patch_rect,5.156,123.691,0.06,0.01624759615295463,0.002046490745411979,0.0033410024032410647,4.3986496925354,4.630000114440918,225.9998321533203,-16.191722160142337
1771975884.504631,patch_rect,5.156,123.691,0.06,0.015951299856658333,0.0019872314861527195,0.0031928542550929166,4.3986496925354,4.671999931335449,143.99957656860352,-11.670113409298233
1771976605.135115,patch_rect,5.156,123.691,0.06,0.016692040597399076,0.0021353796343008677,0.003563224625463287,4.3986496925354,4.619999885559082,311.9997978210449,-23.260643414635688
1771976697.721188,patch_rect,5.2356,65.613,0.06,0.020082201808691025,0.00228344788774848,0.005,4.397552013397217,5.397600173950195,342.00000762939453,-24.565664702069718
1771976806.732396,patch_rect,5.2356,65.613,0.06,0.02074886847535769,0.0021501145544151464,0.004666666666666667,4.397552013397217,5.327600002288818,297.9998588562012,-21.047493007202036
1771976915.4843338,patch_rect,5.2356,65.613,0.06,0.021193312919802136,0.0020612256655262577,0.0044444444444444444,4.397552013397217,5.277599811553955,256.0000419616699,-18.093721173464882
1771976963.5582192,patch_rect,5.2356,65.613,0.06,0.021489609216098434,0.0020019664062669983,0.004296296296296296,4.397552013397217,5.2555999755859375,227.99968719482422,-16.47188906934393
1771977011.6837366,patch_rect,5.2356,65.613,0.06,0.021687140080295965,0.0019519664062669984,0.004196296296296296,4.397552013397217,5.237599849700928,208.00018310546875,-15.365142046192899
1771977059.9461498,patch_rect,5.2356,65.613,0.06,0.021818827323094318,0.0019019664062669985,0.004096296296296296,4.397552013397217,5.23360013961792,191.9999122619629,-14.654376516511613
1771977108.0833766,patch_rect,5.2356,65.613,0.06,0.021718827323094318,0.0018519664062669986,0.0039962962962962955,4.397552013397217,5.2515997886657715,184.00001525878906,-14.16288419359713
1771977156.3664987,patch_rect,5.2356,65.613,0.06,0.021818827323094318,0.0018019664062669987,0.0038962962962962957,4.397552013397217,5.253600120544434,168.0002212524414,-13.550468174307076
1771977204.541025,patch_rect,5.2356,65.613,0.06,0.021918827323094317,0.0017519664062669988,0.003796296296296296,4.397552013397217,5.249599933624268,153.99980545043945,-13.020391564948959
1771977252.3032424,patch_rect,5.2356,65.613,0.06,0.022018827323094316,0.0017019664062669988,0.003696296296296296,4.397552013397217,5.219600200653076,138.0000114440918,-12.55247173374521
1771977301.8592484,patch_rect,5.2356,65.613,0.06,0.020082201808691025,0.00228344788774848,0.005,4.397552013397217,5.397600173950195,342.00000762939453,-24.5656595906687
1771977354.6422179,patch_rect,4.6359,92.709,0.06,0.02133183926343918,0.0023025325499475002,0.0043141720816493034,4.39841890335083,5.635900020599365,38.00010681152344,-13.024095026227936
1771977404.3240588,patch_rect,4.6359,92.709,0.06,0.021998505930105845,0.0024358658832808336,0.0046475054149826365,4.39841890335083,5.631899833679199,113.99984359741211,-16.314039840320838
1771977454.1101093,patch_rect,4.6359,92.709,0.06,0.02244295037455029,0.002346976994391945,0.004425283192760414,4.39841890335083,5.607900142669678,131.99996948242188,-16.497620054394567
1771977503.383391,patch_rect,4.6359,92.709,0.06,0.022739246670846588,0.0022877177351326855,0.004277135044612266,4.39841890335083,5.593900203704834,139.9998664855957,-16.67124848174361
1771977553.1781976,patch_rect,4.6359,92.709,0.06,0.02293677753504412,0.0022377177351326854,0.0041771350446122655,4.39841890335083,5.591899871826172,142.0001983642578,-16.72531729828605
1771977602.8909435,patch_rect,4.6359,92.709,0.06,0.02306846477784247,0.0021877177351326852,0.004077135044612265,4.39841890335083,5.585899829864502,145.99990844726562,-17.203027623019615
1771977652.2432394,patch_rect,4.6359,92.709,0.06,0.02316846477784247,0.002137717735132685,0.003977135044612265,4.39841890335083,5.593900203704834,138.0000114440918,-17.479883851257576
1771977732.307759,patch_rect,4.6359,92.709,0.06,0.02326846477784247,0.002087717735132685,0.003877135044612265,4.39841890335083,5.591899871826172,139.9998664855957,-18.08334531189797
1771977791.4644325,patch_rect,4.6359,92.709,0.06,0.02336846477784247,0.002037717735132685,0.0037771350446122653,4.39841890335083,5.589900016784668,139.9998664855957,-18.639153390914014
1771977900.9050999,patch_rect,4.6359,92.709,0.06,0.02346846477784247,0.0019877177351326847,0.0036771350446122655,4.39841890335083,5.5619001388549805,168.0002212524414,-20.529684445317756
1771978010.7854836,patch_rect,4.6359,92.709,0.06,0.02346846477784247,0.0019877177351326847,0.0036771350446122655,4.39841890335083,5.5619001388549805,168.0002212524414,-20.529698355031076
1771978119.4764764,patch_rect,3.573,102.195,0.06,0.026179907843470573,0.002316931029781699,0.002019573003053665,4.399763584136963,3.236999988555908,252.000093460083,-17.775681296763196
1771978227.2015634,patch_rect,3.573,102.195,0.06,0.025513241176803907,0.002183597696448366,0.001686239669720332,4.399763584136963,3.2149999141693115,92.00000762939453,-23.09157416701408
1771978332.1658697,patch_rect,3.573,102.195,0.06,0.025068796732359462,0.0022724865853372546,0.001908461891942554,4.399763584136963,3.566999912261963,118.00003051757812,-18.19644764797236
1771978377.5932913,patch_rect,3.573,102.195,0.06,0.024772500436063164,0.0022132273260779952,0.001760313743794406,4.399763584136963,3.6050000190734863,107.99980163574219,-18.144508057787885
1771978426.8100498,patch_rect,3.573,102.195,0.06,0.024970031300260695,0.002163227326077995,0.001660313743794406,4.399763584136963,3.2149999141693115,82.0000171661377,-20.010557539788252
1771978472.2579188,patch_rect,3.573,102.195,0.06,0.024838344057462342,0.0022132273260779952,0.001760313743794406,4.399763584136963,3.5950000286102295,108.00004005432129,-17.939538441557055
1771978519.7072916,patch_rect,3.573,102.195,0.06,0.02493834405746234,0.002163227326077995,0.001660313743794406,4.399763584136963,3.2149999141693115,82.0000171661377,-19.882978971364928
1771978564.31108,patch_rect,3.573,102.195,0.06,0.024838344057462342,0.0022132273260779952,0.001760313743794406,4.399763584136963,3.5950000286102295,108.00004005432129,-17.939538441557055
1771978611.9473143,patch_rect,3.573,102.195,0.06,0.02493834405746234,0.002163227326077995,0.001660313743794406,4.399763584136963,3.2149999141693115,82.0000171661377,-19.882978720473297
1771978657.7175083,patch_rect,3.573,102.195,0.06,0.024838344057462342,0.0022132273260779952,0.001760313743794406,4.399763584136963,3.5950000286102295,108.00004005432129,-17.939538441557055
1771978706.3301988,patch_rect,3.573,102.195,0.06,0.025513241176803907,0.002183597696448366,0.001686239669720332,4.399763584136963,3.2149999141693115,92.00000762939453,-23.091548052330012
1771978764.4487457,patch_rect,6.0737,115.639,0.06,0.013202806934714317,0.002209646161645651,0.005,4.39804220199585,5.073699951171875,124.00007247924805,-13.286885507593322
1771978819.1953268,patch_rect,6.0737,115.639,0.06,0.012536140268047651,0.0020763128283123175,0.004666666666666667,4.39804220199585,5.081699848175049,312.0002746582031,-19.40947689713539
1771978872.9873087,patch_rect,6.0737,115.639,0.06,0.012091695823603206,0.0019874239394234287,0.0044444444444444444,4.39804220199585,5.209700107574463,447.9999542236328,-21.085039511034864
1771978925.9761615,patch_rect,6.0737,115.639,0.06,0.01179539952730691,0.0019281646801641694,0.004296296296296296,4.39804220199585,5.309700012207031,552.0000457763672,-21.85680519717147
1771978978.9730165,patch_rect,6.0737,115.639,0.06,0.011597868663109379,0.0018781646801641694,0.004196296296296296,4.39804220199585,5.381700038909912,625.999927520752,-23.027603833193236
1771979031.924235,patch_rect,6.0737,115.639,0.06,0.011466181420311024,0.0018281646801641695,0.004096296296296296,4.39804220199585,6.995699882507324,296.00000381469727,-25.181488061597385
1771979081.717205,patch_rect,6.0737,115.639,0.06,0.011566181420311024,0.0017781646801641696,0.0039962962962962955,4.39804220199585,6.9857001304626465,294.00014877319336,-28.165906702938514
1771979131.9254308,patch_rect,6.0737,115.639,0.06,0.011666181420311023,0.0017281646801641697,0.0038962962962962957,4.39804220199585,6.99370002746582,277.9998779296875,-30.782198571046067
1771979182.6488533,patch_rect,6.0737,115.639,0.06,0.011766181420311023,0.0016781646801641698,0.003796296296296296,4.39804220199585,6.995699882507324,268.00012588500977,-36.22318920740453
1771979237.0140064,patch_rect,6.0737,115.639,0.06,0.011866181420311022,0.0016281646801641699,0.003696296296296296,4.39804220199585,6.969699859619141,288.00010681152344,-45.96336192860184
1771979287.324819,patch_rect,6.0737,115.639,0.06,0.011866181420311022,0.0016281646801641699,0.003696296296296296,4.39804220199585,6.969699859619141,288.00010681152344,-45.964082840783504
1771979343.0172472,patch_rect,5.6964,67.675,0.06,0.01655573956668377,0.0022590551525354385,0.005,4.39744234085083,6.228400230407715,676.0001182556152,-28.205211844745563
1771979423.6856275,patch_rect,5.6964,67.675,0.06,0.017222406233350435,0.002125721819202105,0.004666666666666667,4.39744234085083,5.906400203704834,751.9998550415039,-27.034213207481464
1771979483.3664372,patch_rect,5.6964,67.675,0.06,0.01766685067779488,0.0020368329303132164,0.0044444444444444444,4.39744234085083,5.832399845123291,809.999942779541,-37.963970171893926
1771979592.171204,patch_rect,5.6964,67.675,0.06,0.01796314697409118,0.001977573671053957,0.004296296296296296,4.39744234085083,5.788400173187256,401.99995040893555,-39.23407144425075
1771979700.768204,patch_rect,5.6964,67.675,0.06,0.01816067783828871,0.0019275736710539571,0.004196296296296296,4.39744234085083,5.756400108337402,368.0000305175781,-29.739805896564697
1771979809.2901845,patch_rect,5.6964,67.675,0.06,0.018292365081087062,0.0018775736710539572,0.004096296296296296,4.39744234085083,5.7403998374938965,340.0001525878906,-25.736468254685793
1771979917.5509062,patch_rect,5.6964,67.675,0.06,0.01839236508108706,0.0018275736710539573,0.0039962962962962955,4.39744234085083,5.732399940490723,318.00031661987305,-23.09720461812994
1771980025.6761162,patch_rect,5.6964,67.675,0.06,0.01849236508108706,0.0017775736710539574,0.0038962962962962957,4.39744234085083,5.730400085449219,300.0001907348633,-21.297027968138764
1771980133.9334428,patch_rect,5.6964,67.675,0.06,0.01859236508108706,0.0017275736710539575,0.003796296296296296,4.39744234085083,5.724400043487549,280.0002098083496,-19.673178588834126
1771980192.6191025,patch_rect,5.6964,67.675,0.06,0.01869236508108706,0.0016775736710539575,0.003696296296296296,4.39744234085083,5.706399917602539,263.99993896484375,-18.596102578703636
1771980241.8671045,patch_rect,5.6964,67.675,0.06,0.01796314697409118,0.001977573671053957,0.004296296296296296,4.39744234085083,5.788400173187256,401.99995040893555,-39.23409623123303
1771980293.1670282,patch_rect,6.6851,100.111,0.06,0.011588292196393013,0.0021816855296492577,0.005,4.3916144371032715,6.815100193023682,562.0002746582031,-14.688042387893399
1771980349.2460766,patch_rect,6.6851,100.111,0.06,0.012254958863059679,0.0020483521963159243,0.004666666666666667,4.3916144371032715,6.727099895477295,489.99977111816406,-13.963485439663952
1771980404.801319,patch_rect,6.6851,100.111,0.06,0.012699403307504124,0.0019594633074270355,0.0044444444444444444,4.3916144371032715,6.655099868774414,439.9995803833008,-14.457997866768274
1771980438.6933012,patch_rect,6.6851,100.111,0.06,0.012403107011207828,0.0019002040481677761,0.004296296296296296,4.3916144371032715,5.685100078582764,2000.0,-18.01520485565674
1771980494.3397083,patch_rect,6.6851,100.111,0.06,0.012205576147010297,0.0018502040481677762,0.004196296296296296,4.3916144371032715,6.815100193023682,450.0002861022949,-17.558467788486034
1771980549.605925,patch_rect,6.6851,100.111,0.06,0.012337263389808652,0.0018002040481677763,0.004096296296296296,4.3916144371032715,6.80109977722168,434.00001525878906,-18.373805520644478
1771980605.4331791,patch_rect,6.6851,100.111,0.06,0.012437263389808651,0.0017502040481677764,0.0039962962962962955,4.3916144371032715,6.809100151062012,419.9995994567871,-19.32623990619519
1771980659.8957047,patch_rect,6.6851,100.111,0.06,0.01253726338980865,0.0017002040481677765,0.0038962962962962957,4.3916144371032715,6.811100006103516,410.0003242492676,-20.38102373839091
1771980712.872205,patch_rect,6.6851,100.111,0.06,0.01263726338980865,0.0016502040481677766,0.003796296296296296,4.3916144371032715,6.8130998611450195,400.00009536743164,-21.54590701280835
1771980764.5669248,patch_rect,6.6851,100.111,0.06,0.01273726338980865,0.0016002040481677767,0.003696296296296296,4.3916144371032715,6.775100231170654,386.0001564025879,-23.401091965352553
1771980815.7327268,patch_rect,6.6851,100.111,0.06,0.01273726338980865,0.0016002040481677767,0.003696296296296296,4.3916144371032715,6.775100231170654,386.0001564025879,-23.401094079726686
1771980867.0230377,patch_rect,4.091,60.148,0.06,0.027434583753347397,0.002333852229639888,0.0047392891719937325,4.397198677062988,4.534999847412109,133.99982452392578,-12.906058144429478
1771980915.1219747,patch_rect,4.091,60.148,0.06,0.028101250420014063,0.0022005188963065544,0.004405955838660399,4.397198677062988,4.500999927520752,82.0002555847168,-11.144574836840038
1771980962.5560458,patch_rect,4.091,60.148,0.06,0.028545694864458508,0.0021116300074176656,0.004183733616438177,4.397198677062988,3.1050000190734863,55.9999942779541,-11.133606307404321
1771981010.5557683,patch_rect,4.091,60.148,0.06,0.02824939856816221,0.002170889266676925,0.004331881764586325,4.397198677062988,4.491000175476074,61.99979782104492,-10.696317146615948
1771981058.5521953,patch_rect,4.091,60.148,0.06,0.02844692943235974,0.002120889266676925,0.004231881764586325,4.397198677062988,3.1029999256134033,53.999900817871094,-11.099626220751817
1771981106.3260813,patch_rect,4.091,60.148,0.06,0.02831524218956139,0.002170889266676925,0.004331881764586325,4.397198677062988,4.486999988555908,64.00012969970703,-10.686559625517091
1771981153.9600344,patch_rect,4.091,60.148,0.06,0.028415242189561388,0.002120889266676925,0.004231881764586325,4.397198677062988,3.1029999256134033,53.999900817871094,-11.01567584595426
1771981201.2485108,patch_rect,4.091,60.148,0.06,0.02831524218956139,0.002170889266676925,0.004331881764586325,4.397198677062988,4.486999988555908,64.00012969970703,-10.68656413546703
1771981249.134894,patch_rect,4.091,60.148,0.06,0.028415242189561388,0.002120889266676925,0.004231881764586325,4.397198677062988,3.1029999256134033,53.999900817871094,-11.015640007228466
1771981296.9946203,patch_rect,4.091,60.148,0.06,0.02831524218956139,0.002170889266676925,0.004331881764586325,4.397198677062988,4.486999988555908,64.00012969970703,-10.686559625517091
1771981345.79442,patch_rect,4.091,60.148,0.06,0.027434583753347397,0.002333852229639888,0.0047392891719937325,4.397198677062988,4.534999847412109,133.99982452392578,-12.906060106575453
1771981400.5437536,patch_rect,5.988,85.359,0.06,0.014167009852826595,0.002223704708740115,0.005,4.397577285766602,6.572000026702881,529.9997329711914,-16.351121277305552
1771981461.8966048,patch_rect,5.988,85.359,0.06,0.014833676519493261,0.0020903713754067818,0.004666666666666667,4.397577285766602,6.515999794006348,421.9999313354492,-13.97413175361523
1771981513.4996104,patch_rect,5.988,85.359,0.06,0.015278120963937707,0.002001482486517893,0.0044444444444444444,4.397577285766602,6.464000225067139,457.99970626831055,-14.108730717269202
1771981565.0264924,patch_rect,5.988,85.359,0.06,0.015574417260234003,0.0019422232272586337,0.004296296296296296,4.397577285766602,6.432000160217285,532.0000648498535,-15.291509503218595
1771981613.547682,patch_rect,5.988,85.359,0.06,0.015771948124431535,0.0018922232272586337,0.004196296296296296,4.397577285766602,6.414000034332275,559.999942779541,-16.5746116041605
1771981723.4125638,patch_rect,5.988,85.359,0.06,0.015903635367229888,0.0018422232272586338,0.004096296296296296,4.397577285766602,6.414000034332275,572.0000267028809,-18.100166904221258
1771981832.118055,patch_rect,5.988,85.359,0.06,0.016003635367229888,0.001792223227258634,0.0039962962962962955,4.397577285766602,6.4120001792907715,576.0002136230469,-19.529042275823258
1771981880.9918594,patch_rect,5.988,85.359,0.06,0.016103635367229887,0.001742223227258634,0.0038962962962962957,4.397577285766602,6.414000034332275,579.9999237060547,-21.793119545628844
1771981930.2764306,patch_rect,5.988,85.359,0.06,0.016203635367229886,0.001692223227258634,0.003796296296296296,4.397577285766602,6.414000034332275,573.9998817443848,-23.885755124721378
1771981980.680082,patch_rect,5.988,85.359,0.06,0.016303635367229886,0.0016422232272586342,0.003696296296296296,4.397577285766602,6.366000175476074,537.9996299743652,-22.981903681014465
1771982030.7236555,patch_rect,5.988,85.359,0.06,0.016203635367229886,0.001692223227258634,0.003796296296296296,4.397577285766602,6.414000034332275,573.9998817443848,-23.885752079555406
1771982082.6340196,patch_rect,3.0785,100.626,0.06,0.027232756838202477,0.0023101624101400375,0.0016375406412407756,4.399982452392578,3.246500015258789,205.99985122680664,-27.64336598515683
1771982130.7481637,patch_rect,3.0785,100.626,0.06,0.027899423504869143,0.002176829076806704,0.0013042073079074423,4.399982452392578,3.2685000896453857,148.00000190734863,-20.071871638577818
1771982178.952869,patch_rect,3.0785,100.626,0.06,0.028343867949313588,0.0020879401879178154,0.0010819850856852201,4.399982452392578,3.262500047683716,103.99985313415527,-15.365850903841034
1771982228.460989,patch_rect,3.0785,100.626,0.06,0.028640164245609886,0.002028680928658556,0.000933836937537072,4.399982452392578,3.2664999961853027,78.00006866455078,-13.113010085334928
1771982277.5967307,patch_rect,3.0785,100.626,0.06,0.028837695109807417,0.002078680928658556,0.001033836937537072,4.399982452392578,3.252500057220459,19.999980926513672,-10.187732143072513
1771982516.0673912,patch_rect,3.0785,100.626,0.06,0.029369382352605767,0.002328680928658557,0.0015338369375370723,4.399982452392578,3.194499969482422,36.00001335144043,-10.413575437137702
1771982565.877547,patch_rect,3.0785,100.626,0.06,0.027232756838202477,0.0023101624101400375,0.0016375406412407756,4.399982452392578,3.246500015258789,205.99985122680664,-27.643363014572984
1771982619.2870042,patch_rect,4.7556,118.192,0.06,0.019669707864522934,0.0022903112694621086,0.00371164851821959,4.398768901824951,4.6315999031066895,81.9997787475586,-12.22603928778911
1771982668.6602783,patch_rect,4.7556,118.192,0.06,0.019003041197856268,0.002423644602795442,0.004044981851552923,4.398768901824951,4.617599964141846,107.99980163574219,-13.153174705908837
1771982718.4684038,patch_rect,4.7556,118.192,0.06,0.018558596753411823,0.002512533491684331,0.004267204073775146,4.398768901824951,4.609600067138672,127.99978256225586,-13.921237712057174
1771982768.4491339,patch_rect,4.7556,118.192,0.06,0.018262300457115525,0.0024532742324250715,0.004119055925626998,4.398768901824951,4.61959981918335,141.9997215270996,-15.045974681436485
1771982818.826886,patch_rect,4.7556,118.192,0.06,0.018064769592917994,0.0024032742324250713,0.0040190559256269975,4.398768901824951,4.623600006103516,153.99980545043945,-15.953355685074156
1771982868.65628,patch_rect,4.7556,118.192,0.06,0.01793308235011964,0.002353274232425071,0.003919055925626997,4.398768901824951,4.633600234985352,161.99970245361328,-16.63641821814979
1771982918.5531313,patch_rect,4.7556,118.192,0.06,0.01783308235011964,0.002303274232425071,0.0038190559256269974,4.398768901824951,4.6356000900268555,161.99970245361328,-16.983056810276235
1771982968.2884078,patch_rect,4.7556,118.192,0.06,0.017733082350119642,0.002253274232425071,0.0037190559256269975,4.398768901824951,4.637599945068359,177.99997329711914,-17.70269575957889
1771983020.5162518,patch_rect,4.7556,118.192,0.06,0.017633082350119643,0.002203274232425071,0.0036190559256269977,4.398768901824951,4.6315999031066895,423.9997863769531,-19.09297620308944
1771983080.1772687,patch_rect,4.7556,118.192,0.06,0.017533082350119644,0.0021532742324250707,0.003519055925626998,4.398768901824951,4.643599987030029,415.9998893737793,-19.180242099445696
1771983139.9293318,patch_rect,4.7556,118.192,0.06,0.017533082350119644,0.0021532742324250707,0.003519055925626998,4.398768901824951,4.643599987030029,415.9998893737793,-19.180242099445696
1771983251.7293723,patch_rect,5.357,109.721,0.06,0.01694808155298233,0.0022611727472394705,0.004444018471986055,4.3983235359191895,6.336999893188477,589.9996757507324,-32.546554313968755
1771983359.676602,patch_rect,5.357,109.721,0.06,0.017614748219648996,0.002127839413906137,0.004110685138652722,4.3983235359191895,5.86899995803833,664.0000343322754,-30.781338913973965
1771983458.418173,patch_rect,5.357,109.721,0.06,0.01805919266409344,0.0020389505250172483,0.0038884629164305,4.3983235359191895,5.816999912261963,332.0002555847168,-21.46324705471105
1771983566.7548926,patch_rect,5.357,109.721,0.06,0.01835548896038974,0.001979691265757989,0.003740314768282352,4.3983235359191895,5.784999847412109,291.99981689453125,-18.630571838143407
1771983674.678721,patch_rect,5.357,109.721,0.06,0.01855301982458727,0.001929691265757989,0.003640314768282352,4.3983235359191895,5.752999782562256,262.00008392333984,-16.907372489383704
1771983782.9753494,patch_rect,5.357,109.721,0.06,0.018684707067385623,0.0018796912657579891,0.0035403147682823524,4.3983235359191895,5.732999801635742,243.99995803833008,-16.07464476922631
1771983831.0284126,patch_rect,5.357,109.721,0.06,0.018784707067385623,0.0018296912657579892,0.0034403147682823525,4.3983235359191895,5.729000091552734,228.00016403198242,-15.438742455699302
1771983878.8095508,patch_rect,5.357,109.721,0.06,0.018884707067385622,0.0017796912657579893,0.0033403147682823527,4.3983235359191895,5.724999904632568,211.99989318847656,-14.789251815899977
1771983926.3931842,patch_rect,5.357,109.721,0.06,0.01898470706738562,0.0017296912657579894,0.003240314768282353,4.3983235359191895,5.7230000495910645,197.9999542236328,-14.333253206427756
1771983973.9563916,patch_rect,5.357,109.721,0.06,0.01908470706738562,0.0016796912657579895,0.003140314768282353,4.3983235359191895,5.718999862670898,184.00001525878906,-13.859263615739865
1771984023.1494145,patch_rect,5.357,109.721,0.06,0.01694808155298233,0.0022611727472394705,0.004444018471986055,4.3983235359191895,6.336999893188477,589.9996757507324,-32.546405422166266
1771984072.8820024,patch_rect,4.6622,123.072,0.06,0.01974114403128624,0.0022914684377610683,0.0034539038315415382,4.398921012878418,4.142199993133545,223.9999771118164,-15.081443509156854
1771984118.610107,patch_rect,4.6622,123.072,0.06,0.019074477364619574,0.002158135104427735,0.0031205704982082048,4.398921012878418,4.31220006942749,199.99980926513672,-13.84814880192603
1771984164.259904,patch_rect,4.6622,123.072,0.06,0.01863003292017513,0.002069246215538846,0.0028983482759859826,4.398921012878418,4.446199893951416,186.00034713745117,-13.337894613520236
1771984210.9724987,patch_rect,4.6622,123.072,0.06,0.01833373662387883,0.002009986956279587,0.0027502001278378345,4.398921012878418,4.5381999015808105,174.00026321411133,-12.984535749028371
1771984256.3500586,patch_rect,4.6622,123.072,0.06,0.0181362057596813,0.0019599869562795867,0.0026502001278378346,4.398921012878418,4.606200218200684,167.9997444152832,-12.892112274419338
1771984301.8883986,patch_rect,4.6622,123.072,0.06,0.018004518516882947,0.0019099869562795868,0.002550200127837835,4.398921012878418,4.658199787139893,162.00017929077148,-12.732344415981547
1771984346.78352,patch_rect,4.6622,123.072,0.06,0.017904518516882947,0.0018599869562795869,0.002450200127837835,4.398921012878418,4.676199913024902,150.00009536743164,-12.585874649099031
1771984391.9912434,patch_rect,4.6622,123.072,0.06,0.018004518516882947,0.001809986956279587,0.002350200127837835,4.398921012878418,4.682199954986572,154.00028228759766,-12.921751603020448
1771984437.0699108,patch_rect,4.6622,123.072,0.06,0.018104518516882946,0.001759986956279587,0.0022502001278378353,4.398921012878418,4.682199954986572,138.0000114440918,-12.616790286579825
1771984482.819987,patch_rect,4.6622,123.072,0.06,0.018204518516882946,0.0017099869562795871,0.0021502001278378355,4.398921012878418,4.686200141906738,136.0001564025879,-12.839239090509022
1771984530.0968955,patch_rect,4.6622,123.072,0.06,0.01974114403128624,0.0022914684377610683,0.0034539038315415382,4.398921012878418,4.142199993133545,223.9999771118164,-15.081443509156854
1771984581.9497159,patch_rect,3.7322,68.546,0.06,0.02809428796172142,0.0023312983103096485,0.0034236267674714327,4.3988471031188965,4.5441999435424805,193.9997673034668,-13.572979108717224
1771984628.6763885,patch_rect,3.7322,68.546,0.06,0.028760954628388086,0.002197964976976315,0.003090293434138099,4.3988471031188965,4.450200080871582,201.99966430664062,-11.430519289369895
1771984674.7257125,patch_rect,3.7322,68.546,0.06,0.02920539907283253,0.0021090760880874263,0.002868071211915877,4.3988471031188965,4.416200160980225,94.00033950805664,-11.412241448753807
1771984721.4918778,patch_rect,3.7322,68.546,0.06,0.02950169536912883,0.002049816828828167,0.002719923063767729,4.3988471031188965,4.402200222015381,85.99996566772461,-11.497360107832343
1771984787.9852679,patch_rect,3.7322,68.546,0.06,0.02969922623332636,0.001999816828828167,0.002619923063767729,4.3988471031188965,3.3561999797821045,55.9999942779541,-11.665681459344057
1771984864.2921007,patch_rect,3.7322,68.546,0.06,0.029567538990528008,0.002049816828828167,0.002719923063767729,4.3988471031188965,4.392199993133545,85.99996566772461,-11.532437200992327
1771984971.5375168,patch_rect,3.7322,68.546,0.06,0.029667538990528007,0.001999816828828167,0.002619923063767729,4.3988471031188965,3.3582000732421875,55.9999942779541,-11.657055426048029
1771985078.7319593,patch_rect,3.7322,68.546,0.06,0.029567538990528008,0.002049816828828167,0.002719923063767729,4.3988471031188965,4.392199993133545,85.99996566772461,-11.532437200992327
1771985185.0368638,patch_rect,3.7322,68.546,0.06,0.029667538990528007,0.001999816828828167,0.002619923063767729,4.3988471031188965,3.3582000732421875,55.9999942779541,-11.657057385118053
1771985241.1889017,patch_rect,3.7322,68.546,0.06,0.029567538990528008,0.002049816828828167,0.002719923063767729,4.3988471031188965,4.392199993133545,85.99996566772461,-11.532437200992327
1771985289.031648,patch_rect,3.7322,68.546,0.06,0.02809428796172142,0.0023312983103096485,0.0034236267674714327,4.3988471031188965,4.5441999435424805,193.9997673034668,-13.572976412915416
1771985476.7664979,patch_rect,4.481,123.937,0.06,0.020253365859389305,0.0022961916401982307,0.003205495188012719,4.399069309234619,4.6570000648498535,70.00017166137695,-11.92330438675237
1771985521.1731882,patch_rect,4.481,123.937,0.06,0.02092003252605597,0.002429524973531564,0.0035388285213460526,4.399069309234619,4.632999897003174,52.00004577636719,-10.880969805759733
1771985568.6576374,patch_rect,4.481,123.937,0.06,0.021364476970500416,0.002518413862420453,0.003761050743568275,4.399069309234619,3.9010000228881836,37.999868392944336,-10.255548628291582
1771985615.0562184,patch_rect,4.481,123.937,0.06,0.02106818067420412,0.0025776731216797123,0.003909198891716423,4.399069309234619,3.9170000553131104,52.00004577636719,-10.426923105213778
1771985660.981279,patch_rect,4.481,123.937,0.06,0.020870649810006588,0.0026276731216797124,0.004009198891716423,4.399069309234619,3.924999952316284,58.00008773803711,-10.505070720616514
1771985706.7102697,patch_rect,4.481,123.937,0.06,0.020738962567208235,0.0026776731216797125,0.0041091988917164235,4.399069309234619,3.938999891281128,62.00003623962402,-10.54513730215893
1771985752.8420165,patch_rect,4.481,123.937,0.06,0.020638962567208236,0.0027276731216797126,0.004209198891716424,4.399069309234619,3.938999891281128,68.00007820129395,-10.619379231770584
1771985798.9207,patch_rect,4.481,123.937,0.06,0.020538962567208236,0.0027776731216797128,0.004309198891716424,4.399069309234619,3.943000078201294,78.00006866455078,-10.756177053228658
1771985844.8032079,patch_rect,4.481,123.937,0.06,0.020438962567208237,0.002827673121679713,0.004409198891716424,4.399069309234619,3.943000078201294,85.99996566772461,-10.91910024119654
1771985892.3228261,patch_rect,4.481,123.937,0.06,0.020338962567208237,0.002877673121679713,0.0045091988917164245,4.399069309234619,3.947000026702881,95.99995613098145,-11.121321815743912
1771985935.4608605,patch_rect,4.481,123.937,0.06,0.020253365859389305,0.0022961916401982307,0.003205495188012719,4.399069309234619,4.6570000648498535,70.00017166137695,-11.923304003182636
1771985986.3226373,patch_rect,5.1649,53.21,0.06,0.02095710299909115,0.002292505232617259,0.005,4.397030830383301,5.142899990081787,296.00000381469727,-20.93335528919595
1771986031.8687115,patch_rect,5.1649,53.21,0.06,0.020290436332424482,0.0021591718992839256,0.004666666666666667,4.397030830383301,5.248899936676025,292.00029373168945,-20.439745663212303
1771986078.3628871,patch_rect,5.1649,53.21,0.06,0.020734880776868927,0.002070283010395037,0.0044444444444444444,4.397030830383301,5.204899787902832,248.0001449584961,-17.472195982863315
1771986123.4337213,patch_rect,5.1649,53.21,0.06,0.021031177073165225,0.0020110237511357775,0.004296296296296296,4.397030830383301,5.1768999099731445,220.0002670288086,-15.833278423158415
1771986170.4680822,patch_rect,5.1649,53.21,0.06,0.021228707937362756,0.0019610237511357774,0.004196296296296296,4.397030830383301,5.158899784088135,197.9999542236328,-14.815563726436459
1771986216.276369,patch_rect,5.1649,53.21,0.06,0.021097020694564404,0.0019110237511357775,0.004096296296296296,4.397030830383301,5.1869001388549805,190.00005722045898,-14.35423495997447
1771986246.8075905,patch_rect,5.1649,53.21,0.06,0.021197020694564403,0.0018610237511357776,0.0039962962962962955,4.397030830383301,4.164899826049805,2000.0,-19.397352990434694
1771986291.8402612,patch_rect,5.1649,53.21,0.06,0.021097020694564404,0.0018110237511357776,0.0038962962962962957,4.397030830383301,5.208899974822998,165.9998893737793,-13.397873446814657
1771986336.9640071,patch_rect,5.1649,53.21,0.06,0.021197020694564403,0.0017610237511357777,0.003796296296296296,4.397030830383301,5.204899787902832,147.99976348876953,-12.795894248934172
1771986381.379768,patch_rect,5.1649,53.21,0.06,0.021297020694564402,0.0017110237511357778,0.003696296296296296,4.397030830383301,5.1768999099731445,136.0001564025879,-12.39080976156833
1771986429.29144,patch_rect,5.1649,53.21,0.06,0.02095710299909115,0.002292505232617259,0.005,4.397030830383301,5.142899990081787,296.00000381469727,-20.93334662745111
1771986476.175519,patch_rect,4.8276,113.625,0.06,0.01961440220475197,0.0022886183578521013,0.003930965438485146,4.398638725280762,5.545599937438965,240.00024795532227,-15.306228739868146
1771986521.441376,patch_rect,4.8276,113.625,0.06,0.020281068871418634,0.002155285024518768,0.003597632105151812,4.398638725280762,4.123600006103516,233.99972915649414,-15.225044334020499
1771986563.9057963,patch_rect,4.8276,113.625,0.06,0.01983662442697419,0.002066396135629879,0.00337540988292959,4.398638725280762,4.243599891662598,212.00037002563477,-14.047395953717887
1771986593.2002437,patch_rect,4.8276,113.625,0.06,0.01954032813067789,0.00200713687637062,0.003227261734781442,4.398638725280762,3.8276000022888184,2000.0,-25.46180515976747
1771986635.1080933,patch_rect,4.8276,113.625,0.06,0.01934279726648036,0.0019571368763706197,0.003127261734781442,4.398638725280762,4.36959981918335,188.00020217895508,-13.161813584922232
1771986809.3675718,patch_rect,2.4,50.0,0.06,0.034201715141534805,0.0023333686403930187,0.001627869438380003,4.3999857902526855,2.3440001010894775,53.999900817871094,-42.41061689886153
1771986854.5643795,patch_rect,2.4,50.0,0.06,0.033535048474868136,0.0022000353070596853,0.0012945361050466697,4.3999857902526855,2.3580000400543213,52.00004577636719,-43.998916759101945
1771986900.6433954,patch_rect,2.4,50.0,0.06,0.033090604030423694,0.0021111464181707965,0.0010723138828244475,4.3999857902526855,2.3580000400543213,49.99995231628418,-41.43704469957814
1771986946.446318,patch_rect,2.4,50.0,0.06,0.0327943077341274,0.0021111464181707965,0.0010723138828244475,4.3999857902526855,2.3580000400543213,49.99995231628418,-37.09263502376187
1771986991.7995596,patch_rect,2.4,50.0,0.06,0.032596776869929865,0.0021111464181707965,0.0010723138828244475,4.3999857902526855,2.3580000400543213,49.99995231628418,-34.13232719181132
1771987036.79117,patch_rect,2.4,50.0,0.06,0.03246508962713151,0.0021111464181707965,0.0010723138828244475,4.3999857902526855,2.359999895095825,49.99995231628418,-32.51238824213723
1771987082.4278483,patch_rect,2.4,50.0,0.06,0.032365089627131506,0.0021111464181707965,0.0010723138828244475,4.3999857902526855,2.359999895095825,52.00004577636719,-31.608480374729083
1771987128.9669595,patch_rect,2.4,50.0,0.06,0.0322650896271315,0.002051887158911537,0.0009241657346762994,4.3999857902526855,2.365999937057495,49.99995231628418,-35.536345560666135
1771987180.338569,patch_rect,2.4,50.0,0.06,0.0321650896271315,0.002051887158911537,0.0009241657346762994,4.3999857902526855,2.365999937057495,49.99995231628418,-33.73044606301316
1771987225.6377876,patch_rect,2.4,50.0,0.06,0.0320650896271315,0.002051887158911537,0.0009241657346762994,4.3999857902526855,2.368000030517578,49.99995231628418,-32.31633809038408
1771987271.8927433,patch_rect,2.4,50.0,0.06,0.033535048474868136,0.0022000353070596853,0.0012945361050466697,4.3999857902526855,2.3580000400543213,52.00004577636719,-43.998916759101945
1772042140.1452708,patch_rect,6.0928,71.359,0.06,0.013967092148959637,0.0022201223764568567,0.005,4.397223949432373,6.438799858093262,492.0001029968262,-15.696765515504365
1772042189.2264194,patch_rect,6.0928,71.359,0.06,0.014633758815626303,0.0020867890431235233,0.004666666666666667,4.397223949432373,6.388800144195557,375.99992752075195,-13.461520334118159
1772042236.9727557,patch_rect,6.0928,71.359,0.06,0.015078203260070748,0.0019979001542346345,0.0044444444444444444,4.397223949432373,6.332799911499023,382.0004463195801,-13.187390145596469
1772042285.2613168,patch_rect,6.0928,71.359,0.06,0.015374499556367044,0.0019386408949753752,0.004296296296296296,4.397223949432373,6.292799949645996,481.99987411499023,-13.918204294567513
1772042332.7866,patch_rect,6.0928,71.359,0.06,0.015572030420564575,0.0018886408949753753,0.004196296296296296,4.397223949432373,6.2667999267578125,506.0000419616699,-14.741205233677148
1772042378.8114204,patch_rect,6.0928,71.359,0.06,0.01570371766336293,0.0018386408949753754,0.004096296296296296,4.397223949432373,6.258800029754639,519.9999809265137,-15.912930465236082
1772042424.3760707,patch_rect,6.0928,71.359,0.06,0.01580371766336293,0.0017886408949753755,0.0039962962962962955,4.397223949432373,6.250800132751465,519.9999809265137,-16.877382248487212
1772042469.9231193,patch_rect,6.0928,71.359,0.06,0.01590371766336293,0.0017386408949753756,0.0038962962962962957,4.397223949432373,6.246799945831299,513.9999389648438,-18.0584074393729
1772042515.4656286,patch_rect,6.0928,71.359,0.06,0.016003717663362928,0.0016886408949753756,0.003796296296296296,4.397223949432373,6.238800048828125,510.00022888183594,-19.778128820665014
1772042560.9492633,patch_rect,6.0928,71.359,0.06,0.016103717663362927,0.0016386408949753757,0.003696296296296296,4.397223949432373,6.180799961090088,469.9997901916504,-18.932164553767198
1772042606.2998395,patch_rect,6.0928,71.359,0.06,0.016003717663362928,0.0016886408949753756,0.003796296296296296,4.397223949432373,6.238800048828125,510.00022888183594,-19.778128820665014
1772042653.857933,patch_rect,4.7322,117.6,0.06,0.019784575328230858,0.002291324082762003,0.0037012663669884205,4.398775577545166,4.196199893951416,245.99981307983398,-14.29353004362259
1772042696.4556618,patch_rect,4.7322,117.6,0.06,0.019117908661564192,0.0021579907494286696,0.003367933033655087,4.398775577545166,5.690199851989746,134.00030136108398,-13.135222090717004
1772042737.9053934,patch_rect,4.7322,117.6,0.06,0.019562353106008637,0.0020691018605397808,0.003145710811432865,4.398775577545166,4.328199863433838,197.9999542236328,-13.888580139474463
1772042779.2151828,patch_rect,4.7322,117.6,0.06,0.01926605680971234,0.0020098426012805214,0.0029975626632847167,4.398775577545166,4.4141998291015625,190.00005722045898,-13.51723646524075
1772042820.6027446,patch_rect,4.7322,117.6,0.06,0.019068525945514808,0.0019598426012805213,0.002897562663284717,4.398775577545166,4.4721999168396,182.00016021728516,-13.21190247878652
1772042862.176266,patch_rect,4.7322,117.6,0.06,0.018936838702716455,0.0019098426012805214,0.002797562663284717,4.398775577545166,4.520199775695801,176.00011825561523,-13.032382921673468
1772042903.8196156,patch_rect,4.7322,117.6,0.06,0.018836838702716456,0.0018598426012805215,0.0026975626632847172,4.398775577545166,4.564199924468994,170.0000762939453,-13.09376972682057
1772042945.5939224,patch_rect,4.7322,117.6,0.06,0.018736838702716457,0.0018098426012805216,0.0025975626632847174,4.398775577545166,4.606200218200684,164.0000343322754,-12.966205172982527
1772042987.2060137,patch_rect,4.7322,117.6,0.06,0.018636838702716457,0.0017598426012805216,0.0024975626632847176,4.398775577545166,4.622200012207031,140.0003433227539,-12.20677720570447
1772043029.5236626,patch_rect,4.7322,117.6,0.06,0.018536838702716458,0.0017098426012805217,0.0023975626632847177,4.398775577545166,4.670199871063232,139.9998664855957,-12.28521331275333
1772043074.35799,patch_rect,4.7322,117.6,0.06,0.019784575328230858,0.002291324082762003,0.0037012663669884205,4.398775577545166,4.196199893951416,245.99981307983398,-14.29353004362259
1772043160.946074,patch_rect,3.6889,82.916,0.06,0.026580609490474066,0.002458751738568147,0.0031738916331281266,4.399282932281494,3.332900047302246,59.999942779541016,-10.483092001415297
1772043202.6048732,patch_rect,3.6889,82.916,0.06,0.02613616504602962,0.002547640627457036,0.003396113855350349,4.399282932281494,3.336899995803833,144.00005340576172,-12.314666548610525
1772043244.5299077,patch_rect,3.6889,82.916,0.06,0.025839868749733323,0.0024883813681977765,0.0032479657072022007,4.399282932281494,3.326900005340576,223.9999771118164,-15.735095811286989
1772043286.3438613,patch_rect,3.6889,82.916,0.06,0.02564233788553579,0.0024383813681977764,0.003147965707202201,4.399282932281494,3.3148999214172363,253.9999485015869,-18.548039666539943
1772043328.103175,patch_rect,3.6889,82.916,0.06,0.02551065064273744,0.0023883813681977763,0.003047965707202201,4.399282932281494,3.3029000759124756,286.00001335144043,-24.230149437272694
1772043370.0730147,patch_rect,3.6889,82.916,0.06,0.02541065064273744,0.002338381368197776,0.002947965707202201,4.399282932281494,3.3069000244140625,303.9999008178711,-32.58756494049986
1772043411.934387,patch_rect,3.6889,82.916,0.06,0.02531065064273744,0.002288381368197776,0.0028479657072022014,4.399282932281494,3.3029000759124756,327.9998302459717,-30.57133480882606
1772043454.0019133,patch_rect,3.6889,82.916,0.06,0.02521065064273744,0.002238381368197776,0.0027479657072022015,4.399282932281494,3.2988998889923096,338.0000591278076,-24.892009864787287
1772043495.8664787,patch_rect,3.6889,82.916,0.06,0.02511065064273744,0.0021883813681977757,0.0026479657072022017,4.399282932281494,3.532900094985962,197.9999542236328,-21.909476000461407
1772043538.1402698,patch_rect,3.6889,82.916,0.06,0.02541065064273744,0.002338381368197776,0.002947965707202201,4.399282932281494,3.3069000244140625,303.9999008178711,-32.58748306811133
1772043587.420789,patch_rect,4.7509,75.379,0.06,0.021746788173913956,0.0023046096321195364,0.004984112922102213,4.397952079772949,5.046899795532227,269.9999809265137,-19.382177926009334
1772043632.6475701,patch_rect,4.7509,75.379,0.06,0.022413454840580622,0.002171276298786203,0.00465077958876888,4.397952079772949,4.9868998527526855,219.9997901916504,-16.259357159810488
1772043677.4679246,patch_rect,4.7509,75.379,0.06,0.022857899285025067,0.0020823874098973142,0.004428557366546657,4.397952079772949,4.952899932861328,179.99982833862305,-14.205522430494497
1772043722.3373945,patch_rect,4.7509,75.379,0.06,0.023154195581321365,0.002023128150638055,0.004280409218398509,4.397952079772949,4.9309000968933105,151.99995040893555,-13.018194546965308
1772043767.101147,patch_rect,4.7509,75.379,0.06,0.023351726445518896,0.0019731281506380548,0.004180409218398509,4.397952079772949,4.922900199890137,135.9996795654297,-12.435079936499982
1772043811.84982,patch_rect,4.7509,75.379,0.06,0.02348341368831725,0.0019231281506380548,0.004080409218398509,4.397952079772949,4.912899971008301,115.99969863891602,-11.830115298029742
1772043856.3616557,patch_rect,4.7509,75.379,0.06,0.023583413688317248,0.001873128150638055,0.003980409218398508,4.397952079772949,4.908899784088135,101.99975967407227,-11.445149969541058
1772043900.8093016,patch_rect,4.7509,75.379,0.06,0.023683413688317247,0.001823128150638055,0.0038804092183985085,4.397952079772949,4.900899887084961,84.0001106262207,-10.993647626073411
1772043944.70507,patch_rect,4.7509,75.379,0.06,0.023783413688317247,0.001773128150638055,0.0037804092183985087,4.397952079772949,4.904900074005127,69.99969482421875,-10.704473319524915
1772043988.3559377,patch_rect,4.7509,75.379,0.06,0.023883413688317246,0.001823128150638055,0.0038804092183985085,4.397952079772949,4.880899906158447,76.00021362304688,-10.871950647131104
1772044034.3407285,patch_rect,4.7509,75.379,0.06,0.021746788173913956,0.0023046096321195364,0.004984112922102213,4.397952079772949,5.046899795532227,269.9999809265137,-19.382174663650794
1772044078.9967425,patch_rect,3.0042,59.903,0.06,0.030464105308055878,0.0023296538274735212,0.002123984508216381,4.399701118469238,2.9921998977661133,87.99982070922852,-42.01119347736374
1772044121.0698369,patch_rect,3.0042,59.903,0.06,0.02979743864138921,0.002196320494140188,0.0017906511748830478,4.399701118469238,3.086199998855591,65.99998474121094,-16.222527047668205
1772044165.4648132,patch_rect,3.0042,59.903,0.06,0.030241883085833657,0.002107431605251299,0.0015684289526608256,4.399701118469238,3.1742000579833984,92.00000762939453,-13.693479391729523
1772044210.741374,patch_rect,3.0042,59.903,0.06,0.030538179382129955,0.0020481723459920397,0.0014202808045126775,4.399701118469238,3.1842000484466553,78.00006866455078,-13.7826134041735
1772044256.735393,patch_rect,3.0042,59.903,0.06,0.030735710246327486,0.0019981723459920396,0.0013202808045126775,4.399701118469238,3.188199996948242,68.00007820129395,-13.377263118219753
1772044303.237282,patch_rect,3.0042,59.903,0.06,0.03086739748912584,0.0019481723459920397,0.0012202808045126774,4.399701118469238,3.194200038909912,59.999942779541016,-13.148374536234343
1772044348.981663,patch_rect,3.0042,59.903,0.06,0.030967397489125838,0.0018981723459920398,0.0011202808045126774,4.399701118469238,3.200200080871582,49.99995231628418,-12.739229971622335
1772044393.7836435,patch_rect,3.0042,59.903,0.06,0.031067397489125837,0.0019481723459920397,0.0012202808045126774,4.399701118469238,3.194200038909912,57.99984931945801,-13.63876852000027
1772044438.9452348,patch_rect,3.0042,59.903,0.06,0.031167397489125837,0.0019981723459920396,0.0013202808045126775,4.399701118469238,3.188199996948242,65.99998474121094,-14.57771395368062
1772044484.4647977,patch_rect,3.0042,59.903,0.06,0.03126739748912584,0.0019481723459920397,0.0012202808045126774,4.399701118469238,3.194200038909912,57.99984931945801,-14.132472054251084
1772044526.5247376,patch_rect,3.0042,59.903,0.06,0.030464105308055878,0.0023296538274735212,0.002123984508216381,4.399701118469238,2.9921998977661133,87.99982070922852,-42.011094784261836
1772044574.4723344,patch_rect,3.1076,101.309,0.06,0.027112584561109543,0.0023103156127035618,0.0016381386667490005,4.399982452392578,2.4395999908447266,156.00013732910156,-45.75146347001909
1772044620.3004086,patch_rect,3.1076,101.309,0.06,0.026445917894442877,0.0021769822793702284,0.0013048053334156673,4.399982452392578,2.3935999870300293,69.99993324279785,-28.348932971274905
1772044665.6249373,patch_rect,3.1076,101.309,0.06,0.02600147344999843,0.002265871168259117,0.0015270275556378895,4.399982452392578,2.3875999450683594,73.99988174438477,-35.2336582432713
1772044710.8327012,patch_rect,3.1076,101.309,0.06,0.025705177153702134,0.0023251304275183765,0.0016751757037860376,4.399982452392578,2.3835999965667725,75.99997520446777,-38.67054176513395
1772044752.8639157,patch_rect,3.1076,101.309,0.06,0.025507646289504603,0.0023751304275183766,0.0017751757037860376,4.399982452392578,2.3935999870300293,68.00007820129395,-38.94007395858347
1772044794.6416738,patch_rect,3.1076,101.309,0.06,0.02537595904670625,0.0024251304275183768,0.0018751757037860377,4.399982452392578,2.3915998935699463,69.99993324279785,-37.849662021087454
1772044836.5866158,patch_rect,3.1076,101.309,0.06,0.02527595904670625,0.002475130427518377,0.0019751757037860377,4.399982452392578,2.3915998935699463,72.00002670288086,-41.53843237143405
1772044878.708088,patch_rect,3.1076,101.309,0.06,0.02517595904670625,0.002525130427518377,0.0020751757037860375,4.399982452392578,2.3896000385284424,73.99988174438477,-60.20568600574977
1772044921.2254214,patch_rect,3.1076,101.309,0.06,0.025075959046706252,0.002575130427518377,0.0021751757037860374,4.399982452392578,2.3875999450683594,75.99997520446777,-41.767309523678506
1772044963.729954,patch_rect,3.1076,101.309,0.06,0.024975959046706252,0.0026251304275183773,0.002275175703786037,4.399982452392578,2.3856000900268555,78.00006866455078,-44.65683975796413
1772045005.9903033,patch_rect,3.1076,101.309,0.06,0.02517595904670625,0.002525130427518377,0.0020751757037860375,4.399982452392578,2.3896000385284424,73.99988174438477,-60.20568600574977
1772045058.3558948,patch_rect,6.4346,74.576,0.06,0.012706256471574306,0.0022001159377396107,0.005,4.396441459655762,6.866600036621094,875.999927520752,-26.37526312827612
1772045107.2391078,patch_rect,6.4346,74.576,0.06,0.013372923138240973,0.0020667826044062773,0.004666666666666667,4.396441459655762,6.784599781036377,648.0002403259277,-18.668871088003932
1772045155.627979,patch_rect,6.4346,74.576,0.06,0.013817367582685418,0.0019778937155173885,0.0044444444444444444,4.396441459655762,6.732600212097168,541.9998168945312,-16.57636762895911
1772045203.8596132,patch_rect,6.4346,74.576,0.06,0.014113663878981714,0.0019186344562581292,0.004296296296296296,4.396441459655762,6.692599773406982,472.0001220703125,-15.367091136555713
1772045251.559935,patch_rect,6.4346,74.576,0.06,0.014311194743179245,0.0018686344562581292,0.004196296296296296,4.396441459655762,6.672599792480469,438.0002021789551,-14.862823170040073
1772045299.5520535,patch_rect,6.4346,74.576,0.06,0.0144428819859776,0.0018186344562581293,0.004096296296296296,4.396441459655762,6.658599853515625,423.9997863769531,-14.613086771752515
1772045347.4320095,patch_rect,6.4346,74.576,0.06,0.014542881985977599,0.0017686344562581294,0.0039962962962962955,4.396441459655762,6.648600101470947,407.99999237060547,-14.410561782748015
1772045394.4822414,patch_rect,6.4346,74.576,0.06,0.014642881985977598,0.0017186344562581295,0.0038962962962962957,4.396441459655762,6.640600204467773,397.99976348876953,-14.332645593489
1772045440.8372843,patch_rect,6.4346,74.576,0.06,0.014742881985977598,0.0016686344562581296,0.003796296296296296,4.396441459655762,6.628600120544434,385.9996795654297,-14.04015421921035
1772045486.304917,patch_rect,6.4346,74.576,0.06,0.014842881985977597,0.0016186344562581297,0.003696296296296296,4.396441459655762,6.57859992980957,355.9999465942383,-13.629653600350293
1772045535.9238322,patch_rect,6.4346,74.576,0.06,0.012706256471574306,0.0022001159377396107,0.005,4.396441459655762,6.866600036621094,875.999927520752,-26.375253620667365
1772045570.0013292,patch_rect,4.6056,103.965,0.06,0.020865637809038162,0.0022995963227003813,0.003949180245399475,4.398633003234863,3.605600118637085,1999.999761581421,-19.285413768727548
1772045618.3686392,patch_rect,4.6056,103.965,0.06,0.020198971142371496,0.002166262989367048,0.0036158469120661416,4.398633003234863,4.6255998611450195,67.99983978271484,-11.615409888675996
1772045663.8546808,patch_rect,4.6056,103.965,0.06,0.02064341558681594,0.0022551518782559367,0.003838069134288364,4.398633003234863,3.9576001167297363,75.99997520446777,-10.956476463246238
1772045710.0530002,patch_rect,4.6056,103.965,0.06,0.020347119290519643,0.002314411137515196,0.003986217282436512,4.398633003234863,3.97760009765625,82.0000171661377,-11.053332444092634
1772045757.6611004,patch_rect,4.6056,103.965,0.06,0.020149588426322113,0.002364411137515196,0.004086217282436512,4.398633003234863,3.9995999336242676,87.99982070922852,-11.137002028420838
1772045803.9464476,patch_rect,4.6056,103.965,0.06,0.02001790118352376,0.0024144111375151963,0.0041862172824365124,4.398633003234863,4.003600120544434,95.99971771240234,-11.26479905716139
1772045850.9869878,patch_rect,4.6056,103.965,0.06,0.01991790118352376,0.0024644111375151964,0.004286217282436513,4.398633003234863,4.0096001625061035,105.99994659423828,-11.483714865132677
1772045896.92608,patch_rect,4.6056,103.965,0.06,0.01981790118352376,0.0024144111375151963,0.0041862172824365124,4.398633003234863,4.025599956512451,101.99975967407227,-11.39703219454014
1772045943.9806757,patch_rect,4.6056,103.965,0.06,0.01971790118352376,0.0024644111375151964,0.004286217282436513,4.398633003234863,4.029600143432617,112.0002269744873,-11.645391645721947
1772045990.449468,patch_rect,4.6056,103.965,0.06,0.019617901183523762,0.0024144111375151963,0.0041862172824365124,4.398633003234863,4.605599880218506,81.9997787475586,-11.668849345591426
1772046037.094163,patch_rect,4.6056,103.965,0.06,0.020865637809038162,0.0022995963227003813,0.003949180245399475,4.398633003234863,3.9296000003814697,78.00006866455078,-11.01882306752974
1772046086.1082168,patch_rect,3.3043,111.762,0.06,0.02600688859820366,0.0023085044231265783,0.0016407703515142202,4.39998197555542,2.3863000869750977,92.00000762939453,-26.226785560034713
1772046128.6132324,patch_rect,3.3043,111.762,0.06,0.025340221931536993,0.0024418377564599117,0.0019741036848475537,4.39998197555542,2.3903000354766846,78.00006866455078,-30.1012798629625
1772046170.3252735,patch_rect,3.3043,111.762,0.06,0.024895777487092548,0.0025307266453488005,0.002196325907069776,4.39998197555542,2.3882999420166016,79.99992370605469,-35.29642233113869
1772046212.2957363,patch_rect,3.3043,111.762,0.06,0.02459948119079625,0.00258998590460806,0.002344474055217924,4.39998197555542,2.3842999935150146,82.0000171661377,-47.74797735374168
1772046254.6521032,patch_rect,3.3043,111.762,0.06,0.02440195032659872,0.00263998590460806,0.002444474055217924,4.39998197555542,2.3822999000549316,83.9998722076416,-43.07232468440542
1772046296.710682,patch_rect,3.3043,111.762,0.06,0.024270263083800366,0.00268998590460806,0.0025444740552179237,4.39998197555542,2.3803000450134277,84.0001106262207,-46.625261398068645
1772046339.2633665,patch_rect,3.3043,111.762,0.06,0.024170263083800367,0.0027399859046080602,0.0026444740552179235,4.39998197555542,2.3863000869750977,85.99996566772461,-41.54344392315939
1772046382.2687955,patch_rect,3.3043,111.762,0.06,0.024070263083800367,0.0027899859046080604,0.0027444740552179233,4.39998197555542,2.3842999935150146,88.00005912780762,-59.64450819071737
1772046425.2363827,patch_rect,3.3043,111.762,0.06,0.023970263083800368,0.0028399859046080605,0.002844474055217923,4.39998197555542,2.3803000450134277,89.99991416931152,-42.353669448496916
1772046468.1958761,patch_rect,3.3043,111.762,0.06,0.02387026308380037,0.0028899859046080606,0.002944474055217923,4.39998197555542,2.3803000450134277,89.99991416931152,-46.02762974246612
1772046511.378684,patch_rect,3.3043,111.762,0.06,0.024070263083800367,0.0027899859046080604,0.0027444740552179233,4.39998197555542,2.3842999935150146,88.00005912780762,-59.643612723029264
1772046563.4129992,patch_rect,5.9297,57.264,0.06,0.015355145558714867,0.0022432589903473854,0.005,4.397091865539551,6.365699768066406,546.0000038146973,-17.632686930997274
1772046612.1491556,patch_rect,5.9297,57.264,0.06,0.016021812225381533,0.002109925657014052,0.004666666666666667,4.397091865539551,6.329699993133545,596.0001945495605,-20.5519749174194
1772046643.7613285,patch_rect,5.9297,57.264,0.06,0.016466256669825978,0.0020210367681251632,0.0044444444444444444,4.397091865539551,4.929699897766113,2000.0,-18.344383301042996
1772046691.127572,patch_rect,5.9297,57.264,0.06,0.01616996037352968,0.001961777508865904,0.004296296296296296,4.397091865539551,6.371699810028076,611.9999885559082,-21.073123172516706
1772046737.1999092,patch_rect,5.9297,57.264,0.06,0.01636749123772721,0.001911777508865904,0.004196296296296296,4.397091865539551,6.375699996948242,638.0000114440918,-24.917209786058805
1772046783.0930755,patch_rect,5.9297,57.264,0.06,0.016499178480525564,0.001861777508865904,0.004096296296296296,4.397091865539551,6.389699935913086,650.0000953674316,-29.575497777577123
1772046829.3237095,patch_rect,5.9297,57.264,0.06,0.016599178480525563,0.0018117775088659042,0.0039962962962962955,4.397091865539551,6.393700122833252,659.9998474121094,-38.94543829816287
1772046875.2863321,patch_rect,5.9297,57.264,0.06,0.016699178480525562,0.0017617775088659042,0.0038962962962962957,4.397091865539551,6.405700206756592,660.0003242492676,-43.56816481801622
1772046921.0749748,patch_rect,5.9297,57.264,0.06,0.01679917848052556,0.0017117775088659043,0.003796296296296296,4.397091865539551,6.069699764251709,659.9998474121094,-35.46557337198362
1772046951.5743053,patch_rect,5.9297,57.264,0.06,0.01689917848052556,0.0016617775088659044,0.003696296296296296,4.397091865539551,4.929699897766113,2000.0,-19.44611747050109
1772046998.5416436,patch_rect,5.9297,57.264,0.06,0.016699178480525562,0.0017617775088659042,0.0038962962962962957,4.397091865539551,6.405700206756592,660.0003242492676,-43.56816481801622
1772047053.6397378,patch_rect,5.7354,79.07,0.06,0.01590326614677906,0.0022501894272863865,0.005,4.397643089294434,6.1194000244140625,142.0001983642578,-11.019661872350193
1772047104.8025305,patch_rect,5.7354,79.07,0.06,0.016569932813445726,0.002116856093953053,0.004666666666666667,4.397643089294434,6.083399772644043,155.99966049194336,-11.77210030118248
1772047155.9185004,patch_rect,5.7354,79.07,0.06,0.01701437725789017,0.0020279672050641643,0.0044444444444444444,4.397643089294434,6.067399978637695,171.99993133544922,-12.70594211312047
1772047206.6225607,patch_rect,5.7354,79.07,0.06,0.01731067355418647,0.001968707945804905,0.004296296296296296,4.397643089294434,6.0553998947143555,184.00001525878906,-13.626644307813056
1772047254.657488,patch_rect,5.7354,79.07,0.06,0.017508204418384,0.001918707945804905,0.004196296296296296,4.397643089294434,6.039400100708008,184.00001525878906,-14.153900622430172
1772047303.2434447,patch_rect,5.7354,79.07,0.06,0.017639891661182353,0.0018687079458049051,0.004096296296296296,4.397643089294434,6.045400142669678,191.9999122619629,-14.657493656408434
1772047351.5714226,patch_rect,5.7354,79.07,0.06,0.017739891661182353,0.0018187079458049052,0.0039962962962962955,4.397643089294434,6.047399997711182,197.9999542236328,-15.190348872132011
1772047399.4795375,patch_rect,5.7354,79.07,0.06,0.017839891661182352,0.0017687079458049053,0.0038962962962962957,4.397643089294434,6.057400226593018,203.99999618530273,-15.549697641228127
1772047447.200434,patch_rect,5.7354,79.07,0.06,0.01793989166118235,0.0017187079458049054,0.003796296296296296,4.397643089294434,6.0553998947143555,207.99970626831055,-15.785164389825603
1772047494.953857,patch_rect,5.7354,79.07,0.06,0.01803989166118235,0.0016687079458049055,0.003696296296296296,4.397643089294434,6.025400161743164,210.00003814697266,-15.845824259101635
1772047542.5713239,patch_rect,5.7354,79.07,0.06,0.01803989166118235,0.0016687079458049055,0.003696296296296296,4.397643089294434,6.025400161743164,210.00003814697266,-15.845825842408555
1772047590.9706209,patch_rect,5.0506,108.56,0.06,0.018880564719438553,0.0022790872026234865,0.004316474311053753,4.398407459259033,5.628600120544434,340.0001525878906,-22.098071688035095
1772047635.974126,patch_rect,5.0506,108.56,0.06,0.01954723138610522,0.002145753869290153,0.00398314097772042,4.398407459259033,5.554599761962891,257.9998970031738,-16.527891194564198
1772047680.693333,patch_rect,5.0506,108.56,0.06,0.019991675830549664,0.0020568649804012643,0.0037609187554981977,4.398407459259033,5.5065999031066895,205.99985122680664,-14.251484274794395
1772047726.182937,patch_rect,5.0506,108.56,0.06,0.020287972126845962,0.001997605721142005,0.0036127706073500496,4.398407459259033,4.128600120544434,184.00001525878906,-14.564825755886464
1772047770.80481,patch_rect,5.0506,108.56,0.06,0.02009044126264843,0.001947605721142005,0.0035127706073500497,4.398407459259033,4.170599937438965,214.00022506713867,-13.939995280350097
1772047815.2405522,patch_rect,5.0506,108.56,0.06,0.01995875401985008,0.0018976057211420052,0.00341277060735005,4.398407459259033,4.208600044250488,205.99985122680664,-13.733974134063969
1772047859.2266736,patch_rect,5.0506,108.56,0.06,0.01985875401985008,0.0018476057211420053,0.00331277060735005,4.398407459259033,4.242599964141846,197.9999542236328,-13.699206563467568
1772047903.3654728,patch_rect,5.0506,108.56,0.06,0.01975875401985008,0.0017976057211420053,0.0032127706073500502,4.398407459259033,4.288599967956543,187.99972534179688,-13.333997769706345
1772047946.0289738,patch_rect,5.0506,108.56,0.06,0.01965875401985008,0.0017476057211420054,0.0031127706073500504,4.398407459259033,4.312600135803223,177.99997329711914,-13.151790197674915
1772047988.4071798,patch_rect,5.0506,108.56,0.06,0.01955875401985008,0.0016976057211420055,0.0030127706073500506,4.398407459259033,4.350599765777588,170.0000762939453,-13.026596659961848
1772048034.877762,patch_rect,5.0506,108.56,0.06,0.018880564719438553,0.0022790872026234865,0.004316474311053753,4.398407459259033,5.628600120544434,340.0001525878906,-22.098071688035095
1772048090.2973962,patch_rect,5.7451,70.187,0.06,0.016164138913154602,0.0022537619806826115,0.005,4.397464752197266,6.093100070953369,139.9998664855957,-10.988987346522237
1772048141.4249477,patch_rect,5.7451,70.187,0.06,0.016830805579821268,0.002120428647349278,0.004666666666666667,4.397464752197266,6.05709981918335,157.99999237060547,-11.769309133571753
1772048192.3401728,patch_rect,5.7451,70.187,0.06,0.017275250024265713,0.0020315397584603893,0.0044444444444444444,4.397464752197266,6.041100025177002,174.00026321411133,-12.707026495686897
1772048241.9478767,patch_rect,5.7451,70.187,0.06,0.01757154632056201,0.00197228049920113,0.004296296296296296,4.397464752197266,6.031099796295166,188.00020217895508,-13.65819961030031
1772048289.9677289,patch_rect,5.7451,70.187,0.06,0.017769077184759542,0.00192228049920113,0.004196296296296296,4.397464752197266,6.017099857330322,189.99958038330078,-14.210091815333525
1772048338.9204721,patch_rect,5.7451,70.187,0.06,0.017900764427557895,0.0018722804992011301,0.004096296296296296,4.397464752197266,6.023099899291992,197.9999542236328,-14.754697338174074
1772048387.5387414,patch_rect,5.7451,70.187,0.06,0.018000764427557894,0.0018222804992011302,0.0039962962962962955,4.397464752197266,6.025100231170654,203.99999618530273,-15.322604832395768
1772048435.2757807,patch_rect,5.7451,70.187,0.06,0.018100764427557894,0.0017722804992011303,0.0038962962962962957,4.397464752197266,6.035099983215332,212.00037002563477,-15.746709026169656
1772048483.3383346,patch_rect,5.7451,70.187,0.06,0.018200764427557893,0.0017222804992011304,0.003796296296296296,4.397464752197266,6.031099796295166,217.99993515014648,-16.03632790445808
1772048531.2498176,patch_rect,5.7451,70.187,0.06,0.018300764427557892,0.0016722804992011305,0.003696296296296296,4.397464752197266,6.005099773406982,217.99993515014648,-16.086806167722813
1772048579.5449536,patch_rect,5.7451,70.187,0.06,0.018300764427557892,0.0016722804992011305,0.003696296296296296,4.397464752197266,6.005099773406982,217.99993515014648,-16.086810708984512
1772048628.5799046,patch_rect,6.9744,64.646,0.06,0.011139444075524807,0.0021759713999927044,0.005,4.384609222412109,6.904399871826172,604.0000915527344,-16.099507726636148
1772048681.881247,patch_rect,6.9744,64.646,0.06,0.010472777408858141,0.002042638066659371,0.004666666666666667,4.384609222412109,7.086400032043457,618.0000305175781,-19.188341637562864
1772048713.443239,patch_rect,6.9744,64.646,0.06,0.010917221853302586,0.001953749177770482,0.0044444444444444444,4.384609222412109,5.974400043487549,2000.0,-16.199810860690913
1772048766.7072687,patch_rect,6.9744,64.646,0.06,0.01062092555700629,0.0018944899185112229,0.004296296296296296,4.384609222412109,7.128399848937988,547.9998588562012,-22.36916605558374
1772048818.2902405,patch_rect,6.9744,64.646,0.06,0.01081845642120382,0.001844489918511223,0.004196296296296296,4.384609222412109,7.110400199890137,509.99975204467773,-23.831362579586784
1772048849.963634,patch_rect,6.9744,64.646,0.06,0.010950143664002175,0.001794489918511223,0.004096296296296296,4.384609222412109,5.974400043487549,2000.0,-18.06334295839619
1772048901.9426658,patch_rect,6.9744,64.646,0.06,0.010850143664002176,0.0017444899185112231,0.0039962962962962955,4.384609222412109,7.146399974822998,480.0000190734863,-28.95601881705516
1772048954.8552883,patch_rect,6.9744,64.646,0.06,0.010950143664002175,0.0016944899185112232,0.0038962962962962957,4.384609222412109,7.148399829864502,458.00018310546875,-33.26492849248469
1772049006.7057402,patch_rect,6.9744,64.646,0.06,0.011050143664002175,0.0016444899185112233,0.003796296296296296,4.384609222412109,7.150400161743164,440.000057220459,-41.81424123950855
1772049056.7885265,patch_rect,6.9744,64.646,0.06,0.011150143664002174,0.0015944899185112234,0.003696296296296296,4.384609222412109,7.126399993896484,424.0002632141113,-43.01664463690355
1772049107.4001658,patch_rect,6.9744,64.646,0.06,0.011150143664002174,0.0015944899185112234,0.003696296296296296,4.384609222412109,7.126399993896484,424.0002632141113,-43.01664463690355
1772049156.312809,patch_rect,2.3846,97.135,0.06,0.031438518315553665,0.0023024233523756266,0.001616623834706843,4.399982929229736,2.34660005569458,64.00012969970703,-21.42368416415942
1772049198.5563834,patch_rect,2.3846,97.135,0.06,0.030771851648887,0.00243575668570896,0.0019499571680401762,4.399982929229736,2.2086000442504883,80.00016212463379,-25.420851734174725
1772049241.431017,patch_rect,2.3846,97.135,0.06,0.030327407204442554,0.0025246455745978487,0.0021721793902623986,4.399982929229736,2.226599931716919,185.99987030029297,-22.657292879613628
1772049283.8341494,patch_rect,2.3846,97.135,0.06,0.030031110908146256,0.0024653863153385894,0.0020240312421142504,4.399982929229736,2.2585999965667725,154.00004386901855,-18.010591684976895
1772049326.2309535,patch_rect,2.3846,97.135,0.06,0.029833580043948725,0.0024153863153385893,0.0019240312421142504,4.399982929229736,2.280600070953369,133.99982452392578,-15.670463454645922
1772049368.816931,patch_rect,2.3846,97.135,0.06,0.029701892801150372,0.002365386315338589,0.0018240312421142504,4.399982929229736,2.3066000938415527,118.00003051757812,-14.18160692573265
1772049411.18241,patch_rect,2.3846,97.135,0.06,0.029601892801150373,0.002315386315338589,0.0017240312421142503,4.399982929229736,2.3345999717712402,95.99995613098145,-13.36920314630028
1772049453.7283669,patch_rect,2.3846,97.135,0.06,0.029501892801150374,0.002365386315338589,0.0018240312421142504,4.399982929229736,2.3366000652313232,98.00004959106445,-12.947204599049705
1772049496.382619,patch_rect,2.3846,97.135,0.06,0.029401892801150374,0.002315386315338589,0.0017240312421142503,4.399982929229736,2.342600107192993,69.99993324279785,-11.854036112539006
1772049539.163888,patch_rect,2.3846,97.135,0.06,0.029301892801150375,0.002365386315338589,0.0018240312421142504,4.399982929229736,2.34660005569458,69.99993324279785,-11.538212563506733
1772049581.8603685,patch_rect,2.3846,97.135,0.06,0.030771851648887,0.00243575668570896,0.0019499571680401762,4.399982929229736,2.2086000442504883,80.00016212463379,-25.420881281680543
1772049634.716428,patch_rect,5.6558,107.095,0.06,0.015466020442545414,0.002243159571662545,0.005,4.398229122161865,6.177800178527832,504.000186920166,-16.48983358764599
1772049683.2411952,patch_rect,5.6558,107.095,0.06,0.01613268710921208,0.002109826238329212,0.004666666666666667,4.398229122161865,6.147799968719482,584.0001106262207,-21.288396871598376
1772049730.390653,patch_rect,5.6558,107.095,0.06,0.016577131553656525,0.002020937349440323,0.0044444444444444444,4.398229122161865,6.1697998046875,645.9999084472656,-30.526820334437073
1772049777.457185,patch_rect,5.6558,107.095,0.06,0.016873427849952823,0.0019616780901810637,0.004296296296296296,4.398229122161865,6.191800117492676,682.0001602172852,-41.144108945765076
1772049823.816515,patch_rect,5.6558,107.095,0.06,0.017070958714150354,0.0019116780901810638,0.004196296296296296,4.398229122161865,5.811800003051758,703.9999961853027,-35.9313858026985
1772049870.105665,patch_rect,5.6558,107.095,0.06,0.017202645956948707,0.0018616780901810639,0.004096296296296296,4.398229122161865,5.791800022125244,716.0000801086426,-44.2694098183658
1772049916.2646682,patch_rect,5.6558,107.095,0.06,0.017302645956948706,0.001811678090181064,0.0039962962962962955,4.398229122161865,5.781799793243408,717.9999351501465,-31.842405818000962
1772049962.3249352,patch_rect,5.6558,107.095,0.06,0.017402645956948706,0.001761678090181064,0.0038962962962962957,4.398229122161865,5.779799938201904,717.9999351501465,-27.20825138025877
1772050008.1663103,patch_rect,5.6558,107.095,0.06,0.017502645956948705,0.0017116780901810641,0.003796296296296296,4.398229122161865,5.773799896240234,342.00000762939453,-24.127496366328074
1772050054.0467145,patch_rect,5.6558,107.095,0.06,0.017602645956948704,0.0016616780901810642,0.003696296296296296,4.398229122161865,5.755799770355225,325.9997367858887,-22.546179184085634
1772050100.9063964,patch_rect,5.6558,107.095,0.06,0.017202645956948707,0.0018616780901810639,0.004096296296296296,4.398229122161865,5.791800022125244,716.0000801086426,-44.26939091321347
1772050153.7507644,patch_rect,5.897,115.014,0.06,0.013911894522607327,0.0022196227218955755,0.005,4.398221969604492,6.617000102996826,526.0000228881836,-17.289764874767627
1772050202.0576081,patch_rect,5.897,115.014,0.06,0.014578561189273993,0.002086289388562242,0.004666666666666667,4.398221969604492,6.552999973297119,425.99964141845703,-14.03219376761376
1772050250.3175454,patch_rect,5.897,115.014,0.06,0.015023005633718438,0.0019974004996733533,0.0044444444444444444,4.398221969604492,6.505000114440918,407.99999237060547,-13.531676384689352
1772050298.0728757,patch_rect,5.897,115.014,0.06,0.015319301930014734,0.001938141240414094,0.004296296296296296,4.398221969604492,6.474999904632568,468.0004119873047,-14.019654150623635
1772050344.3553565,patch_rect,5.897,115.014,0.06,0.015516832794212265,0.001888141240414094,0.004196296296296296,4.398221969604492,6.448999881744385,523.9996910095215,-14.89786987355377
1772050390.704833,patch_rect,5.897,115.014,0.06,0.01564852003701062,0.0018381412404140942,0.004096296296296296,4.398221969604492,6.440999984741211,538.0001068115234,-15.860462048788577
1772050437.7713366,patch_rect,5.897,115.014,0.06,0.01574852003701062,0.0017881412404140943,0.0039962962962962955,4.398221969604492,6.428999900817871,546.0000038146973,-17.01896395481056
1772050484.3849363,patch_rect,5.897,115.014,0.06,0.015848520037010618,0.0017381412404140944,0.0038962962962962957,4.398221969604492,6.427000045776367,546.0000038146973,-18.230141565635055
1772050531.0845528,patch_rect,5.897,115.014,0.06,0.015948520037010618,0.0016881412404140944,0.003796296296296296,4.398221969604492,6.421000003814697,539.9999618530273,-19.60090398935011
1772050576.9892142,patch_rect,5.897,115.014,0.06,0.016048520037010617,0.0016381412404140945,0.003696296296296296,4.398221969604492,6.36899995803833,503.9997100830078,-18.885438654533232
1772050623.9362502,patch_rect,5.897,115.014,0.06,0.015948520037010618,0.0016881412404140944,0.003796296296296296,4.398221969604492,6.421000003814697,539.9999618530273,-19.60090398935011
1772050669.0995727,patch_rect,2.881,51.631,0.06,0.031558237969875336,0.0023328629322350025,0.0021588641684502363,4.399680137634277,2.9670000076293945,82.0000171661377,-22.377998743658317
1772050711.7522576,patch_rect,2.881,51.631,0.06,0.032224904636542005,0.002199529598901669,0.001825530835116903,4.399680137634277,2.940999984741211,65.99998474121094,-17.956938431877422
1772050757.3113606,patch_rect,2.881,51.631,0.06,0.03266934908098645,0.0021106407100127803,0.0016033086128946809,4.399680137634277,3.256999969482422,85.99996566772461,-31.088958361921573
1772050803.8775685,patch_rect,2.881,51.631,0.06,0.03296564537728274,0.002051381450753521,0.0014551604647465328,4.399680137634277,3.265000104904175,78.00006866455078,-29.30556217664048
1772050849.4405503,patch_rect,2.881,51.631,0.06,0.033163176241480276,0.002001381450753521,0.0013551604647465327,4.399680137634277,3.2730000019073486,72.00002670288086,-25.74775487048301
1772050896.2326086,patch_rect,2.881,51.631,0.06,0.03329486348427863,0.001951381450753521,0.0012551604647465327,4.399680137634277,3.2809998989105225,68.00007820129395,-24.196431585624012
1772050942.2758067,patch_rect,2.881,51.631,0.06,0.033394863484278635,0.001901381450753521,0.0011551604647465326,4.399680137634277,3.2869999408721924,61.99979782104492,-22.58381038860278
1772050988.8533044,patch_rect,2.881,51.631,0.06,0.03349486348427864,0.0018513814507535211,0.0010551604647465326,4.399680137634277,3.2869999408721924,58.00008773803711,-20.552458123099704
1772051034.8503494,patch_rect,2.881,51.631,0.06,0.03359486348427864,0.0018013814507535212,0.0009551604647465325,4.399680137634277,3.2929999828338623,52.00004577636719,-19.152246174246777
1772051080.9049041,patch_rect,2.881,51.631,0.06,0.033694863484278643,0.0017513814507535213,0.0008551604647465325,4.399680137634277,3.302999973297119,46.000003814697266,-16.793583932572126
1772051126.6263955,patch_rect,2.881,51.631,0.06,0.03266934908098645,0.0021106407100127803,0.0016033086128946809,4.399680137634277,3.256999969482422,85.99996566772461,-31.088886631491345
1772051176.025323,patch_rect,5.0624,104.441,0.06,0.019066182896494865,0.002279740059748292,0.004460650961846113,4.398322582244873,5.436399936676025,324.00035858154297,-21.282025233567875
1772051221.8893137,patch_rect,5.0624,104.441,0.06,0.01973284956316153,0.0021464067264149586,0.00412731762851278,4.398322582244873,5.3703999519348145,246.0002899169922,-16.08771184293588
1772051267.6315055,patch_rect,5.0624,104.441,0.06,0.020177294007605977,0.00205751783752607,0.003905095406290558,4.398322582244873,5.332399845123291,194.000244140625,-13.88031740451827
1772051312.999883,patch_rect,5.0624,104.441,0.06,0.020473590303902275,0.0019982585782668105,0.00375694725814241,4.398322582244873,5.298399925231934,162.00017929077148,-12.815512451214268
1772051357.9532266,patch_rect,5.0624,104.441,0.06,0.020671121168099806,0.0019482585782668105,0.00365694725814241,4.398322582244873,5.27839994430542,139.9998664855957,-12.076161055560197
1772051403.1801336,patch_rect,5.0624,104.441,0.06,0.02080280841089816,0.0018982585782668106,0.00355694725814241,4.398322582244873,5.27239990234375,122.00021743774414,-11.723968677103437
1772051448.6791668,patch_rect,5.0624,104.441,0.06,0.020902808410898158,0.0018482585782668107,0.0034569472581424104,4.398322582244873,5.26639986038208,106.00042343139648,-11.31216767578023
1772051493.5350826,patch_rect,5.0624,104.441,0.06,0.021002808410898157,0.0017982585782668108,0.0033569472581424105,4.398322582244873,5.264400005340576,92.00000762939453,-11.03748067490666
1772051538.8217142,patch_rect,5.0624,104.441,0.06,0.021102808410898156,0.0018482585782668107,0.0034569472581424104,4.398322582244873,5.238399982452393,96.00019454956055,-11.112323725972377
1772051584.91383,patch_rect,5.0624,104.441,0.06,0.021202808410898156,0.0018982585782668106,0.00355694725814241,4.398322582244873,5.220399856567383,108.00027847290039,-11.329487380325748
1772051632.0354629,patch_rect,5.0624,104.441,0.06,0.019066182896494865,0.002279740059748292,0.004460650961846113,4.398322582244873,5.436399936676025,324.00035858154297,-21.282031985725588
1772051685.8734305,patch_rect,6.6782,56.583,0.06,0.012199626304209232,0.00219240365549922,0.005,4.390793800354004,6.998199939727783,1053.999900817871,-43.52444535958575
1772051736.3733718,patch_rect,6.6782,56.583,0.06,0.012866292970875898,0.0020590703221658865,0.004666666666666667,4.390793800354004,6.900199890136719,796.0000038146973,-22.322032819437617
1772051786.705912,patch_rect,6.6782,56.583,0.06,0.013310737415320344,0.0019701814332769977,0.0044444444444444444,4.390793800354004,6.842199802398682,673.9997863769531,-19.338076542790766
1772051837.3923204,patch_rect,6.6782,56.583,0.06,0.01360703371161664,0.0019109221740177384,0.004296296296296296,4.390793800354004,6.796199798583984,604.0000915527344,-17.98340796914244
1772051887.5066755,patch_rect,6.6782,56.583,0.06,0.01380456457581417,0.0018609221740177385,0.004196296296296296,4.390793800354004,6.764200210571289,547.9998588562012,-17.013101899368767
1772051937.1833205,patch_rect,6.6782,56.583,0.06,0.013936251818612525,0.0018109221740177386,0.004096296296296296,4.390793800354004,6.746200084686279,521.9998359680176,-16.655856010144777
1772051986.220814,patch_rect,6.6782,56.583,0.06,0.014036251818612525,0.0017609221740177386,0.0039962962962962955,4.390793800354004,6.7342000007629395,502.0003318786621,-16.371345379529863
1772052034.7847457,patch_rect,6.6782,56.583,0.06,0.014136251818612524,0.0017109221740177387,0.0038962962962962957,4.390793800354004,6.730199813842773,482.00035095214844,-16.087205335014726
1772052082.0970783,patch_rect,6.6782,56.583,0.06,0.014236251818612523,0.0016609221740177388,0.003796296296296296,4.390793800354004,6.71619987487793,460.00003814697266,-15.846768662664152
1772052128.902812,patch_rect,6.6782,56.583,0.06,0.014336251818612523,0.001610922174017739,0.003696296296296296,4.390793800354004,6.674200057983398,449.9998092651367,-15.761882909591796
1772052179.9877105,patch_rect,6.6782,56.583,0.06,0.012199626304209232,0.00219240365549922,0.005,4.390793800354004,6.998199939727783,1053.999900817871,-43.524449792780686
1772052228.5437682,patch_rect,2.4527,50.019,0.06,0.03386342525482178,0.0023339255712926388,0.0016301799332723022,4.3999857902526855,3.1666998863220215,80.00016212463379,-30.362242311710798
1772052274.265439,patch_rect,2.4527,50.019,0.06,0.03453009192148845,0.0022005922379593054,0.0012968465999389689,4.3999857902526855,3.188699960708618,64.00012969970703,-23.26011649534792
1772052320.4243474,patch_rect,2.4527,50.019,0.06,0.03497453636593289,0.0021117033490704166,0.0010746243777167467,4.3999857902526855,3.192699909210205,53.999900817871094,-19.715989253300094
1772052366.398608,patch_rect,2.4527,50.019,0.06,0.03527083266222918,0.0020524440898111573,0.0009264762295685986,4.3999857902526855,3.206700086593628,46.000003814697266,-17.845040423503317
1772052413.484683,patch_rect,2.4527,50.019,0.06,0.03546836352642672,0.0021024440898111574,0.0010264762295685986,4.3999857902526855,3.198699951171875,52.00004577636719,-19.88377994454236
1772052459.455518,patch_rect,2.4527,50.019,0.06,0.035600050769225074,0.0020524440898111573,0.0009264762295685986,4.3999857902526855,3.204699993133545,46.000003814697266,-18.560357434428848
1772052506.1061065,patch_rect,2.4527,50.019,0.06,0.035700050769225077,0.0021024440898111574,0.0010264762295685986,4.3999857902526855,3.198699951171875,52.00004577636719,-20.534707439264306
1772052553.1722991,patch_rect,2.4527,50.019,0.06,0.03580005076922508,0.0020524440898111573,0.0009264762295685986,4.3999857902526855,3.204699993133545,46.000003814697266,-18.864476454835387
1772052602.9672885,patch_rect,2.4527,50.019,0.06,0.03590005076922508,0.0021024440898111574,0.0010264762295685986,4.3999857902526855,3.198699951171875,52.00004577636719,-21.101104761017403
1772052649.6534214,patch_rect,2.4527,50.019,0.06,0.036000050769225085,0.0020524440898111573,0.0009264762295685986,4.3999857902526855,3.204699993133545,46.000003814697266,-19.335011625573472
1772052695.5884933,patch_rect,2.4527,50.019,0.06,0.03386342525482178,0.0023339255712926388,0.0016301799332723022,4.3999857902526855,3.1666998863220215,80.00016212463379,-30.362246137396415
1772052743.9905968,patch_rect,5.0222,117.452,0.06,0.018442632630467415,0.0022779637947678566,0.003991949837654829,4.398597717285156,5.588200092315674,292.00029373168945,-17.58308114194881
1772052789.6870458,patch_rect,5.0222,117.452,0.06,0.01910929929713408,0.002144630461434523,0.0036586165043214955,4.398597717285156,5.4842000007629395,205.99985122680664,-13.894634919911432
1772052835.19372,patch_rect,5.0222,117.452,0.06,0.019553743741578526,0.0020557415725456344,0.0034363942820992734,4.398597717285156,4.1722002029418945,213.99974822998047,-14.010216360593152
1772052879.6542773,patch_rect,5.0222,117.452,0.06,0.019257447445282228,0.001996482313286375,0.0032882461339511252,4.398597717285156,4.262199878692627,191.9999122619629,-13.582456841442273
1772052923.6159494,patch_rect,5.0222,117.452,0.06,0.019059916581084697,0.0019464823132863752,0.0031882461339511254,4.398597717285156,4.31220006942749,185.99987030029297,-13.383564821616883
1772052967.7461612,patch_rect,5.0222,117.452,0.06,0.018928229338286345,0.0018964823132863753,0.0030882461339511256,4.398597717285156,4.344200134277344,173.99978637695312,-13.0136316425329
1772053011.7433975,patch_rect,5.0222,117.452,0.06,0.018828229338286345,0.0018464823132863753,0.0029882461339511258,4.398597717285156,4.384200096130371,170.0000762939453,-12.912406106511456
1772053055.7766452,patch_rect,5.0222,117.452,0.06,0.018728229338286346,0.0017964823132863754,0.002888246133951126,4.398597717285156,4.4222002029418945,164.0000343322754,-12.846532904032841
1772053099.8779566,patch_rect,5.0222,117.452,0.06,0.018628229338286346,0.0017464823132863755,0.002788246133951126,4.398597717285156,4.46619987487793,159.99984741210938,-12.752326975263859
1772053143.448117,patch_rect,5.0222,117.452,0.06,0.018528229338286347,0.0016964823132863756,0.0026882461339511263,4.398597717285156,4.508200168609619,156.00013732910156,-12.651325406245899
1772053189.7450373,patch_rect,5.0222,117.452,0.06,0.018442632630467415,0.0022779637947678566,0.003991949837654829,4.398597717285156,5.588200092315674,292.00029373168945,-17.58307659544983
1772053243.4481723,patch_rect,4.8322,68.581,0.06,0.021768920123577118,0.00230368017219007,0.005,4.397531032562256,5.832200050354004,328.0000686645508,-17.395344071416336
1772053291.8872447,patch_rect,4.8322,68.581,0.06,0.022435586790243784,0.0021703468388567368,0.004666666666666667,4.397531032562256,5.832200050354004,346.00019454956055,-22.75273388052586
1772053340.1117582,patch_rect,4.8322,68.581,0.06,0.02288003123468823,0.002081457949967848,0.0044444444444444444,4.397531032562256,5.832200050354004,354.0000915527344,-29.197810561567962
1772053388.1377394,patch_rect,4.8322,68.581,0.06,0.023176327530984527,0.0020221986907085886,0.004296296296296296,4.397531032562256,5.82420015335083,360.0001335144043,-27.100080990581688
1772053436.2670338,patch_rect,4.8322,68.581,0.06,0.023373858395182058,0.0019721986907085885,0.004196296296296296,4.397531032562256,5.80620002746582,366.0001754760742,-24.26418382300332
1772053484.8519373,patch_rect,4.8322,68.581,0.06,0.02350554563798041,0.0019221986907085886,0.004096296296296296,4.397531032562256,5.802199840545654,361.9999885559082,-22.9600529753516
1772053532.8567972,patch_rect,4.8322,68.581,0.06,0.02360554563798041,0.0018721986907085887,0.0039962962962962955,4.397531032562256,5.7982001304626465,361.9999885559082,-22.003559030701485
1772053580.972333,patch_rect,4.8322,68.581,0.06,0.02370554563798041,0.0018221986907085888,0.0038962962962962957,4.397531032562256,5.802199840545654,355.9999465942383,-21.370228914035163
1772053629.1669378,patch_rect,4.8322,68.581,0.06,0.02380554563798041,0.0017721986907085889,0.003796296296296296,4.397531032562256,5.790200233459473,363.9998435974121,-20.942737914703976
1772053676.9109879,patch_rect,4.8322,68.581,0.06,0.02390554563798041,0.001722198690708589,0.003696296296296296,4.397531032562256,5.782199859619141,388.0000114440918,-21.30567579805966
1772053726.5414896,patch_rect,4.8322,68.581,0.06,0.02288003123468823,0.002081457949967848,0.0044444444444444444,4.397531032562256,5.832200050354004,354.0000915527344,-29.19784439535063
1772053780.4807618,patch_rect,6.3515,114.413,0.06,0.012412816286087036,0.0021950113587081432,0.005,4.39771842956543,6.929500102996826,889.9998664855957,-32.28179557029478
1772053830.869662,patch_rect,6.3515,114.413,0.06,0.013079482952753702,0.00206167802537481,0.004666666666666667,4.39771842956543,6.8495001792907715,727.9996871948242,-20.550635494173296
1772053881.1437776,patch_rect,6.3515,114.413,0.06,0.013523927397198147,0.001972789136485921,0.0044444444444444444,4.39771842956543,6.791500091552734,614.0003204345703,-18.012268724325367
1772053931.1188865,patch_rect,6.3515,114.413,0.06,0.013820223693494444,0.0019135298772266617,0.004296296296296296,4.39771842956543,6.743500232696533,542.0002937316895,-16.604278630002874
1772053980.338026,patch_rect,6.3515,114.413,0.06,0.014017754557691975,0.0018635298772266618,0.004196296296296296,4.39771842956543,6.721499919891357,500.0,-16.018324449885583
1772054029.2591553,patch_rect,6.3515,114.413,0.06,0.014149441800490329,0.001813529877226662,0.004096296296296296,4.39771842956543,6.707499980926514,475.9998321533203,-15.700617735549383
1772054076.4103744,patch_rect,6.3515,114.413,0.06,0.014249441800490328,0.001763529877226662,0.0039962962962962955,4.39771842956543,6.695499897003174,460.00003814697266,-15.588748585793446
1772054123.858059,patch_rect,6.3515,114.413,0.06,0.014349441800490328,0.001713529877226662,0.0038962962962962957,4.39771842956543,6.689499855041504,441.9999122619629,-15.342266611508846
1772054171.1398542,patch_rect,6.3515,114.413,0.06,0.014449441800490327,0.0016635298772266621,0.003796296296296296,4.39771842956543,6.679500102996826,420.0000762939453,-14.9512702905277
1772054218.4495347,patch_rect,6.3515,114.413,0.06,0.014549441800490327,0.0016135298772266622,0.003696296296296296,4.39771842956543,6.627500057220459,395.9999084472656,-14.60536666026596
1772054269.6937375,patch_rect,6.3515,114.413,0.06,0.012412816286087036,0.0021950113587081432,0.005,4.39771842956543,6.929500102996826,889.9998664855957,-32.28179557029478
1772054326.6237054,patch_rect,6.568,105.32,0.06,0.011882449500262737,0.0021862133871763945,0.005,4.394252777099609,6.751999855041504,541.9998168945312,-13.979404635223215
1772054380.2131104,patch_rect,6.568,105.32,0.06,0.012549116166929403,0.002052880053843061,0.004666666666666667,4.394252777099609,6.6579999923706055,475.9998321533203,-13.515049953487907
1772054434.7417014,patch_rect,6.568,105.32,0.06,0.012993560611373849,0.0019639911649541723,0.0044444444444444444,4.394252777099609,6.599999904632568,332.0002555847168,-14.268931773089665
1772054487.471282,patch_rect,6.568,105.32,0.06,0.013289856907670145,0.001904731905694913,0.004296296296296296,4.394252777099609,6.576000213623047,276.0000228881836,-15.23002073541676
1772054544.8655748,patch_rect,6.568,105.32,0.06,0.013487387771867676,0.001854731905694913,0.004196296296296296,4.394252777099609,6.559999942779541,256.0000419616699,-15.886882396152465
1772054596.9228103,patch_rect,6.568,105.32,0.06,0.013355700529069321,0.0018047319056949131,0.004096296296296296,4.394252777099609,6.6020002365112305,274.0001678466797,-16.945476564419522
1772054648.3239748,patch_rect,6.568,105.32,0.06,0.01345570052906932,0.0017547319056949132,0.0039962962962962955,4.394252777099609,6.604000091552734,267.99964904785156,-17.8796793720875
1772054699.5818384,patch_rect,6.568,105.32,0.06,0.01355570052906932,0.0017047319056949133,0.0038962962962962957,4.394252777099609,6.613999843597412,264.00041580200195,-18.54403906321692
1772054750.3658311,patch_rect,6.568,105.32,0.06,0.01365570052906932,0.0016547319056949134,0.003796296296296296,4.394252777099609,6.607999801635742,257.9998970031738,-19.184436756934836
1772054799.633849,patch_rect,6.568,105.32,0.06,0.013755700529069319,0.0016047319056949135,0.003696296296296296,4.394252777099609,6.578000068664551,259.99975204467773,-19.98992946976979
1772054849.2513523,patch_rect,6.568,105.32,0.06,0.013755700529069319,0.0016047319056949135,0.003696296296296296,4.394252777099609,6.578000068664551,259.99975204467773,-19.989935154739808
1772054905.7079227,patch_rect,5.8653,98.739,0.06,0.014489023014903069,0.0022292749490588903,0.005,4.3979315757751465,6.285299777984619,177.99997329711914,-11.39947161159986
1772054958.4300594,patch_rect,5.8653,98.739,0.06,0.015155689681569735,0.002095941615725557,0.004666666666666667,4.3979315757751465,6.245299816131592,173.99978637695312,-12.112447447260994
1772055011.346673,patch_rect,5.8653,98.739,0.06,0.01560013412601418,0.002007052726836668,0.0044444444444444444,4.3979315757751465,6.217299938201904,177.99997329711914,-13.044351673642556
1772055062.3243148,patch_rect,5.8653,98.739,0.06,0.015896430422310478,0.0019477934675774088,0.004296296296296296,4.3979315757751465,6.2032999992370605,184.00001525878906,-13.946311355082749
1772055112.1189265,patch_rect,5.8653,98.739,0.06,0.01609396128650801,0.001897793467577409,0.004196296296296296,4.3979315757751465,6.185299873352051,185.99987030029297,-14.53595948146444
1772055160.7430894,patch_rect,5.8653,98.739,0.06,0.01622564852930636,0.001847793467577409,0.004096296296296296,4.3979315757751465,6.191299915313721,185.99987030029297,-14.968688899041545
1772055209.1636143,patch_rect,5.8653,98.739,0.06,0.01632564852930636,0.001797793467577409,0.0039962962962962955,4.3979315757751465,6.193299770355225,190.00005722045898,-15.481672951062635
1772055257.8610072,patch_rect,5.8653,98.739,0.06,0.01642564852930636,0.0017477934675774092,0.0038962962962962957,4.3979315757751465,6.201300144195557,190.00005722045898,-15.71510562923237
1772055306.5730462,patch_rect,5.8653,98.739,0.06,0.01652564852930636,0.0016977934675774093,0.003796296296296296,4.3979315757751465,6.2032999992370605,194.000244140625,-15.937616423212068
1772055354.5843697,patch_rect,5.8653,98.739,0.06,0.01662564852930636,0.0016477934675774093,0.003696296296296296,4.3979315757751465,6.165299892425537,190.00005722045898,-16.189377984836785
1772055403.173349,patch_rect,5.8653,98.739,0.06,0.01662564852930636,0.0016477934675774093,0.003696296296296296,4.3979315757751465,6.165299892425537,190.00005722045898,-16.189381630580755
1772055591.186474,patch_rect,4.2,107.046,0.06,0.021949291046018952,0.002593934945155073,0.0038527339681707047,4.399104595184326,3.8320000171661377,22.00007438659668,-10.094953109226598
1772055638.3638613,patch_rect,4.2,107.046,0.06,0.02175176018182142,0.0026439349451550733,0.003952733968170705,4.399104595184326,3.8480000495910645,36.00001335144043,-10.219425195273846
1772055685.5404396,patch_rect,4.2,107.046,0.06,0.021620072939023068,0.0026939349451550734,0.004052733968170705,4.399104595184326,3.8480000495910645,42.00005531311035,-10.282532178578181
1772055732.594467,patch_rect,4.2,107.046,0.06,0.02152007293902307,0.0027439349451550735,0.0041527339681707055,4.399104595184326,3.8540000915527344,49.99995231628418,-10.388582440471339
1772055779.9348865,patch_rect,4.2,107.046,0.06,0.02142007293902307,0.0027939349451550737,0.004252733968170706,4.399104595184326,3.8519999980926514,56.0002326965332,-10.465353473084955
1772055829.1940558,patch_rect,4.2,107.046,0.06,0.02132007293902307,0.0028439349451550738,0.004352733968170706,4.399104595184326,3.864000082015991,63.99989128112793,-10.562129069047739
1772055876.6990514,patch_rect,4.2,107.046,0.06,0.02122007293902307,0.002893934945155074,0.004452733968170706,4.399104595184326,3.864000082015991,72.00002670288086,-10.688664788265935
1772055924.8149092,patch_rect,4.2,107.046,0.06,0.02122007293902307,0.002893934945155074,0.004452733968170706,4.399104595184326,3.864000082015991,72.00002670288086,-10.688664686459706
1772055973.8824954,patch_rect,2.7577,123.703,0.06,0.027449199929833412,0.0022903275676071644,0.0016236893134191632,4.399982929229736,3.2497000694274902,180.00006675720215,-22.258857499575846
1772056020.5542736,patch_rect,2.7577,123.703,0.06,0.02811586659650008,0.002156994234273831,0.00129035598008583,4.399982929229736,3.263700008392334,119.99988555908203,-15.686833596269182
1772056067.799951,patch_rect,2.7577,123.703,0.06,0.028560311040944523,0.0022458831231627198,0.0015125782023080521,4.399982929229736,3.2256999015808105,59.999942779541016,-11.06965501513271
1772056115.5721025,patch_rect,2.7577,123.703,0.06,0.02885660733724082,0.002305142382421979,0.0016607263504562003,4.399982929229736,3.20169997215271,52.00004577636719,-10.769903682238608
1772056248.1735365,patch_rect,2.7577,123.703,0.06,0.029285825444236704,0.0024551423824219795,0.0019607263504562004,4.399982929229736,3.1057000160217285,12.000083923339844,-10.147078809195598
1772056292.1615927,patch_rect,2.7577,123.703,0.06,0.029385825444236704,0.0025051423824219796,0.0020607263504562002,4.399982929229736,3.0896999835968018,46.000003814697266,-11.697644932278903
1772056335.722378,patch_rect,2.7577,123.703,0.06,0.029485825444236703,0.0025551423824219798,0.0021607263504562,4.399982929229736,3.073699951171875,64.00012969970703,-13.224380134026372
1772056379.1174061,patch_rect,2.7577,123.703,0.06,0.029585825444236703,0.00260514238242198,0.0022607263504562,4.399982929229736,3.0557000637054443,79.99992370605469,-14.81476212924521
1772056426.861209,patch_rect,2.7577,123.703,0.06,0.027449199929833412,0.0022903275676071644,0.0016236893134191632,4.399982929229736,3.2497000694274902,180.00006675720215,-22.25885516515683
1772056481.184598,patch_rect,5.8595,124.888,0.06,0.013869059272110462,0.0022192138712853193,0.005,4.398439407348633,6.453499794006348,503.9997100830078,-16.013799332851335
1772056531.468719,patch_rect,5.8595,124.888,0.06,0.014535725938777128,0.002085880537951986,0.004666666666666667,4.398439407348633,6.401500225067139,382.0004463195801,-13.542860852055021
1772056580.9572709,patch_rect,5.8595,124.888,0.06,0.014980170383221574,0.001996991649063097,0.0044444444444444444,4.398439407348633,6.3454999923706055,366.0001754760742,-12.974220499438047
1772056612.6762397,patch_rect,5.8595,124.888,0.06,0.01527646667951787,0.0019377323898038378,0.004296296296296296,4.398439407348633,4.859499931335449,2000.0,-18.09301901460317
1772056659.9743216,patch_rect,5.8595,124.888,0.06,0.015078935815320339,0.001887732389803838,0.004196296296296296,4.398439407348633,6.355500221252441,388.0000114440918,-13.17130975140149
1772056707.9062874,patch_rect,5.8595,124.888,0.06,0.015210623058118693,0.001837732389803838,0.004096296296296296,4.398439407348633,6.3394999504089355,434.00001525878906,-13.401930483776122
1772056756.1584716,patch_rect,5.8595,124.888,0.06,0.015310623058118693,0.001787732389803838,0.0039962962962962955,4.398439407348633,6.323500156402588,453.99999618530273,-13.633704853797203
1772056803.4898903,patch_rect,5.8595,124.888,0.06,0.015410623058118692,0.0017377323898038382,0.0038962962962962957,4.398439407348633,6.303500175476074,455.99985122680664,-14.06865094807996
1772056850.7301452,patch_rect,5.8595,124.888,0.06,0.015510623058118692,0.0016877323898038382,0.003796296296296296,4.398439407348633,6.287499904632568,443.9997673034668,-14.427526978989523
1772056897.9284234,patch_rect,5.8595,124.888,0.06,0.015610623058118691,0.0016377323898038383,0.003696296296296296,4.398439407348633,6.243500232696533,398.00024032592773,-13.662783552220203
1772056945.7663972,patch_rect,5.8595,124.888,0.06,0.01527646667951787,0.0019377323898038378,0.004296296296296296,4.398439407348633,6.309500217437744,447.9999542236328,-13.447420020544758
1772056992.91369,patch_rect,3.4837,87.476,0.06,0.02720893733203411,0.0023215333931148052,0.0022486457601189613,4.399629592895508,3.331700086593628,19.999980926513672,-10.101887007973133
1772057037.3622108,patch_rect,3.4837,87.476,0.06,0.026542270665367445,0.0024548667264481386,0.002581979093452295,4.399629592895508,3.325700044631958,150.00009536743164,-13.679142852585567
1772057081.5619884,patch_rect,3.4837,87.476,0.06,0.026097826220923,0.00236597783755925,0.0023597568712300726,4.399629592895508,3.317699909210205,243.99995803833008,-43.25860428452564
1772057125.9466348,patch_rect,3.4837,87.476,0.06,0.0258015299246267,0.0023067185782999905,0.0022116087230819245,4.399629592895508,3.317699909210205,95.99995613098145,-17.92771441979425
1772057169.4576895,patch_rect,3.4837,87.476,0.06,0.02560399906042917,0.0022567185782999904,0.0021116087230819247,4.399629592895508,3.5557000637054443,141.9999599456787,-17.831348229903902
1772057213.9861295,patch_rect,3.4837,87.476,0.06,0.025735686303227524,0.0022067185782999902,0.002011608723081925,4.399629592895508,3.5536999702453613,134.00006294250488,-17.50539952750843
1772057258.5008285,patch_rect,3.4837,87.476,0.06,0.025835686303227523,0.00215671857829999,0.0019116087230819248,4.399629592895508,3.5576999187469482,124.00007247924805,-17.348591844544103
1772057302.499395,patch_rect,3.4837,87.476,0.06,0.025935686303227522,0.00210671857829999,0.0018116087230819248,4.399629592895508,3.5597000122070312,115.99993705749512,-17.142044772209513
1772057346.0540638,patch_rect,3.4837,87.476,0.06,0.026035686303227522,0.00205671857829999,0.0017116087230819247,4.399629592895508,3.567699909210205,95.99995613098145,-15.703484240662773
1772057393.2761226,patch_rect,3.4837,87.476,0.06,0.02613568630322752,0.0020067185782999897,0.0016116087230819247,4.399629592895508,3.3057000637054443,119.99988555908203,-33.67677539757956
1772057438.2614882,patch_rect,3.4837,87.476,0.06,0.026097826220923,0.00236597783755925,0.0023597568712300726,4.399629592895508,3.317699909210205,243.99995803833008,-43.25849031078495
1772057488.3474658,patch_rect,2.3691,52.543,0.06,0.03425689786672592,0.0023313125129789114,0.0016260284464806318,4.399985313415527,2.343100070953369,53.999900817871094,-42.83924331947729
1772057536.329395,patch_rect,2.3691,52.543,0.06,0.03359023120005925,0.002197979179645578,0.0012926951131472986,4.399985313415527,2.357100009918213,52.00004577636719,-41.143134610366275
1772057584.2868743,patch_rect,2.3691,52.543,0.06,0.03314578675561481,0.002286868068534467,0.0015149173353695207,4.399985313415527,2.349100112915039,55.9999942779541,-32.57473176342661
1772057632.2547746,patch_rect,2.3691,52.543,0.06,0.032849490459318516,0.0022276088092752075,0.0013667691872213726,4.399985313415527,2.35509991645813,54.000139236450195,-32.2240271599772
1772057680.3029237,patch_rect,2.3691,52.543,0.06,0.03265195959512098,0.0021776088092752073,0.0012667691872213726,4.399985313415527,2.3610999584198,53.999900817871094,-29.966822519515617
1772057728.067353,patch_rect,2.3691,52.543,0.06,0.03425689786672592,0.0023313125129789114,0.0016260284464806318,4.399985313415527,2.343100070953369,53.999900817871094,-42.83915397732742
1772057779.0972512,patch_rect,4.6332,55.552,0.06,0.023553485050797462,0.002316610887646675,0.005,4.396487712860107,4.8531999588012695,227.99968719482422,-17.150518598046155
1772057826.2901454,patch_rect,4.6332,55.552,0.06,0.02422015171746413,0.0021832775543133417,0.004666666666666667,4.396487712860107,4.803199768066406,180.00030517578125,-14.470331219857279
1772057873.7253644,patch_rect,4.6332,55.552,0.06,0.024664596161908574,0.002094388665424453,0.0044444444444444444,4.396487712860107,4.775199890136719,139.9998664855957,-12.774796879878982
1772057921.8789108,patch_rect,4.6332,55.552,0.06,0.024960892458204872,0.0020351294061651936,0.004296296296296296,4.396487712860107,4.757199764251709,111.9999885559082,-11.824014030952913
1772057968.585593,patch_rect,4.6332,55.552,0.06,0.025158423322402403,0.0019851294061651935,0.004196296296296296,4.396487712860107,4.751200199127197,96.00019454956055,-11.376138278517562
1772058017.2621365,patch_rect,4.6332,55.552,0.06,0.025290110565200755,0.0019351294061651936,0.004096296296296296,4.396487712860107,4.741199970245361,72.00002670288086,-10.786346613109924
1772058064.54186,patch_rect,4.6332,55.552,0.06,0.025390110565200755,0.0018851294061651936,0.0039962962962962955,4.396487712860107,4.739200115203857,58.00008773803711,-10.527222965085727
1772058110.1788394,patch_rect,4.6332,55.552,0.06,0.025490110565200754,0.0018351294061651937,0.0038962962962962957,4.396487712860107,4.7291998863220215,27.9998779296875,-10.13101118100911
1772058157.3629434,patch_rect,4.6332,55.552,0.06,0.025590110565200754,0.0018851294061651936,0.0039962962962962955,4.396487712860107,4.721199989318848,52.00004577636719,-10.456777626174787
1772058204.5623357,patch_rect,4.6332,55.552,0.06,0.025690110565200753,0.0019351294061651936,0.004096296296296296,4.396487712860107,4.707200050354004,62.000274658203125,-10.60227211423446
1772058253.050381,patch_rect,4.6332,55.552,0.06,0.023553485050797462,0.002316610887646675,0.005,4.396487712860107,4.8531999588012695,227.99968719482422,-17.150518598046155
1772058303.9184713,patch_rect,3.0171,93.99,0.06,0.027922745794057846,0.0023130360059440136,0.0016374149126932025,4.399982929229736,2.40310001373291,78.00006866455078,-12.927864737334563
1772058348.4715645,patch_rect,3.0171,93.99,0.06,0.02725607912739118,0.002446369339277347,0.001970748246026536,4.399982929229736,2.4291000366210938,111.9999885559082,-14.339229590623903
1772058379.2365208,patch_rect,3.0171,93.99,0.06,0.026811634682946735,0.002357480450388458,0.0017485260238043138,4.399982929229736,2.0171000957489014,1999.999761581421,-29.01475827039908
1772058426.7731814,patch_rect,3.0171,93.99,0.06,0.026515338386650437,0.002298221191129199,0.0016003778756561657,4.399982929229736,2.3910999298095703,213.99998664855957,-26.885736526282663
1772058474.4671543,patch_rect,3.0171,93.99,0.06,0.026317807522452906,0.0022482211911291987,0.0015003778756561656,4.399982929229736,2.3891000747680664,82.0000171661377,-30.89719076115253
1772058521.6066635,patch_rect,3.0171,93.99,0.06,0.026186120279654553,0.002298221191129199,0.0016003778756561657,4.399982929229736,2.3870999813079834,85.99996566772461,-31.656838757960767
1772058569.2294133,patch_rect,3.0171,93.99,0.06,0.026086120279654554,0.002348221191129199,0.0017003778756561657,4.399982929229736,2.3850998878479004,248.0001449584961,-31.98533808062234
1772058616.4544597,patch_rect,3.0171,93.99,0.06,0.025986120279654554,0.002298221191129199,0.0016003778756561657,4.399982929229736,2.3870999813079834,75.99997520446777,-36.960908373607516
1772058663.6554308,patch_rect,3.0171,93.99,0.06,0.025886120279654555,0.002348221191129199,0.0017003778756561657,4.399982929229736,2.3850998878479004,79.99992370605469,-37.58627923329787
1772058707.5710032,patch_rect,3.0171,93.99,0.06,0.025786120279654556,0.002398221191129199,0.0018003778756561658,4.399982929229736,2.3931000232696533,69.99993324279785,-31.71437524395766
1772058755.4272926,patch_rect,3.0171,93.99,0.06,0.025886120279654555,0.002348221191129199,0.0017003778756561657,4.399982929229736,2.3850998878479004,79.99992370605469,-37.5862578506852
1772058810.243335,patch_rect,6.3642,122.192,0.06,0.012271023355424404,0.002192482352256775,0.005,4.397844314575195,6.796199798583984,975.9998321533203,-30.078311052711758
1772058861.8740652,patch_rect,6.3642,122.192,0.06,0.01293769002209107,0.0020591490189234415,0.004666666666666667,4.397844314575195,6.706200122833252,745.999813079834,-20.58845127418686
1772058912.4683232,patch_rect,6.3642,122.192,0.06,0.013382134466535515,0.0019702601300345527,0.0044444444444444444,4.397844314575195,6.644199848175049,629.9996376037598,-18.245873784438807
1772058962.8812718,patch_rect,6.3642,122.192,0.06,0.013678430762831812,0.0019110008707752934,0.004296296296296296,4.397844314575195,6.592199802398682,551.999568939209,-16.88883349116162
1772059013.4269342,patch_rect,6.3642,122.192,0.06,0.013875961627029343,0.0018610008707752935,0.004196296296296296,4.397844314575195,6.566199779510498,512.0000839233398,-16.270141923262866
1772059063.6677964,patch_rect,6.3642,122.192,0.06,0.014007648869827697,0.0018110008707752936,0.004096296296296296,4.397844314575195,6.55019998550415,486.00006103515625,-15.926220400925635
1772059112.2382257,patch_rect,6.3642,122.192,0.06,0.014107648869827696,0.0017610008707752936,0.0039962962962962955,4.397844314575195,6.5381999015808105,466.0000801086426,-15.755593609616977
1772059161.1900334,patch_rect,6.3642,122.192,0.06,0.014207648869827696,0.0017110008707752937,0.0038962962962962957,4.397844314575195,6.532199859619141,446.0000991821289,-15.459559393394837
1772059209.6806808,patch_rect,6.3642,122.192,0.06,0.014307648869827695,0.0016610008707752938,0.003796296296296296,4.397844314575195,6.522200107574463,415.9998893737793,-14.901882242967655
1772059258.3942435,patch_rect,6.3642,122.192,0.06,0.014407648869827695,0.001611000870775294,0.003696296296296296,4.397844314575195,6.470200061798096,389.9998664855957,-14.513601614761795
1772059310.2227075,patch_rect,6.3642,122.192,0.06,0.012271023355424404,0.002192482352256775,0.005,4.397844314575195,6.796199798583984,975.9998321533203,-30.07832767326326
1772059364.9815822,patch_rect,5.1799,98.764,0.06,0.018751803785562515,0.002274979604408145,0.0047396947629749775,4.39815616607666,5.889900207519531,384.000301361084,-13.074040816692406
1772059414.6957695,patch_rect,5.1799,98.764,0.06,0.01941847045222918,0.0021416462710748116,0.0044063614296416444,4.39815616607666,5.853899955749512,389.9998664855957,-15.041293909656373
1772059469.0980089,patch_rect,5.1799,98.764,0.06,0.019862914896673627,0.0020527573821859228,0.004184139207419422,4.39815616607666,5.843900203704834,344.00033950805664,-17.500236203815213
1772059518.4889495,patch_rect,5.1799,98.764,0.06,0.020159211192969925,0.0019934981229266634,0.004035991059271274,4.39815616607666,5.827899932861328,311.9997978210449,-19.67268261793347
1772059578.103292,patch_rect,5.1799,98.764,0.06,0.020356742057167455,0.0019434981229266635,0.0039359910592712734,4.39815616607666,5.827899932861328,299.9997138977051,-21.428399226598486
1772059637.5753543,patch_rect,5.1799,98.764,0.06,0.020488429299965808,0.0018934981229266636,0.0038359910592712736,4.39815616607666,5.82390022277832,286.00025177001953,-23.511056775492097
1772059747.799047,patch_rect,5.1799,98.764,0.06,0.020588429299965808,0.0018434981229266637,0.003735991059271274,4.39815616607666,5.825900077819824,280.0002098083496,-26.546618344796208
1772059799.189749,patch_rect,5.1799,98.764,0.06,0.020688429299965807,0.0017934981229266638,0.003635991059271274,4.39815616607666,5.827899932861328,276.0000228881836,-30.807000006620715
1772059858.4416265,patch_rect,5.1799,98.764,0.06,0.020788429299965806,0.0017434981229266639,0.003535991059271274,4.39815616607666,5.81790018081665,260.00022888183594,-31.85902292989091
1772059907.6952322,patch_rect,5.1799,98.764,0.06,0.020888429299965806,0.001693498122926664,0.0034359910592712743,4.39815616607666,5.819900035858154,258.00037384033203,-37.766415298849864
1772059956.293136,patch_rect,5.1799,98.764,0.06,0.020888429299965806,0.001693498122926664,0.0034359910592712743,4.39815616607666,5.819900035858154,258.00037384033203,-37.766415298849864
1772060005.500622,patch_rect,4.1845,90.054,0.06,0.024619290605187416,0.002319394377991557,0.003605675883591175,4.398836612701416,3.490499973297119,403.99980545043945,-26.869275573277868
1772060036.3860016,patch_rect,4.1845,90.054,0.06,0.02395262393852075,0.0021860610446582237,0.0032723425502578416,4.398836612701416,3.184499979019165,2000.000238418579,-25.62226366518313
1772060080.587261,patch_rect,4.1845,90.054,0.06,0.023508179494076305,0.002097172155769335,0.0030501203280356194,4.398836612701416,3.7125000953674316,203.99999618530273,-32.080057968702164
1772060134.5865595,patch_rect,4.1845,90.054,0.06,0.023211883197780007,0.0020379128965100756,0.0029019721798874713,4.398836612701416,3.7764999866485596,190.00005722045898,-29.360000389281215
1772060239.144709,patch_rect,4.1845,90.054,0.06,0.023014352333582476,0.0019879128965100755,0.0028019721798874715,4.398836612701416,3.820499897003174,185.99987030029297,-26.773788542509898
1772060343.6407158,patch_rect,4.1845,90.054,0.06,0.022882665090784123,0.0019379128965100756,0.0027019721798874716,4.398836612701416,3.8364999294281006,177.99997329711914,-25.720742634440484
1772060447.2742486,patch_rect,4.1845,90.054,0.06,0.022782665090784124,0.0018879128965100756,0.002601972179887472,4.398836612701416,3.868499994277954,166.0001277923584,-22.920106698432203
1772060537.6216307,patch_rect,4.1845,90.054,0.06,0.022682665090784124,0.0018379128965100757,0.002501972179887472,4.398836612701416,3.184499979019165,2000.000238418579,-27.050172741434046
1772060641.2129316,patch_rect,4.1845,90.054,0.06,0.022582665090784125,0.0017879128965100758,0.002401972179887472,4.398836612701416,3.934499979019165,154.00004386901855,-22.26682097297204
1772060745.7639797,patch_rect,4.1845,90.054,0.06,0.022482665090784126,0.001737912896510076,0.0023019721798874723,4.398836612701416,3.9665000438690186,150.00009536743164,-22.381885086774403
1772060850.2149212,patch_rect,4.1845,90.054,0.06,0.023508179494076305,0.002097172155769335,0.0030501203280356194,4.398836612701416,3.7125000953674316,203.99999618530273,-32.08008187680419
1772060905.391344,patch_rect,6.8262,64.608,0.06,0.01161658950150013,0.0021832322236150503,0.005,4.387793064117432,7.178199768066406,1279.9997329711914,-28.97520807591441
1772060957.325206,patch_rect,6.8262,64.608,0.06,0.012283256168166796,0.002049898890281717,0.004666666666666667,4.387793064117432,7.060200214385986,1015.9997940063477,-30.171778519580297
1772060989.8319552,patch_rect,6.8262,64.608,0.06,0.012727700612611241,0.001961010001392828,0.0044444444444444444,4.387793064117432,5.826200008392334,2000.0,-16.34624875515857
1772061041.3021848,patch_rect,6.8262,64.608,0.06,0.012431404316314945,0.0019017507421335688,0.004296296296296296,4.387793064117432,7.110199928283691,1018.0001258850098,-29.04647040421784
1772061092.1545079,patch_rect,6.8262,64.608,0.06,0.012628935180512476,0.0018517507421335689,0.004196296296296296,4.387793064117432,7.070199966430664,959.9995613098145,-27.416975264784774
1772061142.4871244,patch_rect,6.8262,64.608,0.06,0.01276062242331083,0.001801750742133569,0.004096296296296296,4.387793064117432,7.040200233459473,914.0000343322754,-26.361000764849834
1772061192.8165858,patch_rect,6.8262,64.608,0.06,0.01286062242331083,0.001751750742133569,0.0039962962962962955,4.387793064117432,7.020199775695801,889.9998664855957,-26.347420698634284
1772061243.3590553,patch_rect,6.8262,64.608,0.06,0.012960622423310829,0.0017017507421335691,0.0038962962962962957,4.387793064117432,7.012199878692627,866.0001754760742,-26.013219952496765
1772061293.1525874,patch_rect,6.8262,64.608,0.06,0.013060622423310828,0.0016517507421335692,0.003796296296296296,4.387793064117432,6.998199939727783,839.9996757507324,-25.468567632371958
1772061341.865644,patch_rect,6.8262,64.608,0.06,0.013160622423310828,0.0016017507421335693,0.003696296296296296,4.387793064117432,6.956200122833252,846.0001945495605,-26.624341342017953
1772061394.0672479,patch_rect,6.8262,64.608,0.06,0.012283256168166796,0.002049898890281717,0.004666666666666667,4.387793064117432,7.060200214385986,1015.9997940063477,-30.171778519580297
1772061444.6437552,patch_rect,2.176,110.526,0.06,0.032799381762742996,0.002295855898410082,0.0016041225753724575,4.399981498718262,2.9040000438690186,66.00022315979004,-11.426786081197985
1772061488.6219716,patch_rect,2.176,110.526,0.06,0.033466048429409666,0.0024291892317434153,0.0019374559087057908,4.399981498718262,2.828000068664551,62.00003623962402,-15.609755111973092
1772061532.7248297,patch_rect,2.176,110.526,0.06,0.03391049287385411,0.002518078120632304,0.002159678130928013,4.399981498718262,2.7739999294281006,63.99989128112793,-15.119122246069406
1772061576.1458082,patch_rect,2.176,110.526,0.06,0.0342067891701504,0.0025773373798915634,0.0023078262790761613,4.399981498718262,2.740000009536743,65.99998474121094,-14.923615876805318
1772061620.6958745,patch_rect,2.176,110.526,0.06,0.034404320034347936,0.0026273373798915635,0.002407826279076161,4.399981498718262,2.7179999351501465,68.00007820129395,-14.838198138200838
1772061664.9755116,patch_rect,2.176,110.526,0.06,0.03453600727714629,0.0026773373798915636,0.002507826279076161,4.399981498718262,2.700000047683716,68.00007820129395,-14.842695543641405
1772061709.0272782,patch_rect,2.176,110.526,0.06,0.034636007277146295,0.0027273373798915638,0.0026078262790761608,4.399981498718262,2.686000108718872,71.99978828430176,-14.848656756969243
1772061752.9636316,patch_rect,2.176,110.526,0.06,0.0347360072771463,0.002777337379891564,0.0027078262790761606,4.399981498718262,2.671999931335449,72.00002670288086,-14.853893173024101
1772061797.0997136,patch_rect,2.176,110.526,0.06,0.0348360072771463,0.002827337379891564,0.0028078262790761604,4.399981498718262,2.6579999923706055,74.00012016296387,-14.826508580256924
1772061841.7301412,patch_rect,2.176,110.526,0.06,0.034936007277146304,0.002877337379891564,0.0029078262790761603,4.399981498718262,2.6540000438690186,77.99983024597168,-15.099228572864256
1772061885.7385094,patch_rect,2.176,110.526,0.06,0.033466048429409666,0.0024291892317434153,0.0019374559087057908,4.399981498718262,2.828000068664551,62.00003623962402,-15.609737927448556
1772061936.4648826,patch_rect,2.9139,115.346,0.06,0.026872819289565086,0.002300244988873601,0.001629816135391593,4.399982452392578,3.3199000358581543,262.00008392333984,-38.31614438432106
1772061983.75583,patch_rect,2.9139,115.346,0.06,0.027539485956231752,0.0021669116555402676,0.0012964828020582597,4.399982452392578,3.343899965286255,202.00014114379883,-28.7591797567802
1772062031.2752893,patch_rect,2.9139,115.346,0.06,0.027983930400676198,0.0020780227666513788,0.0010742605798360375,4.399982452392578,3.347899913787842,167.9999828338623,-25.8733358491778
1772062079.380711,patch_rect,2.9139,115.346,0.06,0.028280226696972496,0.0020187635073921194,0.0009261124316878894,4.399982452392578,3.3659000396728516,135.9999179840088,-22.99877525998216
1772062127.539014,patch_rect,2.9139,115.346,0.06,0.028477757561170026,0.0019687635073921193,0.0008261124316878894,4.399982452392578,3.3719000816345215,121.99997901916504,-20.817649298485573
1772062175.7306995,patch_rect,2.9139,115.346,0.06,0.02860944480396838,0.0019187635073921194,0.0007261124316878893,4.399982452392578,3.3778998851776123,110.0001335144043,-19.961977387160665
1772062223.7782395,patch_rect,2.9139,115.346,0.06,0.02870944480396838,0.0019687635073921193,0.0008261124316878894,4.399982452392578,3.3659000396728516,87.99982070922852,-14.446679838374042
1772062271.6559608,patch_rect,2.9139,115.346,0.06,0.028809444803968378,0.0020187635073921194,0.0009261124316878894,4.399982452392578,3.351900100708008,66.00022315979004,-11.872204385555708
1772062319.3628428,patch_rect,2.9139,115.346,0.06,0.028909444803968377,0.0020687635073921196,0.0010261124316878895,4.399982452392578,3.339900016784668,36.00001335144043,-10.537278404591298
1772062363.0784628,patch_rect,2.9139,115.346,0.06,0.029009444803968377,0.0021187635073921197,0.0011261124316878895,4.399982452392578,3.333899974822998,24.000167846679688,-10.225333742317673
1772062410.942346,patch_rect,2.9139,115.346,0.06,0.026872819289565086,0.002300244988873601,0.001629816135391593,4.399982452392578,3.3199000358581543,262.00008392333984,-38.316123555452855
1772062462.0139132,patch_rect,4.7704,54.177,0.06,0.022724321112036705,0.0023115272633731365,0.005,4.396414279937744,5.068399906158447,268.00012588500977,-19.11580778536092
1772062510.15331,patch_rect,4.7704,54.177,0.06,0.02339098777870337,0.002178193930039803,0.004666666666666667,4.396414279937744,5.012400150299072,219.9997901916504,-16.304274268002423
1772062558.4257524,patch_rect,4.7704,54.177,0.06,0.023835432223147816,0.0020893050411509143,0.0044444444444444444,4.396414279937744,4.980400085449219,184.00001525878906,-14.494996403257849
1772062606.5792096,patch_rect,4.7704,54.177,0.06,0.024131728519444114,0.002030045781891655,0.004296296296296296,4.396414279937744,4.958399772644043,156.00013732910156,-13.30169012250175
1772062654.7460365,patch_rect,4.7704,54.177,0.06,0.024329259383641645,0.001980045781891655,0.004196296296296296,4.396414279937744,4.952400207519531,140.0003433227539,-12.733147890862186
1772062702.978959,patch_rect,4.7704,54.177,0.06,0.024460946626439998,0.001930045781891655,0.004096296296296296,4.396414279937744,4.942399978637695,121.99974060058594,-12.0393022035465
1772062751.2261984,patch_rect,4.7704,54.177,0.06,0.024560946626439997,0.001880045781891655,0.0039962962962962955,4.396414279937744,4.938399791717529,110.0001335144043,-11.708482417255826
1772062799.5303264,patch_rect,4.7704,54.177,0.06,0.024660946626439997,0.0018300457818916551,0.0038962962962962957,4.396414279937744,4.940400123596191,93.99986267089844,-11.312949041193736
1772062847.1529946,patch_rect,4.7704,54.177,0.06,0.024760946626439996,0.0017800457818916552,0.003796296296296296,4.396414279937744,4.936399936676025,78.00006866455078,-10.953113599139936
1772062894.4075062,patch_rect,4.7704,54.177,0.06,0.024860946626439995,0.0017300457818916553,0.003696296296296296,4.396414279937744,4.918399810791016,75.99973678588867,-10.96937865515482
1772062942.9262643,patch_rect,4.7704,54.177,0.06,0.022724321112036705,0.0023115272633731365,0.005,4.396414279937744,5.068399906158447,268.00012588500977,-19.115809264960212
1772062995.7255862,patch_rect,5.1071,73.46,0.06,0.020364759489893913,0.002288042800500989,0.005,4.397761344909668,5.217100143432617,313.9996528625488,-22.192035453001736
1772063044.121352,patch_rect,5.1071,73.46,0.06,0.02103142615656058,0.0021547094671676556,0.004666666666666667,4.397761344909668,5.151100158691406,263.99993896484375,-18.665698339119626
1772063092.7464607,patch_rect,5.1071,73.46,0.06,0.021475870601005025,0.0020658205782787668,0.0044444444444444444,4.397761344909668,5.107100009918213,222.0001220703125,-16.069303220641626
1772063142.6633122,patch_rect,5.1071,73.46,0.06,0.021475870601005025,0.0020065613190195074,0.004296296296296296,4.397761344909668,5.121099948883057,203.99999618530273,-15.131795820406836
1772063175.083464,patch_rect,5.1071,73.46,0.06,0.021772166897301323,0.0019565613190195073,0.004196296296296296,4.397761344909668,4.107100009918213,2000.0,-19.498744962163602
1772063223.357255,patch_rect,5.1071,73.46,0.06,0.021574636033103792,0.0019065613190195074,0.004096296296296296,4.397761344909668,5.1290998458862305,173.99978637695312,-13.775347787867467
1772063271.5581417,patch_rect,5.1071,73.46,0.06,0.021706323275902144,0.0018565613190195075,0.0039962962962962955,4.397761344909668,5.119100093841553,157.99999237060547,-13.185133998244341
1772063330.8136134,patch_rect,5.1071,73.46,0.06,0.021806323275902144,0.0018065613190195076,0.0038962962962962957,4.397761344909668,5.121099948883057,144.00005340576172,-12.65720237331832
1772063439.063722,patch_rect,5.1071,73.46,0.06,0.021906323275902143,0.0017565613190195077,0.003796296296296296,4.397761344909668,5.117099761962891,128.00025939941406,-12.09798826430016
1772063546.6933346,patch_rect,5.1071,73.46,0.06,0.022006323275902143,0.0017065613190195077,0.003696296296296296,4.397761344909668,5.089099884033203,111.9999885559082,-11.749213113214639
1772063657.5706944,patch_rect,5.1071,73.46,0.06,0.020364759489893913,0.002288042800500989,0.005,4.397761344909668,5.217100143432617,313.9996528625488,-22.192035453001736
1772063772.8415463,patch_rect,6.3964,68.591,0.06,0.01289874967187643,0.0022034826688468456,0.005,4.396847248077393,6.644400119781494,756.0000419616699,-21.45299453322259
1772063884.9840977,patch_rect,6.3964,68.591,0.06,0.013565416338543097,0.0020701493355135122,0.004666666666666667,4.396847248077393,6.568399906158447,561.9997978210449,-16.80073022757024
1772063995.8894176,patch_rect,6.3964,68.591,0.06,0.014009860782987542,0.0019812604466246234,0.0044444444444444444,4.396847248077393,6.52239990234375,472.0001220703125,-15.316796141159728
1772064106.7164266,patch_rect,6.3964,68.591,0.06,0.014306157079283838,0.0019220011873653641,0.004296296296296296,4.396847248077393,6.4903998374938965,420.0000762939453,-14.503993158573255
1772064217.3727663,patch_rect,6.3964,68.591,0.06,0.014503687943481369,0.0018720011873653642,0.004196296296296296,4.396847248077393,6.464399814605713,383.9998245239258,-13.896438820126026
1772064327.7831173,patch_rect,6.3964,68.591,0.06,0.014635375186279723,0.0018220011873653643,0.004096296296296296,4.396847248077393,6.448400020599365,374.00007247924805,-13.689602866464794
1772064436.791252,patch_rect,6.3964,68.591,0.06,0.014735375186279723,0.0017720011873653644,0.0039962962962962955,4.396847248077393,6.4344000816345215,364.0003204345703,-13.561265574195245
1772064545.8926353,patch_rect,6.3964,68.591,0.06,0.014835375186279722,0.0017220011873653645,0.0038962962962962957,4.396847248077393,6.428400039672852,356.0004234313965,-13.390575219710437
1772064655.019898,patch_rect,6.3964,68.591,0.06,0.014935375186279722,0.0016720011873653645,0.003796296296296296,4.396847248077393,6.416399955749512,337.9998207092285,-13.048273168115719
1772064763.4503043,patch_rect,6.3964,68.591,0.06,0.015035375186279721,0.0016220011873653646,0.003696296296296296,4.396847248077393,6.3684000968933105,303.9999008178711,-12.598691298352435
1772064876.1761189,patch_rect,6.3964,68.591,0.06,0.01289874967187643,0.0022034826688468456,0.005,4.396847248077393,6.644400119781494,756.0000419616699,-21.452999045908214
1772064985.5456126,patch_rect,3.599,57.694,0.06,0.02894226834177971,0.002334137447178364,0.0035298631992191076,4.398620128631592,4.36299991607666,128.00025939941406,-11.631914031350053
1772065091.5615976,patch_rect,3.599,57.694,0.06,0.029608935008446375,0.0022008041138450304,0.003196529865885774,4.398620128631592,4.313000202178955,96.00019454956055,-11.802853560218711
1772065198.8280919,patch_rect,3.599,57.694,0.06,0.03005337945289082,0.0021119152249561416,0.002974307643663552,4.398620128631592,4.289000034332275,92.00000762939453,-11.94886334922792
1772065304.9364996,patch_rect,3.599,57.694,0.06,0.030349675749187118,0.0020526559656968823,0.002826159495515404,4.398620128631592,4.2729997634887695,87.99982070922852,-11.982528035184714
1772065410.6025052,patch_rect,3.599,57.694,0.06,0.03054720661338465,0.002002655965696882,0.002726159495515404,4.398620128631592,4.263000011444092,81.9997787475586,-11.977564688432238
1772065497.0148203,patch_rect,3.599,57.694,0.06,0.030678893856183,0.0019526559656968822,0.002626159495515404,4.398620128631592,3.306999921798706,57.99984931945801,-12.032214806148716
1772065541.8039474,patch_rect,3.599,57.694,0.06,0.030578893856183002,0.0019026559656968823,0.0025261594955154044,4.398620128631592,3.302999973297119,59.999942779541016,-12.114315396345601
1772065586.4657657,patch_rect,3.599,57.694,0.06,0.030478893856183003,0.0018526559656968824,0.0024261594955154045,4.398620128631592,3.311000108718872,63.99989128112793,-13.094309564814047
1772065642.6000545,patch_rect,3.599,57.694,0.06,0.030378893856183004,0.0018026559656968825,0.0023261594955154047,4.398620128631592,3.321000099182129,63.99989128112793,-13.306338571602037
1772065747.1913092,patch_rect,3.599,57.694,0.06,0.030278893856183004,0.0017526559656968826,0.002226159495515405,4.398620128631592,3.3310000896453857,65.99998474121094,-13.42025633396402
1772065852.2663682,patch_rect,3.599,57.694,0.06,0.030278893856183004,0.0017526559656968826,0.002226159495515405,4.398620128631592,3.3310000896453857,65.99998474121094,-13.420259583700902
1772066822.8708284,patch_rect,2.4,50.0,0.06,0.034201715141534805,0.0023333686403930187,0.001627869438380003,4.3999857902526855,2.3440001010894775,53.999900817871094,-42.41061689886153
1772066868.437111,patch_rect,2.4,50.0,0.06,0.033535048474868136,0.0022000353070596853,0.0012945361050466697,4.3999857902526855,2.3580000400543213,52.00004577636719,-43.998916759101945
1772066914.1027765,patch_rect,2.4,50.0,0.06,0.033090604030423694,0.0021111464181707965,0.0010723138828244475,4.3999857902526855,2.3580000400543213,49.99995231628418,-41.43724010844154
1772066959.874601,patch_rect,2.4,50.0,0.06,0.0327943077341274,0.0021111464181707965,0.0010723138828244475,4.3999857902526855,2.3580000400543213,49.99995231628418,-37.092665562854336
1772067005.1622686,patch_rect,2.4,50.0,0.06,0.032596776869929865,0.0021111464181707965,0.0010723138828244475,4.3999857902526855,2.3580000400543213,49.99995231628418,-34.13232719181132
1772067051.3794656,patch_rect,2.4,50.0,0.06,0.03246508962713151,0.0021111464181707965,0.0010723138828244475,4.3999857902526855,2.359999895095825,49.99995231628418,-32.51238824213723
1772067096.7070527,patch_rect,2.4,50.0,0.06,0.032365089627131506,0.0021111464181707965,0.0010723138828244475,4.3999857902526855,2.359999895095825,52.00004577636719,-31.608480374729083
1772067142.952054,patch_rect,2.4,50.0,0.06,0.0322650896271315,0.002051887158911537,0.0009241657346762994,4.3999857902526855,2.365999937057495,49.99995231628418,-35.53632577513243
1772067190.0658555,patch_rect,2.4,50.0,0.06,0.0321650896271315,0.002051887158911537,0.0009241657346762994,4.3999857902526855,2.365999937057495,49.99995231628418,-33.730455151619715
1772067236.7227738,patch_rect,2.4,50.0,0.06,0.0320650896271315,0.002051887158911537,0.0009241657346762994,4.3999857902526855,2.368000030517578,49.99995231628418,-32.31632872769345
1772067282.7858055,patch_rect,2.4,50.0,0.06,0.033535048474868136,0.0022000353070596853,0.0012945361050466697,4.3999857902526855,2.3580000400543213,52.00004577636719,-43.998955609938896
1772068272.1934195,patch_rect,2.4,50.0,0.06,0.034201715141534805,0.0023333686403930187,0.001627869438380003,4.3999857902526855,2.3440001010894775,53.999900817871094,-42.410482425523895
1772068836.5114172,patch_rect,2.4,50.0,0.06,0.034201715141534805,0.0023333686403930187,0.001627869438380003,4.3999857902526855,2.3440001010894775,53.999900817871094,-42.410255414360705
1772069143.5403662,patch_rect,2.4,50.0,0.06,0.026684557125887354,0.0005,0.005,4.389253099823384,3.390000104904175,62.00003623962402,-21.2363065940874
1772124838.5160384,patch_rect,2.8797,111.53,0.06,0.027267122641205788,0.002301954198628664,0.0016297668917104602,4.399982452392578,2.4277000427246094,141.9999599456787,-28.543176520874518
1772124884.4004874,patch_rect,2.8797,111.53,0.06,0.02660045597453912,0.0021686208652953306,0.001296433558377127,4.399982452392578,2.393699884414673,72.00002670288086,-29.373646243160042
1772124930.363217,patch_rect,2.8797,111.53,0.06,0.026156011530094676,0.0022575097541842194,0.001518655780599349,4.399982452392578,2.387700080871582,73.99988174438477,-37.22915656913366
1772124976.0351112,patch_rect,2.8797,111.53,0.06,0.02585971523379838,0.0023167690134434787,0.0016668039287474972,4.399982452392578,2.383699893951416,75.99997520446777,-41.16516147410539
1772125018.4439478,patch_rect,2.8797,111.53,0.06,0.025662184369600848,0.002366769013443479,0.0017668039287474973,4.399982452392578,2.383699893951416,67.99983978271484,-38.40133487861146
1772125048.3331165,patch_rect,2.8797,111.53,0.06,0.025530497126802495,0.002416769013443479,0.0018668039287474973,4.399982452392578,1.879699945449829,2000.0,-26.912077224455672
1772125090.726064,patch_rect,2.8797,111.53,0.06,0.025430497126802495,0.002366769013443479,0.0017668039287474973,4.399982452392578,2.383699893951416,65.99998474121094,-40.386113384846574
1772125132.9878893,patch_rect,2.8797,111.53,0.06,0.025330497126802496,0.002416769013443479,0.0018668039287474973,4.399982452392578,2.391700029373169,68.00007820129395,-40.283301624566334
1772125176.4550748,patch_rect,2.8797,111.53,0.06,0.025230497126802497,0.002466769013443479,0.0019668039287474974,4.399982452392578,2.391700029373169,68.00007820129395,-36.334760233312096
1772125218.6251428,patch_rect,2.8797,111.53,0.06,0.025130497126802497,0.0025167690134434793,0.002066803928747497,4.399982452392578,2.389699935913086,69.99993324279785,-37.175108787092455
1772125264.4580147,patch_rect,2.8797,111.53,0.06,0.02585971523379838,0.0023167690134434787,0.0016668039287474972,4.399982452392578,2.383699893951416,75.99997520446777,-41.16500266085038
1772125313.6139374,patch_rect,2.1571,60.525,0.06,0.035489242523908615,0.0023253210820257664,0.0016145945992320776,4.399984836578369,2.341099977493286,52.00004577636719,-28.47520279567574
1772125356.318622,patch_rect,2.1571,60.525,0.06,0.036155909190575285,0.0024586544153590998,0.0019479279325654109,4.399984836578369,2.343100070953369,54.000139236450195,-29.031659112239115
1772125399.1305728,patch_rect,2.1571,60.525,0.06,0.036600353635019726,0.0025475433042479886,0.0021701501547876333,4.399984836578369,2.335099935531616,54.000139236450195,-27.373968200516682
1772125441.589374,patch_rect,2.1571,60.525,0.06,0.03689664993131602,0.002606802563507248,0.0023182983029357814,4.399984836578369,2.3290998935699463,53.999900817871094,-26.63838781984925
1772125484.660106,patch_rect,2.1571,60.525,0.06,0.037094180795513555,0.002656802563507248,0.002418298302935781,4.399984836578369,2.3250999450683594,55.9999942779541,-26.81832619080579
1772125527.3821619,patch_rect,2.1571,60.525,0.06,0.03722586803831191,0.002706802563507248,0.002518298302935781,4.399984836578369,2.3210999965667725,55.9999942779541,-26.925521678450167
1772125570.1969163,patch_rect,2.1571,60.525,0.06,0.037325868038311914,0.0027568025635072483,0.002618298302935781,4.399984836578369,2.3210999965667725,58.00008773803711,-25.81275075652494
1772125612.2007737,patch_rect,2.1571,60.525,0.06,0.03742586803831192,0.0028068025635072484,0.0027182983029357807,4.399984836578369,2.3150999546051025,57.99984931945801,-25.88711403770273
1772125641.5879302,patch_rect,2.1571,60.525,0.06,0.03752586803831192,0.0028568025635072485,0.0028182983029357805,4.399984836578369,1.157099962234497,2000.0,-27.070557292315854
1772125683.5763533,patch_rect,2.1571,60.525,0.06,0.03742586803831192,0.0028068025635072484,0.0027182983029357807,4.399984836578369,2.3150999546051025,57.99984931945801,-25.887112628830454
1772125726.5791464,patch_rect,2.1571,60.525,0.06,0.036155909190575285,0.0024586544153590998,0.0019479279325654109,4.399984836578369,2.343100070953369,54.000139236450195,-29.031659112239115
1772125775.544314,patch_rect,2.8171,118.087,0.06,0.02722141332924366,0.002295773709192872,0.0016265579033643007,4.399982929229736,3.2451000213623047,207.99994468688965,-27.486082579961156
1772125820.8613725,patch_rect,2.8171,118.087,0.06,0.027888079995910326,0.0021624403758595387,0.0012932245700309675,4.399982929229736,3.2671000957489014,148.00000190734863,-19.99835311700727
1772125866.7168164,patch_rect,2.8171,118.087,0.06,0.02833252444035477,0.00207355148697065,0.0010710023478087453,4.399982929229736,3.2611000537872314,111.9999885559082,-16.4196617611135
1772125912.567929,patch_rect,2.8171,118.087,0.06,0.02862882073665107,0.002132810746229909,0.0012191504959568934,4.399982929229736,3.2530999183654785,57.99984931945801,-11.12669487806906
1772125988.5766127,patch_rect,2.8171,118.087,0.06,0.028958038843646953,0.0022328107462299095,0.0014191504959568935,4.399982929229736,3.217099905014038,9.999990463256836,-10.04366434084735
1772126034.3339643,patch_rect,2.8171,118.087,0.06,0.029058038843646952,0.0022828107462299096,0.0015191504959568935,4.399982929229736,3.2051000595092773,26.000022888183594,-10.229511810538305
1772126080.5630066,patch_rect,2.8171,118.087,0.06,0.02915803884364695,0.0023328107462299097,0.0016191504959568936,4.399982929229736,3.1951000690460205,46.000003814697266,-10.59915126381518
1772126949.3214464,patch_rect,2.4,50.0,0.06,0.034201715141534805,0.0023333686403930187,0.001627869438380003,4.3999857902526855,2.3440001010894775,53.999900817871094,-42.410255414360705
1772126995.1503305,patch_rect,2.4,50.0,0.06,0.033535048474868136,0.0022000353070596853,0.0012945361050466697,4.3999857902526855,2.3580000400543213,52.00004577636719,-43.99894663655313
1772127042.646827,patch_rect,2.4,50.0,0.06,0.033090604030423694,0.0021111464181707965,0.0010723138828244475,4.3999857902526855,2.3580000400543213,49.99995231628418,-41.43725907739642
1772127089.7155876,patch_rect,2.4,50.0,0.06,0.0327943077341274,0.0021111464181707965,0.0010723138828244475,4.3999857902526855,2.3580000400543213,49.99995231628418,-37.092623057288336
1772127135.5862386,patch_rect,2.4,50.0,0.06,0.032596776869929865,0.0021111464181707965,0.0010723138828244475,4.3999857902526855,2.3580000400543213,49.99995231628418,-34.132300724534204
1772127181.6846855,patch_rect,2.4,50.0,0.06,0.03246508962713151,0.0021111464181707965,0.0010723138828244475,4.3999857902526855,2.359999895095825,49.99995231628418,-32.51228543345131
1772127227.462971,patch_rect,2.4,50.0,0.06,0.032365089627131506,0.0021111464181707965,0.0010723138828244475,4.3999857902526855,2.359999895095825,52.00004577636719,-31.60842824914759
1772127274.10894,patch_rect,2.4,50.0,0.06,0.0322650896271315,0.002051887158911537,0.0009241657346762994,4.3999857902526855,2.365999937057495,49.99995231628418,-35.536345560666135
1772127320.4406493,patch_rect,2.4,50.0,0.06,0.0321650896271315,0.002051887158911537,0.0009241657346762994,4.3999857902526855,2.365999937057495,49.99995231628418,-33.730455151619715
1772127368.151284,patch_rect,2.4,50.0,0.06,0.0320650896271315,0.002051887158911537,0.0009241657346762994,4.3999857902526855,2.368000030517578,49.99995231628418,-32.31642459267177
1772127409.5205617,patch_rect,2.4,50.0,0.06,0.033535048474868136,0.0022000353070596853,0.0012945361050466697,4.3999857902526855,2.3580000400543213,52.00004577636719,-43.998955609938896
1772127567.372603,patch_rect,2.4,50.0,0.06,0.034201715141534805,0.0023333686403930187,0.001627869438380003,4.3999857902526855,2.3440001010894775,53.999900817871094,-42.410255414360705
1772127612.9218152,patch_rect,2.4,50.0,0.06,0.033535048474868136,0.0022000353070596853,0.0012945361050466697,4.3999857902526855,2.3580000400543213,52.00004577636719,-43.99875916928363
1772127658.8339407,patch_rect,2.4,50.0,0.06,0.033090604030423694,0.0021111464181707965,0.0010723138828244475,4.3999857902526855,2.3580000400543213,49.99995231628418,-41.43724010844154
1772127736.0749125,patch_rect,2.4,50.0,0.06,0.032991838598324934,0.002170405677430056,0.0012204620309725956,4.3999857902526855,2.361999988555908,52.00004577636719,-34.469097368287414
1772127831.0452359,patch_rect,3.8526,65.586,0.06,0.028097491711378098,0.002333554206416011,0.003926173318177462,4.398184776306152,4.49459981918335,202.00014114379883,-11.498273134209633
1772127875.4231248,patch_rect,3.8526,65.586,0.06,0.028764158378044764,0.0022002208730826775,0.003592839984844128,4.398184776306152,4.386600017547607,223.9999771118164,-11.062026906847255
1772127918.4805303,patch_rect,3.8526,65.586,0.06,0.02920860282248921,0.0021113319841937887,0.003370617762621906,4.398184776306152,4.348599910736084,99.99990463256836,-11.333911270218525
1772127962.8318746,patch_rect,3.8526,65.586,0.06,0.029504899118785507,0.0020520727249345293,0.003222469614473758,4.398184776306152,3.3366000652313232,55.9999942779541,-11.428354679375321
1772128006.628276,patch_rect,3.8526,65.586,0.06,0.029307368254587976,0.0021020727249345295,0.0033224696144737577,4.398184776306152,4.342599868774414,96.00019454956055,-11.415782926397636
1772128049.9539857,patch_rect,3.8526,65.586,0.06,0.02943905549738633,0.0020520727249345293,0.003222469614473758,4.398184776306152,3.34060001373291,55.9999942779541,-11.408280252558425
1772128093.8896313,patch_rect,3.8526,65.586,0.06,0.02933905549738633,0.0021020727249345295,0.0033224696144737577,4.398184776306152,4.338600158691406,98.00004959106445,-11.430858065410538
1772128136.765894,patch_rect,3.8526,65.586,0.06,0.02943905549738633,0.0020520727249345293,0.003222469614473758,4.398184776306152,3.34060001373291,55.9999942779541,-11.408284978669474
1772128180.0159855,patch_rect,3.8526,65.586,0.06,0.02933905549738633,0.0021020727249345295,0.0033224696144737577,4.398184776306152,4.338600158691406,98.00004959106445,-11.430858065410538
1772128222.3909,patch_rect,3.8526,65.586,0.06,0.02943905549738633,0.0020520727249345293,0.003222469614473758,4.398184776306152,3.34060001373291,55.9999942779541,-11.408279267513674
1772128265.6488247,patch_rect,3.8526,65.586,0.06,0.02933905549738633,0.0021020727249345295,0.0033224696144737577,4.398184776306152,4.338600158691406,98.00004959106445,-11.430858065410538
1772128308.5987918,patch_rect,3.8526,65.586,0.06,0.02943905549738633,0.0020520727249345293,0.003222469614473758,4.398184776306152,3.34060001373291,55.9999942779541,-11.408279267513674
1772128357.0251858,patch_rect,3.8526,65.586,0.06,0.02933905549738633,0.0021020727249345295,0.0033224696144737577,4.398184776306152,4.338600158691406,98.00004959106445,-11.430858065410538
1772128400.0599837,patch_rect,3.8526,65.586,0.06,0.02943905549738633,0.0020520727249345293,0.003222469614473758,4.398184776306152,3.34060001373291,55.9999942779541,-11.408280360280866
1772128443.9100175,patch_rect,3.8526,65.586,0.06,0.02933905549738633,0.0021020727249345295,0.0033224696144737577,4.398184776306152,4.338600158691406,98.00004959106445,-11.430858065410538
1772128486.5936918,patch_rect,3.8526,65.586,0.06,0.02943905549738633,0.0020520727249345293,0.003222469614473758,4.398184776306152,3.34060001373291,55.9999942779541,-11.408279267513674
1772128530.4421074,patch_rect,3.8526,65.586,0.06,0.02933905549738633,0.0021020727249345295,0.0033224696144737577,4.398184776306152,4.338600158691406,98.00004959106445,-11.430863812184267
1772128573.0793436,patch_rect,3.8526,65.586,0.06,0.02943905549738633,0.0020520727249345293,0.003222469614473758,4.398184776306152,3.34060001373291,55.9999942779541,-11.408279267513674
1772128617.5340183,patch_rect,3.8526,65.586,0.06,0.02933905549738633,0.0021020727249345295,0.0033224696144737577,4.398184776306152,4.338600158691406,98.00004959106445,-11.430863812184267
1772128661.0069752,patch_rect,3.8526,65.586,0.06,0.02943905549738633,0.0020520727249345293,0.003222469614473758,4.398184776306152,3.34060001373291,55.9999942779541,-11.408284978669474
1772128703.976762,patch_rect,3.8526,65.586,0.06,0.02933905549738633,0.0021020727249345295,0.0033224696144737577,4.398184776306152,4.338600158691406,98.00004959106445,-11.430860587370795
1772128748.3435252,patch_rect,3.8526,65.586,0.06,0.02943905549738633,0.0020520727249345293,0.003222469614473758,4.398184776306152,3.34060001373291,55.9999942779541,-11.408279267513674
1772128791.7783542,patch_rect,3.8526,65.586,0.06,0.02933905549738633,0.0021020727249345295,0.0033224696144737577,4.398184776306152,4.338600158691406,98.00004959106445,-11.430863812184267
1772128835.7195895,patch_rect,3.8526,65.586,0.06,0.02943905549738633,0.0020520727249345293,0.003222469614473758,4.398184776306152,3.34060001373291,55.9999942779541,-11.408284978669474
1772128879.4377978,patch_rect,3.8526,65.586,0.06,0.02933905549738633,0.0021020727249345295,0.0033224696144737577,4.398184776306152,4.338600158691406,98.00004959106445,-11.430863812184267
1772128922.5393338,patch_rect,3.8526,65.586,0.06,0.02943905549738633,0.0020520727249345293,0.003222469614473758,4.398184776306152,3.34060001373291,55.9999942779541,-11.408280360280866
1772128966.064779,patch_rect,3.8526,65.586,0.06,0.02933905549738633,0.0021020727249345295,0.0033224696144737577,4.398184776306152,4.338600158691406,98.00004959106445,-11.430858065410538
1772129008.7575867,patch_rect,3.8526,65.586,0.06,0.02943905549738633,0.0020520727249345293,0.003222469614473758,4.398184776306152,3.34060001373291,55.9999942779541,-11.408284978669474
1772129052.1731336,patch_rect,3.8526,65.586,0.06,0.02933905549738633,0.0021020727249345295,0.0033224696144737577,4.398184776306152,4.338600158691406,98.00004959106445,-11.430856990476116
1772129081.523816,patch_rect,3.8526,65.586,0.06,0.02943905549738633,0.0020520727249345293,0.003222469614473758,4.398184776306152,2.85260009765625,2000.0,-25.6631742909005
1772129124.4097104,patch_rect,3.8526,65.586,0.06,0.02933905549738633,0.002002072724934529,0.003122469614473758,4.398184776306152,3.348599910736084,55.9999942779541,-11.490687873750927
1772129167.2627363,patch_rect,3.8526,65.586,0.06,0.02923905549738633,0.0020520727249345293,0.003222469614473758,4.398184776306152,3.350600004196167,55.9999942779541,-11.352566962320632
1772129211.9072156,patch_rect,3.8526,65.586,0.06,0.02913905549738633,0.0021020727249345295,0.0033224696144737577,4.398184776306152,4.36460018157959,98.00004959106445,-11.335515124360935
1772129254.7015665,patch_rect,3.8526,65.586,0.06,0.02923905549738633,0.0020520727249345293,0.003222469614473758,4.398184776306152,3.350600004196167,55.9999942779541,-11.352567519399654
1772129297.3662462,patch_rect,3.8526,65.586,0.06,0.02913905549738633,0.0021020727249345295,0.0033224696144737577,4.398184776306152,4.36460018157959,98.00004959106445,-11.335515124360935
1772129340.4881454,patch_rect,3.8526,65.586,0.06,0.02923905549738633,0.0020520727249345293,0.003222469614473758,4.398184776306152,3.350600004196167,55.9999942779541,-11.352568362992123
1772129383.6170542,patch_rect,3.8526,65.586,0.06,0.02913905549738633,0.0021020727249345295,0.0033224696144737577,4.398184776306152,4.36460018157959,98.00004959106445,-11.33551406916649
1772129428.001263,patch_rect,3.8526,65.586,0.06,0.02923905549738633,0.0020520727249345293,0.003222469614473758,4.398184776306152,3.350600004196167,55.9999942779541,-11.352566319908666
1772129471.9010572,patch_rect,3.8526,65.586,0.06,0.02913905549738633,0.0021020727249345295,0.0033224696144737577,4.398184776306152,4.36460018157959,98.00004959106445,-11.33551406916649
1772129514.656527,patch_rect,3.8526,65.586,0.06,0.02923905549738633,0.0020520727249345293,0.003222469614473758,4.398184776306152,3.350600004196167,55.9999942779541,-11.352567519399654
1772129559.1069708,patch_rect,3.8526,65.586,0.06,0.02913905549738633,0.0021020727249345295,0.0033224696144737577,4.398184776306152,4.36460018157959,98.00004959106445,-11.33551406916649
1772129603.097207,patch_rect,3.8526,65.586,0.06,0.02923905549738633,0.0020520727249345293,0.003222469614473758,4.398184776306152,3.350600004196167,55.9999942779541,-11.352568362992123
1772129646.8450403,patch_rect,3.8526,65.586,0.06,0.02913905549738633,0.0021020727249345295,0.0033224696144737577,4.398184776306152,4.36460018157959,98.00004959106445,-11.33551406916649
1772129689.5179245,patch_rect,3.8526,65.586,0.06,0.02923905549738633,0.0020520727249345293,0.003222469614473758,4.398184776306152,3.350600004196167,55.9999942779541,-11.352567519399654
1772129733.8295488,patch_rect,3.8526,65.586,0.06,0.02913905549738633,0.0021020727249345295,0.0033224696144737577,4.398184776306152,4.36460018157959,98.00004959106445,-11.335504497938736
1772129776.3241549,patch_rect,3.8526,65.586,0.06,0.02923905549738633,0.0020520727249345293,0.003222469614473758,4.398184776306152,3.350600004196167,55.9999942779541,-11.352566319908666
1772129820.092651,patch_rect,3.8526,65.586,0.06,0.02913905549738633,0.0021020727249345295,0.0033224696144737577,4.398184776306152,4.36460018157959,98.00004959106445,-11.335504497938736
1772129863.2676277,patch_rect,3.8526,65.586,0.06,0.02923905549738633,0.0020520727249345293,0.003222469614473758,4.398184776306152,3.350600004196167,55.9999942779541,-11.352566962320632
1772129906.149294,patch_rect,3.8526,65.586,0.06,0.02913905549738633,0.0021020727249345295,0.0033224696144737577,4.398184776306152,4.36460018157959,98.00004959106445,-11.335504497938736
1772129948.910314,patch_rect,3.8526,65.586,0.06,0.02923905549738633,0.0020520727249345293,0.003222469614473758,4.398184776306152,3.350600004196167,55.9999942779541,-11.352568362992123
1772129992.5430732,patch_rect,3.8526,65.586,0.06,0.02943905549738633,0.0020520727249345293,0.003222469614473758,4.398184776306152,3.34060001373291,55.9999942779541,-11.408279267513674
1772130041.1006546,patch_rect,2.2936,115.39,0.06,0.03137825056910515,0.002291671000421047,0.0016080281930044293,4.39998197555542,3.171600103378296,92.00000762939453,-18.3925984864698
1772130082.7874103,patch_rect,2.2936,115.39,0.06,0.03204491723577182,0.0024250043337543806,0.0019413615263377626,4.39998197555542,2.8675999641418457,67.99983978271484,-18.175308413666144
1772130124.5056632,patch_rect,2.2936,115.39,0.06,0.03248936168021626,0.0025138932226432694,0.002163583748559985,4.39998197555542,2.8115999698638916,72.00002670288086,-17.253067973006978
1772130165.983591,patch_rect,2.2936,115.39,0.06,0.032785657976512554,0.0025731524819025287,0.002311731896708133,4.39998197555542,2.775599956512451,72.00002670288086,-16.832635346045734
1772130207.688289,patch_rect,2.2936,115.39,0.06,0.03298318884071009,0.002623152481902529,0.002411731896708133,4.39998197555542,2.7516000270843506,73.99988174438477,-16.572383476558684
1772130249.2867239,patch_rect,2.2936,115.39,0.06,0.033114876083508445,0.002673152481902529,0.0025117318967081328,4.39998197555542,2.733599901199341,75.99997520446777,-16.534083933547976
1772130291.0994906,patch_rect,2.2936,115.39,0.06,0.03321487608350845,0.002723152481902529,0.0026117318967081326,4.39998197555542,2.717600107192993,78.00006866455078,-16.449281549854003
1772130333.0763993,patch_rect,2.2936,115.39,0.06,0.03331487608350845,0.0027731524819025292,0.0027117318967081324,4.39998197555542,2.7035999298095703,77.99983024597168,-16.421256532048996
1772130374.7676542,patch_rect,2.2936,115.39,0.06,0.03341487608350845,0.0028231524819025294,0.0028117318967081323,4.39998197555542,2.6895999908447266,79.99992370605469,-16.421383643357878
1772130416.3384879,patch_rect,2.2936,115.39,0.06,0.033514876083508456,0.0028731524819025295,0.002911731896708132,4.39998197555542,2.6835999488830566,84.0001106262207,-16.650072005529942
1772130457.9918647,patch_rect,2.2936,115.39,0.06,0.03361487608350846,0.0029231524819025296,0.003011731896708132,4.39998197555542,2.669600009918213,85.99996566772461,-16.64036221437587
1772130499.4892638,patch_rect,2.2936,115.39,0.06,0.03371487608350846,0.0029731524819025298,0.0031117318967081318,4.39998197555542,2.655600070953369,85.99996566772461,-16.492812132543875
1772130541.3128638,patch_rect,2.2936,115.39,0.06,0.033814876083508465,0.00302315248190253,0.0032117318967081316,4.39998197555542,2.6415998935699463,89.99991416931152,-16.596250959661976
1772130583.0884132,patch_rect,2.2936,115.39,0.06,0.03391487608350847,0.00307315248190253,0.0033117318967081314,4.39998197555542,2.6296000480651855,90.00015258789062,-16.645480015792288
1772130612.0428412,patch_rect,2.2936,115.39,0.06,0.03401487608350847,0.00312315248190253,0.0034117318967081312,4.39998197555542,1.2935999631881714,2000.0001192092896,-26.043877206415345
1772130653.7342324,patch_rect,2.2936,115.39,0.06,0.03391487608350847,0.00307315248190253,0.0033117318967081314,4.39998197555542,2.6296000480651855,90.00015258789062,-16.645481749597998
1772130695.4784594,patch_rect,2.2936,115.39,0.06,0.03401487608350847,0.00312315248190253,0.0034117318967081312,4.39998197555542,3.109600067138672,82.0000171661377,-17.13188576424411
1772130737.8920615,patch_rect,2.2936,115.39,0.06,0.03411487608350847,0.0031731524819025303,0.003511731896708131,4.39998197555542,3.097599983215332,82.0000171661377,-17.353688291179132
1772130779.4627597,patch_rect,2.2936,115.39,0.06,0.034214876083508476,0.0032231524819025304,0.003611731896708131,4.39998197555542,3.0736000537872314,85.99996566772461,-17.672170340800765
1772130821.2435064,patch_rect,2.2936,115.39,0.06,0.03431487608350848,0.0032731524819025306,0.0037117318967081307,4.39998197555542,3.093600034713745,88.00005912780762,-19.12855916733335
1772130862.6613967,patch_rect,2.2936,115.39,0.06,0.03441487608350848,0.0033231524819025307,0.0038117318967081306,4.39998197555542,3.093600034713745,94.00010108947754,-20.562622724085927
1772130904.4085004,patch_rect,2.2936,115.39,0.06,0.034514876083508485,0.003373152481902531,0.00391173189670813,4.39998197555542,3.091599941253662,93.99986267089844,-21.538435774403553
1772130946.3163252,patch_rect,2.2936,115.39,0.06,0.03461487608350849,0.003423152481902531,0.004011731896708131,4.39998197555542,3.085599899291992,95.99995613098145,-22.437888499752194
1772130988.1241672,patch_rect,2.2936,115.39,0.06,0.03471487608350849,0.003473152481902531,0.004111731896708131,4.39998197555542,3.0836000442504883,99.99990463256836,-24.317069843563303
1772131030.8062046,patch_rect,2.2936,115.39,0.06,0.03481487608350849,0.003523152481902531,0.004211731896708131,4.39998197555542,3.0776000022888184,101.99999809265137,-25.649089741946188
1772131074.4919312,patch_rect,2.2936,115.39,0.06,0.034914876083508496,0.0035731524819025313,0.004311731896708131,4.39998197555542,3.0696001052856445,105.99994659423828,-27.764962600296865
1772131117.935799,patch_rect,2.2936,115.39,0.06,0.0350148760835085,0.0036231524819025315,0.004411731896708132,4.39998197555542,3.0696001052856445,107.99980163574219,-32.21203245603085
1772131161.9220896,patch_rect,2.2936,115.39,0.06,0.0351148760835085,0.0036731524819025316,0.004511731896708132,4.39998197555542,3.0636000633239746,108.00004005432129,-32.54362069807465
1772131205.8324835,patch_rect,2.2936,115.39,0.06,0.035214876083508505,0.0037231524819025317,0.004611731896708132,4.39998197555542,3.0576000213623047,109.9998950958252,-36.68782687697226
1772131250.2000482,patch_rect,2.2936,115.39,0.06,0.03531487608350851,0.003773152481902532,0.0047117318967081325,4.39998197555542,3.0515999794006348,114.00008201599121,-45.096412578397036
1772131294.7299492,patch_rect,2.2936,115.39,0.06,0.03541487608350851,0.003823152481902532,0.004811731896708133,4.39998197555542,3.0515999794006348,114.00008201599121,-38.9779843022744
1772131339.146373,patch_rect,2.2936,115.39,0.06,0.03551487608350851,0.003873152481902532,0.004911731896708133,4.39998197555542,3.045599937438965,113.99984359741211,-35.28517758613171
1772131383.5397508,patch_rect,2.2936,115.39,0.06,0.035614876083508516,0.003923152481902532,0.005,4.39998197555542,3.041599988937378,118.00003051757812,-29.6468958792698
1772131427.8572347,patch_rect,2.2936,115.39,0.06,0.03571487608350852,0.0038731524819025317,0.0049,4.39998197555542,3.047600030899048,113.99984359741211,-32.00157167383917
1772131472.2522607,patch_rect,2.2936,115.39,0.06,0.03581487608350852,0.003923152481902532,0.005,4.39998197555542,3.041599988937378,118.00003051757812,-28.344676944048828
1772131516.2509127,patch_rect,2.2936,115.39,0.06,0.035914876083508525,0.0038731524819025317,0.0049,4.39998197555542,3.045599937438965,111.9999885559082,-30.256320719845654
1772131560.5909503,patch_rect,2.2936,115.39,0.06,0.03601487608350853,0.003923152481902532,0.005,4.39998197555542,3.039599895477295,111.9999885559082,-28.378682802696005
1772131604.5297258,patch_rect,2.2936,115.39,0.06,0.03611487608350853,0.0039731524819025315,0.005,4.39998197555542,3.039599895477295,111.9999885559082,-28.070046552600083
1772131648.3538325,patch_rect,2.2936,115.39,0.06,0.03621487608350853,0.004,0.005,4.39998197555542,3.039599895477295,111.9999885559082,-27.533506625870388
1772131692.2414956,patch_rect,2.2936,115.39,0.06,0.036314876083508536,0.004,0.005,4.39998197555542,3.039599895477295,110.0001335144043,-26.791705138085344
1772131736.61739,patch_rect,2.2936,115.39,0.06,0.03641487608350854,0.004,0.005,4.39998197555542,3.039599895477295,110.0001335144043,-26.085581438500785
1772131781.1078484,patch_rect,2.2936,115.39,0.06,0.03651487608350854,0.004,0.005,4.39998197555542,3.039599895477295,110.0001335144043,-25.663130337557654
1772131825.4487774,patch_rect,2.2936,115.39,0.06,0.036614876083508545,0.004,0.005,4.39998197555542,3.037600040435791,110.0001335144043,-25.069887659170075
1772131870.0237236,patch_rect,2.2936,115.39,0.06,0.03671487608350855,0.004,0.005,4.39998197555542,3.039599895477295,110.0001335144043,-24.563138461471432
1772131914.4841142,patch_rect,2.2936,115.39,0.06,0.03681487608350855,0.004,0.005,4.39998197555542,3.037600040435791,108.00004005432129,-24.05840564807913
1772131959.0375483,patch_rect,2.2936,115.39,0.06,0.036914876083508553,0.004,0.005,4.39998197555542,3.037600040435791,108.00004005432129,-23.600574840962523
1772132003.4657948,patch_rect,2.2936,115.39,0.06,0.037014876083508556,0.004,0.005,4.39998197555542,3.037600040435791,108.00004005432129,-23.13986506448093
1772132047.7695189,patch_rect,2.2936,115.39,0.06,0.03711487608350856,0.004,0.005,4.39998197555542,3.037600040435791,108.00004005432129,-22.682093425272335
1772132092.2256126,patch_rect,2.2936,115.39,0.06,0.03721487608350856,0.004,0.005,4.39998197555542,3.037600040435791,108.00004005432129,-22.229410858127515
1772132136.9293437,patch_rect,2.2936,115.39,0.06,0.037314876083508565,0.004,0.005,4.39998197555542,3.035599946975708,108.00004005432129,-21.81841932278133
1772132181.8413098,patch_rect,2.2936,115.39,0.06,0.03531487608350851,0.003773152481902532,0.0047117318967081325,4.39998197555542,3.0515999794006348,114.00008201599121,-45.0962774541236
1772132233.1240976,patch_rect,5.1509,76.365,0.06,0.020012816414237022,0.002284473506733775,0.005,4.39778470993042,5.264900207519531,328.0000686645508,-23.426198748434288
1772132279.7046368,patch_rect,5.1509,76.365,0.06,0.02067948308090369,0.0021511401734004417,0.004666666666666667,4.39778470993042,5.196899890899658,278.0003547668457,-19.54552305700669
1772132325.684988,patch_rect,5.1509,76.365,0.06,0.021123927525348134,0.002062251284511553,0.0044444444444444444,4.39778470993042,5.148900032043457,233.99972915649414,-16.747517434686337
1772132371.3637953,patch_rect,5.1509,76.365,0.06,0.020827631229051836,0.0020029920252522936,0.004296296296296296,4.39778470993042,5.202899932861328,225.9998321533203,-16.232560594228893
1772132417.0227392,patch_rect,5.1509,76.365,0.06,0.021025162093249367,0.0019529920252522937,0.004196296296296296,4.39778470993042,5.1828999519348145,203.99999618530273,-15.119435973753577
1772132462.2686741,patch_rect,5.1509,76.365,0.06,0.02115684933604772,0.0019029920252522938,0.004096296296296296,4.39778470993042,5.178899765014648,190.00005722045898,-14.396019466428687
1772132507.3856156,patch_rect,5.1509,76.365,0.06,0.02125684933604772,0.0018529920252522939,0.0039962962962962955,4.39778470993042,5.174900054931641,172.00040817260742,-13.647419398176899
1772132552.5980217,patch_rect,5.1509,76.365,0.06,0.021356849336047718,0.001802992025252294,0.0038962962962962957,4.39778470993042,5.174900054931641,155.99966049194336,-13.10539682197951
1772132598.3149884,patch_rect,5.1509,76.365,0.06,0.021456849336047717,0.001752992025252294,0.003796296296296296,4.39778470993042,5.170899868011475,142.0001983642578,-12.58490114943001
1772132642.9760494,patch_rect,5.1509,76.365,0.06,0.021556849336047717,0.0017029920252522941,0.003696296296296296,4.39778470993042,5.142899990081787,125.99992752075195,-12.122628489178046
1772132689.4261346,patch_rect,5.1509,76.365,0.06,0.021456849336047717,0.0016529920252522942,0.0035962962962962962,4.39778470993042,5.1809000968933105,119.99988555908203,-11.951445343655196
1772132733.818028,patch_rect,5.1509,76.365,0.06,0.021556849336047717,0.0016029920252522943,0.0034962962962962964,4.39778470993042,5.170899868011475,113.99984359741211,-12.00559469877964
1772132778.1568913,patch_rect,5.1509,76.365,0.06,0.021656849336047716,0.0015529920252522944,0.0033962962962962966,4.39778470993042,5.168900012969971,102.00023651123047,-11.594578352423088
1772132822.5682182,patch_rect,5.1509,76.365,0.06,0.021756849336047716,0.0015029920252522945,0.0032962962962962967,4.39778470993042,5.166900157928467,93.99986267089844,-11.393588440864775
1772132865.3497462,patch_rect,5.1509,76.365,0.06,0.021856849336047715,0.0014529920252522946,0.003196296296296297,4.39778470993042,5.166900157928467,76.00021362304688,-10.981349016945149
1772132909.774803,patch_rect,5.1509,76.365,0.06,0.021956849336047714,0.0015029920252522945,0.0032962962962962967,4.39778470993042,5.142899990081787,85.99996566772461,-11.211536465118158
1772132957.7498238,patch_rect,5.1509,76.365,0.06,0.020012816414237022,0.002284473506733775,0.005,4.39778470993042,5.264900207519531,328.0000686645508,-23.426192312167025
1772133005.9193761,patch_rect,2.1757,73.488,0.06,0.034590497612953186,0.0023171203210949898,0.001612357678823173,4.399983882904053,3.1677000522613525,47.99985885620117,-39.55217026876059
1772133047.6942909,patch_rect,2.1757,73.488,0.06,0.035257164279619856,0.002450453654428323,0.0019456910121565063,4.399983882904053,2.623699903488159,41.99981689453125,-12.616660869721997
1772133089.3063586,patch_rect,2.1757,73.488,0.06,0.0357016087240643,0.002539342543317212,0.0021679132343787287,4.399983882904053,3.1617000102996826,33.99991989135742,-12.550741259681734
1772133131.0616007,patch_rect,2.1757,73.488,0.06,0.03599790502036059,0.0025986018025764713,0.002316061382526877,4.399983882904053,3.151700019836426,47.99985885620117,-13.710417678705047
1772133172.6738079,patch_rect,2.1757,73.488,0.06,0.036195435884558126,0.0026486018025764714,0.0024160613825268767,4.399983882904053,3.143699884414673,51.999807357788086,-14.50116188284224
1772133214.584506,patch_rect,2.1757,73.488,0.06,0.03632712312735648,0.0026986018025764716,0.0025160613825268765,4.399983882904053,3.141700029373169,58.00008773803711,-15.856998834724294
1772133256.4217064,patch_rect,2.1757,73.488,0.06,0.036427123127356485,0.0027486018025764717,0.0026160613825268763,4.399983882904053,3.137700080871582,59.999942779541016,-16.325410945078048
1772133297.985413,patch_rect,2.1757,73.488,0.06,0.03652712312735649,0.002798601802576472,0.002716061382526876,4.399983882904053,3.129699945449829,62.00003623962402,-17.129493987322537
1772133339.7972193,patch_rect,2.1757,73.488,0.06,0.03662712312735649,0.002848601802576472,0.002816061382526876,4.399983882904053,3.1217000484466553,64.00012969970703,-17.61375753985696
1772133381.7788901,patch_rect,2.1757,73.488,0.06,0.036727123127356494,0.002898601802576472,0.002916061382526876,4.399983882904053,3.129699945449829,68.00007820129395,-18.801238274520042
1772133423.6379044,patch_rect,2.1757,73.488,0.06,0.0368271231273565,0.002948601802576472,0.0030160613825268756,4.399983882904053,3.1196999549865723,68.00007820129395,-19.24462366573042
1772133465.567488,patch_rect,2.1757,73.488,0.06,0.0369271231273565,0.0029986018025764723,0.0031160613825268755,4.399983882904053,3.1157000064849854,72.00002670288086,-20.365030610778497
1772133507.7003546,patch_rect,2.1757,73.488,0.06,0.0370271231273565,0.0030486018025764725,0.0032160613825268753,4.399983882904053,3.1117000579833984,74.00012016296387,-21.709311092627104
1772133549.510786,patch_rect,2.1757,73.488,0.06,0.037127123127356505,0.0029986018025764723,0.0031160613825268755,4.399983882904053,3.1157000064849854,69.99993324279785,-20.92502652191618
1772133591.3755243,patch_rect,2.1757,73.488,0.06,0.03722712312735651,0.0030486018025764725,0.0032160613825268753,4.399983882904053,3.1096999645233154,75.99997520446777,-22.795976161300423
1772133634.1060827,patch_rect,2.1757,73.488,0.06,0.03732712312735651,0.0029986018025764723,0.0031160613825268755,4.399983882904053,3.1136999130249023,74.00012016296387,-22.617806026681993
1772133676.341404,patch_rect,2.1757,73.488,0.06,0.037427123127356514,0.002948601802576472,0.0030160613825268756,4.399983882904053,3.1196999549865723,73.99988174438477,-22.07214394536503
1772133718.6899033,patch_rect,2.1757,73.488,0.06,0.03752712312735652,0.002898601802576472,0.002916061382526876,4.399983882904053,3.129699945449829,70.00017166137695,-20.892963343791333
1772133761.0483208,patch_rect,2.1757,73.488,0.06,0.03762712312735652,0.002948601802576472,0.0030160613825268756,4.399983882904053,3.1196999549865723,73.99988174438477,-22.47347058183874
1772133802.7480652,patch_rect,2.1757,73.488,0.06,0.03772712312735652,0.002898601802576472,0.002916061382526876,4.399983882904053,3.129699945449829,70.00017166137695,-21.702069623169074
1772133845.082456,patch_rect,2.1757,73.488,0.06,0.037827123127356525,0.002948601802576472,0.0030160613825268756,4.399983882904053,3.1196999549865723,72.00002670288086,-22.453380838616628
1772133886.7686887,patch_rect,2.1757,73.488,0.06,0.03792712312735653,0.0029986018025764723,0.0031160613825268755,4.399983882904053,3.1136999130249023,75.99997520446777,-24.986357732771843
1772133929.1363306,patch_rect,2.1757,73.488,0.06,0.03802712312735653,0.002948601802576472,0.0030160613825268756,4.399983882904053,3.1177000999450684,69.99993324279785,-22.67180127356987
1772133971.2001803,patch_rect,2.1757,73.488,0.06,0.038127123127356534,0.0029986018025764723,0.0031160613825268755,4.399983882904053,3.1136999130249023,73.99988174438477,-25.241715029715053
1772134013.4542336,patch_rect,2.1757,73.488,0.06,0.03822712312735654,0.002948601802576472,0.0030160613825268756,4.399983882904053,3.1177000999450684,69.99993324279785,-23.000518734672283
1772134055.1251302,patch_rect,2.1757,73.488,0.06,0.03832712312735654,0.0029986018025764723,0.0031160613825268755,4.399983882904053,3.1136999130249023,72.00002670288086,-24.982775870354427
1772134097.5008368,patch_rect,2.1757,73.488,0.06,0.03842712312735654,0.0030486018025764725,0.0032160613825268753,4.399983882904053,3.1077001094818115,75.99997520446777,-27.324944272127777
1772134139.21758,patch_rect,2.1757,73.488,0.06,0.038527123127356545,0.0029986018025764723,0.0031160613825268755,4.399983882904053,3.1136999130249023,72.00002670288086,-25.439000083414488
1772134168.5461335,patch_rect,2.1757,73.488,0.06,0.03862712312735655,0.0030486018025764725,0.0032160613825268753,4.399983882904053,1.1756999492645264,2000.0,-26.001552664058245
1772134210.203855,patch_rect,2.1757,73.488,0.06,0.038527123127356545,0.0029986018025764723,0.0031160613825268755,4.399983882904053,3.1136999130249023,72.00002670288086,-25.439000083414488
1772134252.6618655,patch_rect,2.1757,73.488,0.06,0.03862712312735655,0.0030486018025764725,0.0032160613825268753,4.399983882904053,3.1077001094818115,73.99988174438477,-28.142031372729193
1772134294.4925988,patch_rect,2.1757,73.488,0.06,0.03872712312735655,0.0029986018025764723,0.0031160613825268755,4.399983882904053,3.1117000579833984,72.00002670288086,-26.352392378859832
1772134337.3443985,patch_rect,2.1757,73.488,0.06,0.038827123127356554,0.0030486018025764725,0.0032160613825268753,4.399983882904053,3.1077001094818115,73.99988174438477,-29.329815183395297
1772134379.2485137,patch_rect,2.1757,73.488,0.06,0.03892712312735656,0.0029986018025764723,0.0031160613825268755,4.399983882904053,3.1117000579833984,69.99993324279785,-27.404254351039157
1772134421.9596496,patch_rect,2.1757,73.488,0.06,0.03902712312735656,0.0030486018025764725,0.0032160613825268753,4.399983882904053,3.1057000160217285,73.99988174438477,-31.510635831254294
1772134451.4691992,patch_rect,2.1757,73.488,0.06,0.03912712312735656,0.0029986018025764723,0.0031160613825268755,4.399983882904053,1.1756999492645264,2000.0,-25.981823614279385
1772134494.0726948,patch_rect,2.1757,73.488,0.06,0.03902712312735656,0.002948601802576472,0.0030160613825268756,4.399983882904053,3.1157000064849854,69.99993324279785,-27.282018972474148
1772134536.0300555,patch_rect,2.1757,73.488,0.06,0.03912712312735656,0.0029986018025764723,0.0031160613825268755,4.399983882904053,3.1096999645233154,72.00002670288086,-29.44228503885483
1772134578.7319164,patch_rect,2.1757,73.488,0.06,0.039227123127356565,0.0030486018025764725,0.0032160613825268753,4.399983882904053,3.1057000160217285,75.99997520446777,-35.29494154192198
1772134620.783528,patch_rect,2.1757,73.488,0.06,0.03932712312735657,0.0029986018025764723,0.0031160613825268755,4.399983882904053,3.1096999645233154,74.00012016296387,-33.83531657365735
1772134663.1543093,patch_rect,2.1757,73.488,0.06,0.03942712312735657,0.002948601802576472,0.0030160613825268756,4.399983882904053,3.1157000064849854,69.99993324279785,-29.895392892834995
1772134705.4556491,patch_rect,2.1757,73.488,0.06,0.039527123127356574,0.0029986018025764723,0.0031160613825268755,4.399983882904053,3.1096999645233154,75.99997520446777,-38.33339193032619
1772134747.9372633,patch_rect,2.1757,73.488,0.06,0.03962712312735658,0.002948601802576472,0.0030160613825268756,4.399983882904053,3.1157000064849854,69.99993324279785,-29.506134741872238
1772134789.8673227,patch_rect,2.1757,73.488,0.06,0.03972712312735658,0.0029986018025764723,0.0031160613825268755,4.399983882904053,3.1096999645233154,73.99988174438477,-38.059685743991814
1772134832.395893,patch_rect,2.1757,73.488,0.06,0.03982712312735658,0.002948601802576472,0.0030160613825268756,4.399983882904053,3.1136999130249023,68.00007820129395,-30.382297346784327
1772134874.4349682,patch_rect,2.1757,73.488,0.06,0.039927123127356585,0.0029986018025764723,0.0031160613825268755,4.399983882904053,3.1096999645233154,73.99988174438477,-39.71235337695837
1772134916.8755848,patch_rect,2.1757,73.488,0.06,0.04002712312735659,0.002948601802576472,0.0030160613825268756,4.399983882904053,3.1136999130249023,68.00007820129395,-31.719135471916392
1772134959.7646453,patch_rect,2.1757,73.488,0.06,0.04012712312735659,0.0029986018025764723,0.0031160613825268755,4.399983882904053,3.1096999645233154,69.99993324279785,-40.21206749259151
1772135002.5767293,patch_rect,2.1757,73.488,0.06,0.040227123127356594,0.0030486018025764725,0.0032160613825268753,4.399983882904053,3.1057000160217285,74.00012016296387,-37.86544271933778
1772135044.7592683,patch_rect,2.1757,73.488,0.06,0.0403271231273566,0.0029986018025764723,0.0031160613825268755,4.399983882904053,3.1077001094818115,69.99993324279785,-39.608602553053906
1772135086.9154613,patch_rect,2.1757,73.488,0.06,0.04012712312735659,0.0029986018025764723,0.0031160613825268755,4.399983882904053,3.1096999645233154,69.99993324279785,-40.21206749259151
1772135135.6071093,patch_rect,2.1998,71.56,0.06,0.03444060683250427,0.00231806724332273,0.0016141013475134969,4.399983882904053,2.7678000926971436,75.99997520446777,-12.792884226125423
1772135180.7920911,patch_rect,2.1998,71.56,0.06,0.03510727349917094,0.0021847339099893967,0.0012807680141801636,4.399983882904053,2.749799966812134,72.00002670288086,-13.83410482970466
1772135226.4221122,patch_rect,2.1998,71.56,0.06,0.035551717943615384,0.002095845021100508,0.0010585457919579414,4.399983882904053,2.733799934387207,65.99998474121094,-14.91893139782408
1772135271.7444835,patch_rect,2.1998,71.56,0.06,0.03584801423991168,0.0021551042803597672,0.0012066939401060895,4.399983882904053,2.7037999629974365,69.99993324279785,-14.65299979638856
1772135317.1228707,patch_rect,2.1998,71.56,0.06,0.03604554510410921,0.0022051042803597674,0.0013066939401060896,4.399983882904053,2.68179988861084,73.99988174438477,-14.617154698489646
1772135362.270738,patch_rect,2.1998,71.56,0.06,0.03617723234690757,0.0021551042803597672,0.0012066939401060895,4.399983882904053,2.679800033569336,69.99993324279785,-14.921552176511302
1772135407.619635,patch_rect,2.1998,71.56,0.06,0.03627723234690757,0.0022051042803597674,0.0013066939401060896,4.399983882904053,2.663800001144409,74.00012016296387,-14.820176393066582
1772135452.7539823,patch_rect,2.1998,71.56,0.06,0.036377232346907575,0.0021551042803597672,0.0012066939401060895,4.399983882904053,2.665800094604492,70.00017166137695,-15.11141336313023
1772135498.044555,patch_rect,2.1998,71.56,0.06,0.03647723234690758,0.0022051042803597674,0.0013066939401060896,4.399983882904053,2.6498000621795654,73.99988174438477,-15.003268612406854
1772135543.4004946,patch_rect,2.1998,71.56,0.06,0.03657723234690758,0.0021551042803597672,0.0012066939401060895,4.399983882904053,2.6517999172210693,69.99993324279785,-15.298006490365958
1772135588.7467825,patch_rect,2.1998,71.56,0.06,0.03667723234690758,0.0022051042803597674,0.0013066939401060896,4.399983882904053,2.6357998847961426,73.99988174438477,-15.156488312485497
1772135634.060086,patch_rect,2.1998,71.56,0.06,0.036777232346907586,0.0021551042803597672,0.0012066939401060895,4.399983882904053,2.6377999782562256,69.99993324279785,-15.47461650793037
1772135679.3384576,patch_rect,2.1998,71.56,0.06,0.03687723234690759,0.0022051042803597674,0.0013066939401060896,4.399983882904053,2.621799945831299,74.00012016296387,-15.364711792392296
1772135724.5966668,patch_rect,2.1998,71.56,0.06,0.03697723234690759,0.0021551042803597672,0.0012066939401060895,4.399983882904053,2.6257998943328857,70.00017166137695,-15.69699742759893
1772135769.9497962,patch_rect,2.1998,71.56,0.06,0.037077232346907595,0.0022051042803597674,0.0013066939401060896,4.399983882904053,2.609800100326538,74.00012016296387,-15.546378539847378
1772135815.2399251,patch_rect,2.1998,71.56,0.06,0.0371772323469076,0.0021551042803597672,0.0012066939401060895,4.399983882904053,2.611799955368042,70.00017166137695,-15.865223171502315
1772135860.583933,patch_rect,2.1998,71.56,0.06,0.0372772323469076,0.0022051042803597674,0.0013066939401060896,4.399983882904053,2.5957999229431152,74.00012016296387,-15.715003318247032
1772135905.8546207,patch_rect,2.1998,71.56,0.06,0.0373772323469076,0.0021551042803597672,0.0012066939401060895,4.399983882904053,2.5978000164031982,69.99993324279785,-16.027575719613054
1772135951.2366362,patch_rect,2.1998,71.56,0.06,0.037477232346907606,0.0022051042803597674,0.0013066939401060896,4.399983882904053,2.5817999839782715,74.00012016296387,-15.912020713740693
1772135996.5140533,patch_rect,2.1998,71.56,0.06,0.03757723234690761,0.0021551042803597672,0.0012066939401060895,4.399983882904053,2.5857999324798584,70.00017166137695,-16.218889496721676
1772136041.7525704,patch_rect,2.1998,71.56,0.06,0.03767723234690761,0.0022051042803597674,0.0013066939401060896,4.399983882904053,2.5697999000549316,72.00002670288086,-16.09923596002715
1772136087.137663,patch_rect,2.1998,71.56,0.06,0.037777232346907615,0.0021551042803597672,0.0012066939401060895,4.399983882904053,2.5717999935150146,69.99993324279785,-16.42780057703928
1772136132.9212449,patch_rect,2.1998,71.56,0.06,0.03787723234690762,0.0022051042803597674,0.0013066939401060896,4.399983882904053,2.557800054550171,74.00012016296387,-16.28695595352383
1772136178.19883,patch_rect,2.1998,71.56,0.06,0.03797723234690762,0.0021551042803597672,0.0012066939401060895,4.399983882904053,2.559799909591675,70.00017166137695,-16.58937443063523
1772136223.719304,patch_rect,2.1998,71.56,0.06,0.03807723234690762,0.0022051042803597674,0.0013066939401060896,4.399983882904053,2.543800115585327,71.99978828430176,-16.479862811078515
1772136269.138776,patch_rect,2.1998,71.56,0.06,0.038177232346907626,0.0021551042803597672,0.0012066939401060895,4.399983882904053,2.545799970626831,69.99993324279785,-16.83691866459649
1772136315.450189,patch_rect,2.1998,71.56,0.06,0.03827723234690763,0.0022051042803597674,0.0013066939401060896,4.399983882904053,2.5318000316619873,72.00002670288086,-16.67467948683492
1772136361.5095272,patch_rect,2.1998,71.56,0.06,0.03837723234690763,0.0021551042803597672,0.0012066939401060895,4.399983882904053,2.533799886703491,68.00007820129395,-17.039206879963505
1772136406.8656394,patch_rect,2.1998,71.56,0.06,0.038477232346907635,0.0022051042803597674,0.0013066939401060896,4.399983882904053,2.5178000926971436,73.99988174438477,-16.84462535387231
1772136452.8271563,patch_rect,2.1998,71.56,0.06,0.03857723234690764,0.0021551042803597672,0.0012066939401060895,4.399983882904053,2.5218000411987305,69.99993324279785,-17.230031923752357
1772136499.0158927,patch_rect,2.1998,71.56,0.06,0.03867723234690764,0.0022051042803597674,0.0013066939401060896,4.399983882904053,2.5078001022338867,72.00002670288086,-17.050551059462553
1772136545.0871384,patch_rect,2.1998,71.56,0.06,0.03877723234690764,0.0021551042803597672,0.0012066939401060895,4.399983882904053,2.5097999572753906,70.00017166137695,-17.4022565611407
1772136590.9540362,patch_rect,2.1998,71.56,0.06,0.038877232346907646,0.0022051042803597674,0.0013066939401060896,4.399983882904053,2.493799924850464,74.00012016296387,-17.23809631041529
1772136637.1992724,patch_rect,2.1998,71.56,0.06,0.03897723234690765,0.0021551042803597672,0.0012066939401060895,4.399983882904053,2.495800018310547,69.99993324279785,-17.62253785025344
1772136683.1144643,patch_rect,2.1998,71.56,0.06,0.03907723234690765,0.0022051042803597674,0.0013066939401060896,4.399983882904053,2.481800079345703,72.00002670288086,-17.485672830180327
1772136729.096839,patch_rect,2.1998,71.56,0.06,0.039177232346907655,0.0021551042803597672,0.0012066939401060895,4.399983882904053,2.483799934387207,68.00007820129395,-17.85284505656484
1772136775.0012379,patch_rect,2.1998,71.56,0.06,0.03927723234690766,0.0022051042803597674,0.0013066939401060896,4.399983882904053,2.4697999954223633,69.99993324279785,-17.64719540682099
1772136821.0928812,patch_rect,2.1998,71.56,0.06,0.03937723234690766,0.0022551042803597675,0.0014066939401060896,4.399983882904053,2.4558000564575195,72.00002670288086,-17.322257843611794
1772136867.1647058,patch_rect,2.1998,71.56,0.06,0.03947723234690766,0.0022051042803597674,0.0013066939401060896,4.399983882904053,2.4577999114990234,69.99993324279785,-17.86672966388818
1772136913.1454837,patch_rect,2.1998,71.56,0.06,0.039577232346907666,0.0022551042803597675,0.0014066939401060896,4.399983882904053,2.4437999725341797,72.00002670288086,-17.492966456616095
1772136958.7335372,patch_rect,2.1998,71.56,0.06,0.03967723234690767,0.0022051042803597674,0.0013066939401060896,4.399983882904053,2.4458000659942627,70.00017166137695,-18.12037248491206
1772137034.5401013,patch_rect,2.1998,71.56,0.06,0.039877232346907675,0.0023051042803597676,0.0015066939401060897,4.399983882904053,2.419800043106079,75.99997520446777,-17.645128446203003
1772137080.6715899,patch_rect,2.1998,71.56,0.06,0.03997723234690768,0.0022551042803597675,0.0014066939401060896,4.399983882904053,2.419800043106079,73.99988174438477,-17.878143902242623
1772137156.07556,patch_rect,2.1998,71.56,0.06,0.04017723234690768,0.0022551042803597675,0.0014066939401060896,4.399983882904053,2.4098000526428223,72.00002670288086,-18.1071747003752
1772137202.247398,patch_rect,2.1998,71.56,0.06,0.040277232346907686,0.0022051042803597674,0.0013066939401060896,4.399983882904053,2.411799907684326,69.99993324279785,-18.781582485376326
1772137249.5620403,patch_rect,2.1998,71.56,0.06,0.04037723234690769,0.0022551042803597675,0.0014066939401060896,4.399983882904053,2.3977999687194824,72.00002670288086,-18.314445421316268
1772137295.6041613,patch_rect,2.1998,71.56,0.06,0.04047723234690769,0.0022051042803597674,0.0013066939401060896,4.399983882904053,2.3998000621795654,70.00017166137695,-18.95269484065039
1772137341.6476412,patch_rect,2.1998,71.56,0.06,0.040577232346907695,0.0022551042803597675,0.0014066939401060896,4.399983882904053,2.3857998847961426,71.99978828430176,-18.54834685385985
1772137388.0542097,patch_rect,2.1998,71.56,0.06,0.04047723234690769,0.0022051042803597674,0.0013066939401060896,4.399983882904053,2.3998000621795654,70.00017166137695,-18.952703592058146
1772137436.993042,patch_rect,2.9324,84.847,0.06,0.028905266895890236,0.0023171002976596355,0.0016372763784602284,4.3999834060668945,3.204400062561035,48.00009727478027,-10.6551282614159
1772137479.5645235,patch_rect,2.9324,84.847,0.06,0.029571933562556902,0.002450433630992969,0.001970609711793562,4.3999834060668945,3.086400032043457,60.00018119812012,-13.590857258205828
1772137521.6159182,patch_rect,2.9324,84.847,0.06,0.030016378007001347,0.0025393225198818577,0.002192831934015784,4.3999834060668945,3.02839994430542,89.99991416931152,-22.436986693306892
1772137564.21787,patch_rect,2.9324,84.847,0.06,0.030312674303297645,0.0024800632606225984,0.002044683785867636,4.3999834060668945,3.016400098800659,88.00005912780762,-32.553144594410405
1772137606.426986,patch_rect,2.9324,84.847,0.06,0.030510205167495176,0.0024300632606225983,0.001944683785867636,4.3999834060668945,3.0064001083374023,82.0000171661377,-40.903373086384306
1772137649.495231,patch_rect,2.9324,84.847,0.06,0.03064189241029353,0.0024800632606225984,0.002044683785867636,4.3999834060668945,2.9863998889923096,85.99996566772461,-34.12105116951337
1772137691.9931502,patch_rect,2.9324,84.847,0.06,0.030741892410293528,0.0024300632606225983,0.001944683785867636,4.3999834060668945,2.9844000339508057,80.00016212463379,-29.51989171453321
1772137734.5970652,patch_rect,2.9324,84.847,0.06,0.030841892410293528,0.0024800632606225984,0.002044683785867636,4.3999834060668945,2.966399908065796,84.0001106262207,-27.892673292988967
1772137776.813296,patch_rect,2.9324,84.847,0.06,0.030941892410293527,0.0025300632606225985,0.002144683785867636,4.3999834060668945,2.9484000205993652,85.99996566772461,-26.482117550398275
1772137819.209288,patch_rect,2.9324,84.847,0.06,0.031041892410293526,0.0024800632606225984,0.002044683785867636,4.3999834060668945,2.9484000205993652,82.0000171661377,-24.03641434477393
1772137861.5059893,patch_rect,2.9324,84.847,0.06,0.031141892410293526,0.0025300632606225985,0.002144683785867636,4.3999834060668945,2.9303998947143555,82.0000171661377,-23.371485626823848
1772137904.1442358,patch_rect,2.9324,84.847,0.06,0.030510205167495176,0.0024300632606225983,0.001944683785867636,4.3999834060668945,3.0064001083374023,82.0000171661377,-40.90310012616261
1772137953.521921,patch_rect,6.7755,75.027,0.06,0.011637810617685318,0.0021832326892763376,0.005,4.3891143798828125,6.811500072479248,565.9999847412109,-14.620932222269582
1772138007.5519378,patch_rect,6.7755,75.027,0.06,0.012304477284351984,0.0020498993559430042,0.004666666666666667,4.3891143798828125,6.713500022888184,488.00039291381836,-13.858610993797507
1772138060.8979735,patch_rect,6.7755,75.027,0.06,0.011860032839907539,0.0019610104670541154,0.0044444444444444444,4.3891143798828125,6.847499847412109,481.99987411499023,-16.318380084025076
1772138113.6950407,patch_rect,6.7755,75.027,0.06,0.012156329136203835,0.0019017512077948561,0.004296296296296296,4.3891143798828125,6.807499885559082,460.00003814697266,-16.573095640643412
1772138166.5287993,patch_rect,6.7755,75.027,0.06,0.012353860000401366,0.0018517512077948562,0.004196296296296296,4.3891143798828125,6.7835001945495605,447.9999542236328,-17.14631971214237
1772138219.3149726,patch_rect,6.7755,75.027,0.06,0.01248554724319972,0.0018017512077948563,0.004096296296296296,4.3891143798828125,6.767499923706055,429.99982833862305,-18.01853097013713
1772138272.293572,patch_rect,6.7755,75.027,0.06,0.012385547243199721,0.0017517512077948564,0.0039962962962962955,4.3891143798828125,6.819499969482422,419.9995994567871,-19.521877798442816
1772138324.479611,patch_rect,6.7755,75.027,0.06,0.01248554724319972,0.0017017512077948565,0.0038962962962962957,4.3891143798828125,6.823500156402588,409.9998474121094,-20.575540634554955
1772138374.9685647,patch_rect,6.7755,75.027,0.06,0.01258554724319972,0.0016517512077948565,0.003796296296296296,4.3891143798828125,6.823500156402588,401.99995040893555,-21.760136709568695
1772138425.154022,patch_rect,6.7755,75.027,0.06,0.01268554724319972,0.0016017512077948566,0.003696296296296296,4.3891143798828125,6.795499801635742,390.0003433227539,-23.1761806016987
1772138474.174449,patch_rect,6.7755,75.027,0.06,0.012785547243199719,0.0015517512077948567,0.0035962962962962962,4.3891143798828125,6.815499782562256,384.000301361084,-22.903209425537582
1772138523.0708404,patch_rect,6.7755,75.027,0.06,0.012885547243199718,0.0015017512077948568,0.0034962962962962964,4.3891143798828125,6.813499927520752,381.9999694824219,-23.11394800242885
1772138571.9882646,patch_rect,6.7755,75.027,0.06,0.012985547243199717,0.0014517512077948569,0.0033962962962962966,4.3891143798828125,6.813499927520752,380.00011444091797,-23.24931710673155
1772138620.6231499,patch_rect,6.7755,75.027,0.06,0.013085547243199717,0.001401751207794857,0.0032962962962962967,4.3891143798828125,6.797500133514404,374.00007247924805,-23.20199204154276
1772138668.6514971,patch_rect,6.7755,75.027,0.06,0.013185547243199716,0.001351751207794857,0.003196296296296297,4.3891143798828125,6.793499946594238,368.0000305175781,-23.729119181010375
1772138716.7409377,patch_rect,6.7755,75.027,0.06,0.013285547243199716,0.0013017512077948571,0.003096296296296297,4.3891143798828125,6.7895002365112305,355.9999465942383,-24.724836113298405
1772138765.1377635,patch_rect,6.7755,75.027,0.06,0.013385547243199715,0.0012517512077948572,0.0029962962962962972,4.3891143798828125,6.787499904632568,326.0002136230469,-25.950138156286265
1772138813.0872228,patch_rect,6.7755,75.027,0.06,0.013485547243199714,0.0012017512077948573,0.0028962962962962974,4.3891143798828125,6.7835001945495605,248.0001449584961,-24.313849835497614
1772138860.1378074,patch_rect,6.7755,75.027,0.06,0.013585547243199714,0.0011517512077948574,0.0027962962962962976,4.3891143798828125,6.763500213623047,223.9999771118164,-25.40738709693465
1772138907.3452783,patch_rect,6.7755,75.027,0.06,0.013485547243199714,0.0011017512077948575,0.0026962962962962978,4.3891143798828125,6.805500030517578,234.00020599365234,-27.70980415035163
1772138954.8797207,patch_rect,6.7755,75.027,0.06,0.013585547243199714,0.0010517512077948576,0.002596296296296298,4.3891143798828125,6.803500175476074,215.99960327148438,-30.046049280851452
1772139001.148231,patch_rect,6.7755,75.027,0.06,0.013685547243199713,0.0010017512077948577,0.002496296296296298,4.3891143798828125,6.801499843597412,199.99980926513672,-35.49890282441118
1772139031.1558871,patch_rect,6.7755,75.027,0.06,0.013785547243199713,0.0009517512077948576,0.0023962962962962983,4.3891143798828125,5.7754998207092285,2000.0,-25.202758176288434
1772139076.1339529,patch_rect,6.7755,75.027,0.06,0.013685547243199713,0.0009017512077948576,0.0022962962962962984,4.3891143798828125,6.827499866485596,188.00020217895508,-35.48193645109241
1772139121.12973,patch_rect,6.7755,75.027,0.06,0.013785547243199713,0.0008517512077948576,0.0021962962962962986,4.3891143798828125,6.825500011444092,177.99997329711914,-35.00333525298292
1772139166.2262225,patch_rect,6.7755,75.027,0.06,0.013885547243199712,0.0008017512077948576,0.002096296296296299,4.3891143798828125,6.825500011444092,170.0000762939453,-35.01298528063668
1772139210.98651,patch_rect,6.7755,75.027,0.06,0.013985547243199711,0.0007517512077948575,0.001996296296296299,4.3891143798828125,6.803500175476074,157.99999237060547,-31.792632550946745
1772139256.1286244,patch_rect,6.7755,75.027,0.06,0.01408554724319971,0.0007017512077948575,0.001896296296296299,4.3891143798828125,6.803500175476074,151.99995040893555,-29.521659946169745
1772139286.3071566,patch_rect,6.7755,75.027,0.06,0.01418554724319971,0.0006517512077948575,0.0017962962962962989,4.3891143798828125,5.7754998207092285,2000.0,-26.29762942110679
1772139331.3677015,patch_rect,6.7755,75.027,0.06,0.01408554724319971,0.0006017512077948575,0.0016962962962962988,4.3891143798828125,6.843500137329102,144.00005340576172,-26.209130591797916
1772139376.8425832,patch_rect,6.7755,75.027,0.06,0.01418554724319971,0.0005517512077948574,0.0015962962962962988,4.3891143798828125,6.809500217437744,133.99982452392578,-23.42340700356436
1772139421.875419,patch_rect,6.7755,75.027,0.06,0.01428554724319971,0.0005017512077948574,0.0014962962962962987,4.3891143798828125,6.809500217437744,125.99992752075195,-21.509571581982613
1772139466.8411016,patch_rect,6.7755,75.027,0.06,0.014385547243199709,0.0005,0.0013962962962962987,4.3891143798828125,6.809500217437744,122.00021743774414,-20.761739745758483
1772139511.8405464,patch_rect,6.7755,75.027,0.06,0.014485547243199708,0.0005,0.0012962962962962986,4.3891143798828125,6.807499885559082,118.00003051757812,-20.104824046043234
1772139586.95238,patch_rect,6.7755,75.027,0.06,0.014685547243199707,0.00055,0.0012962962962962986,4.3891143798828125,6.767499923706055,118.00003051757812,-20.722187263018522
1772139630.948174,patch_rect,6.7755,75.027,0.06,0.014585547243199708,0.0005,0.0011962962962962986,4.3891143798828125,6.773499965667725,116.00017547607422,-18.881101049677298
1772139674.4172614,patch_rect,6.7755,75.027,0.06,0.014485547243199708,0.0005,0.0010962962962962986,4.3891143798828125,6.817500114440918,114.00032043457031,-18.232944798871333
1772139718.5261757,patch_rect,6.7755,75.027,0.06,0.014585547243199708,0.0005,0.0009962962962962985,4.3891143798828125,6.819499969482422,105.99994659423828,-17.351679896967216
1772139762.997524,patch_rect,6.7755,75.027,0.06,0.014685547243199707,0.0005,0.0008962962962962985,4.3891143798828125,6.821499824523926,99.99990463256836,-16.213703916794763
1772139805.9536886,patch_rect,6.7755,75.027,0.06,0.014785547243199706,0.0005,0.0007962962962962984,4.3891143798828125,6.787499904632568,92.00000762939453,-15.338945413327698
1772139849.9674962,patch_rect,6.7755,75.027,0.06,0.014885547243199706,0.0005,0.0006962962962962984,4.3891143798828125,6.7895002365112305,85.99996566772461,-14.393783104457345
1772139899.1286945,patch_rect,6.7755,75.027,0.06,0.014985547243199705,0.0005,0.0005962962962962983,4.3891143798828125,6.793499946594238,74.00035858154297,-13.010433655710523
1772139946.224209,patch_rect,6.7755,75.027,0.06,0.015085547243199705,0.00055,0.0006962962962962984,4.3891143798828125,6.749499797821045,87.99982070922852,-14.771439814130826
1772139994.282549,patch_rect,6.7755,75.027,0.06,0.014985547243199705,0.0005,0.0005962962962962983,4.3891143798828125,6.793499946594238,74.00035858154297,-13.010431339886821
1772140041.4142795,patch_rect,6.7755,75.027,0.06,0.015085547243199705,0.00055,0.0006962962962962984,4.3891143798828125,6.749499797821045,87.99982070922852,-14.771441556712855
1772140089.6530259,patch_rect,6.7755,75.027,0.06,0.014985547243199705,0.0005,0.0005962962962962983,4.3891143798828125,6.793499946594238,74.00035858154297,-13.010432480196265
1772140136.8096817,patch_rect,6.7755,75.027,0.06,0.015085547243199705,0.00055,0.0006962962962962984,4.3891143798828125,6.749499797821045,87.99982070922852,-14.771439814130826
1772140185.073082,patch_rect,6.7755,75.027,0.06,0.014985547243199705,0.0005,0.0005962962962962983,4.3891143798828125,6.793499946594238,74.00035858154297,-13.010433655710523
1772140232.2097607,patch_rect,6.7755,75.027,0.06,0.015085547243199705,0.00055,0.0006962962962962984,4.3891143798828125,6.749499797821045,87.99982070922852,-14.77144094162986
1772140278.7094445,patch_rect,6.7755,75.027,0.06,0.013685547243199713,0.0010017512077948577,0.002496296296296298,4.3891143798828125,6.801499843597412,199.99980926513672,-35.498831711593304
1772140335.7671595,patch_rect,6.3988,121.023,0.06,0.012185811065137386,0.002190902829170227,0.005,4.397785186767578,6.682799816131592,528.0003547668457,-13.287481649291855
1772140389.1651094,patch_rect,6.3988,121.023,0.06,0.012852477731804052,0.0020575694958368937,0.004666666666666667,4.397785186767578,6.592800140380859,414.0000343322754,-13.148429726228045
1772140441.5249338,patch_rect,6.3988,121.023,0.06,0.013296922176248498,0.001968680606948005,0.0044444444444444444,4.397785186767578,6.548799991607666,269.9999809265137,-14.04573323226848
1772140493.7304518,patch_rect,6.3988,121.023,0.06,0.013593218472544794,0.0019094213476887455,0.004296296296296296,4.397785186767578,6.5208001136779785,246.0002899169922,-15.042726085844183
1772140545.8482156,patch_rect,6.3988,121.023,0.06,0.013790749336742325,0.0018594213476887456,0.004196296296296296,4.397785186767578,6.512800216674805,237.99991607666016,-15.630219718429565
1772140598.0557463,patch_rect,6.3988,121.023,0.06,0.01392243657954068,0.0018094213476887457,0.004096296296296296,4.397785186767578,6.510799884796143,233.99972915649414,-16.50043255913736
1772140649.6436996,patch_rect,6.3988,121.023,0.06,0.014022436579540679,0.0017594213476887458,0.0039962962962962955,4.397785186767578,6.510799884796143,233.99972915649414,-17.304513928099556
1772140680.6938846,patch_rect,6.3988,121.023,0.06,0.014122436579540678,0.0017094213476887459,0.0038962962962962957,4.397785186767578,5.398799896240234,2000.0,-18.11423535065594
1772140729.6714518,patch_rect,6.3988,121.023,0.06,0.014022436579540679,0.001659421347688746,0.003796296296296296,4.397785186767578,6.546800136566162,236.00006103515625,-18.697787164730876
1772140777.913059,patch_rect,6.3988,121.023,0.06,0.014122436579540678,0.001609421347688746,0.003696296296296296,4.397785186767578,6.5167999267578125,238.00039291381836,-19.452045364143927
1772140828.5047424,patch_rect,6.3988,121.023,0.06,0.014222436579540677,0.0015594213476887461,0.0035962962962962962,4.397785186767578,6.546800136566162,230.00001907348633,-19.14037174768849
1772140877.416142,patch_rect,6.3988,121.023,0.06,0.014322436579540677,0.0015094213476887462,0.0034962962962962964,4.397785186767578,6.542799949645996,223.9999771118164,-19.40646795926545
1772140925.3375533,patch_rect,6.3988,121.023,0.06,0.014422436579540676,0.0014594213476887463,0.0033962962962962966,4.397785186767578,6.530799865722656,217.99993515014648,-19.558440864120723
1772140974.0979862,patch_rect,6.3988,121.023,0.06,0.014522436579540676,0.0014094213476887464,0.0032962962962962967,4.397785186767578,6.528800010681152,208.00018310546875,-19.831645179372877
1772141022.1892254,patch_rect,6.3988,121.023,0.06,0.014622436579540675,0.0013594213476887465,0.003196296296296297,4.397785186767578,6.524799823760986,202.00014114379883,-20.423256623752387
1772141070.038982,patch_rect,6.3988,121.023,0.06,0.014722436579540674,0.0013094213476887466,0.003096296296296297,4.397785186767578,6.522799968719482,185.99987030029297,-19.393414720462214
1772141117.2998676,patch_rect,6.3988,121.023,0.06,0.014822436579540674,0.0012594213476887467,0.0029962962962962972,4.397785186767578,6.506800174713135,177.99997329711914,-19.99354063886113
1772141165.332661,patch_rect,6.3988,121.023,0.06,0.014922436579540673,0.0012094213476887467,0.0028962962962962974,4.397785186767578,6.504799842834473,173.99978637695312,-20.734054586578328
1772141213.311988,patch_rect,6.3988,121.023,0.06,0.015022436579540673,0.0011594213476887468,0.0027962962962962976,4.397785186767578,6.504799842834473,167.9997444152832,-21.44350170060546
1772141260.5335014,patch_rect,6.3988,121.023,0.06,0.015122436579540672,0.001109421347688747,0.0026962962962962978,4.397785186767578,6.504799842834473,164.0000343322754,-22.54151678682852
1772141306.145742,patch_rect,6.3988,121.023,0.06,0.015222436579540671,0.001059421347688747,0.002596296296296298,4.397785186767578,6.482800006866455,156.00013732910156,-23.913168502292823
1772141351.3591514,patch_rect,6.3988,121.023,0.06,0.01532243657954067,0.001009421347688747,0.002496296296296298,4.397785186767578,6.486800193786621,151.99995040893555,-23.591650357676464
1772141397.2366257,patch_rect,6.3988,121.023,0.06,0.01542243657954067,0.0009594213476887471,0.0023962962962962983,4.397785186767578,6.488800048828125,147.99976348876953,-24.323989199916674
1772141442.3960853,patch_rect,6.3988,121.023,0.06,0.01552243657954067,0.000909421347688747,0.0022962962962962984,4.397785186767578,6.488800048828125,144.00005340576172,-24.44864306203789
1772141487.3770194,patch_rect,6.3988,121.023,0.06,0.015622436579540669,0.000859421347688747,0.0021962962962962986,4.397785186767578,6.486800193786621,142.0001983642578,-24.661759524628756
1772141532.008221,patch_rect,6.3988,121.023,0.06,0.01572243657954067,0.000809421347688747,0.002096296296296299,4.397785186767578,6.468800067901611,133.99982452392578,-23.984423627974856
1772141576.8205817,patch_rect,6.3988,121.023,0.06,0.015822436579540668,0.000759421347688747,0.001996296296296299,4.397785186767578,6.468800067901611,131.99996948242188,-23.27243426730053
1772141622.0168717,patch_rect,6.3988,121.023,0.06,0.015922436579540667,0.0007094213476887469,0.001896296296296299,4.397785186767578,6.468800067901611,128.00025939941406,-22.73381019365544
1772141667.1063614,patch_rect,6.3988,121.023,0.06,0.016022436579540666,0.0006594213476887469,0.0017962962962962989,4.397785186767578,6.468800067901611,124.00007247924805,-21.639156966961952
1772141711.8535554,patch_rect,6.3988,121.023,0.06,0.016122436579540666,0.0006094213476887469,0.0016962962962962988,4.397785186767578,6.440800189971924,115.99969863891602,-20.271320128712066
1772141756.860578,patch_rect,6.3988,121.023,0.06,0.016222436579540665,0.0006594213476887469,0.0017962962962962989,4.397785186767578,6.438799858093262,121.99974060058594,-21.146422872739837
1772141801.8190458,patch_rect,6.3988,121.023,0.06,0.016322436579540665,0.0006094213476887469,0.0016962962962962988,4.397785186767578,6.40880012512207,114.00032043457031,-19.831534105231498
1772141847.117549,patch_rect,6.3988,121.023,0.06,0.016422436579540664,0.0006594213476887469,0.0017962962962962989,4.397785186767578,6.406799793243408,118.00003051757812,-20.65424880075374
1772141892.4944046,patch_rect,6.3988,121.023,0.06,0.015622436579540669,0.000859421347688747,0.0021962962962962986,4.397785186767578,6.486800193786621,142.0001983642578,-24.661784927597008
1772142466.8365571,patch_rect,3.374,69.282,0.06,0.0261063028832522,0.0030588882604131004,0.004159155990900817,4.399449348449707,3.3239998817443848,58.00008773803711,-10.292849559047548
1772142511.4101117,patch_rect,3.374,69.282,0.06,0.0260063028832522,0.0031088882604131006,0.004259155990900817,4.399449348449707,3.322000026702881,83.9998722076416,-10.582487581794656
1772142555.4418967,patch_rect,3.374,69.282,0.06,0.0259063028832522,0.0030588882604131004,0.004159155990900817,4.399449348449707,3.3299999237060547,111.9999885559082,-11.015820607262249
1772142599.3584661,patch_rect,3.374,69.282,0.06,0.0258063028832522,0.0030088882604131003,0.004059155990900816,4.399449348449707,3.3320000171661377,134.00006294250488,-11.502820016031611
1772142642.9442933,patch_rect,3.374,69.282,0.06,0.0257063028832522,0.0029588882604131,0.003959155990900816,4.399449348449707,3.3399999141693115,162.00017929077148,-12.114350889068984
1772142687.0429935,patch_rect,3.374,69.282,0.06,0.0256063028832522,0.0029088882604131,0.0038591559909008162,4.399449348449707,3.3420000076293945,200.00004768371582,-13.18506583537321
1772142730.7631357,patch_rect,3.374,69.282,0.06,0.025506302883252202,0.0028588882604131,0.0037591559909008164,4.399449348449707,3.3540000915527344,227.99992561340332,-14.072605438027708
1772142776.3268661,patch_rect,3.374,69.282,0.06,0.025406302883252203,0.0028088882604130998,0.0036591559909008166,4.399449348449707,3.378000020980835,282.0000648498535,-16.576528147589364
1772142821.4186616,patch_rect,3.374,69.282,0.06,0.025506302883252202,0.0027588882604130996,0.0035591559909008167,4.399449348449707,3.2939999103546143,267.99988746643066,-16.220614757599918
1772142865.0523577,patch_rect,3.374,69.282,0.06,0.025406302883252203,0.0027088882604130995,0.003459155990900817,4.399449348449707,3.303999900817871,274.0001678466797,-17.03223735253332
1772142908.6224277,patch_rect,3.374,69.282,0.06,0.025306302883252203,0.0026588882604130994,0.003359155990900817,4.399449348449707,3.2920000553131104,299.9999523162842,-20.24276336421466
1772142952.0340555,patch_rect,3.374,69.282,0.06,0.025206302883252204,0.0026088882604130992,0.0032591559909008173,4.399449348449707,3.2960000038146973,313.99989128112793,-23.667824835780777
1772142996.0526035,patch_rect,3.374,69.282,0.06,0.025106302883252204,0.002558888260413099,0.0031591559909008174,4.399449348449707,3.2980000972747803,333.9998722076416,-31.03134203837557
1772143039.669744,patch_rect,3.374,69.282,0.06,0.025006302883252205,0.002508888260413099,0.0030591559909008176,4.399449348449707,3.2960000038146973,354.0000915527344,-34.30911031799033
1772143083.5987115,patch_rect,3.374,69.282,0.06,0.024906302883252206,0.002458888260413099,0.0029591559909008178,4.399449348449707,3.302000045776367,370.00012397766113,-25.30190603968105
1772143127.0227876,patch_rect,3.374,69.282,0.06,0.024806302883252206,0.0024088882604130987,0.002859155990900818,4.399449348449707,3.559999942779541,220.0000286102295,-22.676275440240023
1772143171.726519,patch_rect,3.374,69.282,0.06,0.024906302883252206,0.0023588882604130986,0.002759155990900818,4.399449348449707,3.5439999103546143,210.00003814697266,-21.809510283163064
1772143215.3538673,patch_rect,3.374,69.282,0.06,0.025006302883252205,0.0023088882604130985,0.0026591559909008183,4.399449348449707,3.5439999103546143,198.0001926422119,-21.466956309381718
1772143255.4151745,patch_rect,3.374,69.282,0.06,0.025106302883252204,0.0022588882604130983,0.0025591559909008185,4.399449348449707,2.374000072479248,2000.0,-26.81644998033824
1772143309.1566846,patch_rect,3.374,69.282,0.06,0.025006302883252205,0.002208888260413098,0.0024591559909008186,4.399449348449707,3.5759999752044678,166.0001277923584,-22.019856531816238
1772143372.5608253,patch_rect,3.374,69.282,0.06,0.025106302883252204,0.002158888260413098,0.002359155990900819,4.399449348449707,3.578000068664551,157.99999237060547,-21.67954741551247
1772143436.189615,patch_rect,3.374,69.282,0.06,0.025206302883252204,0.002108888260413098,0.002259155990900819,4.399449348449707,3.5799999237060547,148.00000190734863,-21.441817183245306
1772143539.7646575,patch_rect,3.374,69.282,0.06,0.025306302883252203,0.002058888260413098,0.002159155990900819,4.399449348449707,3.5840001106262207,140.0001049041748,-20.733448610966057
1772143630.0412333,patch_rect,3.374,69.282,0.06,0.025406302883252203,0.0020088882604130977,0.0020591559909008193,4.399449348449707,2.374000072479248,2000.0,-26.790652953267077
1772143734.0125473,patch_rect,3.374,69.282,0.06,0.025306302883252203,0.0019588882604130975,0.0019591559909008195,4.399449348449707,3.618000030517578,125.99992752075195,-20.754169240771873
1772143838.4967186,patch_rect,3.374,69.282,0.06,0.025406302883252203,0.0019088882604130976,0.0018591559909008194,4.399449348449707,3.621999979019165,120.00012397766113,-20.307380574841865
1772143942.4245005,patch_rect,3.374,69.282,0.06,0.025506302883252202,0.0018588882604130977,0.0017591559909008194,4.399449348449707,3.5980000495910645,109.9998950958252,-18.509843622139424
1772144045.0874724,patch_rect,3.374,69.282,0.06,0.0256063028832522,0.0018088882604130978,0.0016591559909008193,4.399449348449707,3.2980000972747803,95.99995613098145,-31.487969644634198
1772144147.2942421,patch_rect,3.374,69.282,0.06,0.025506302883252202,0.0017588882604130979,0.0015591559909008193,4.399449348449707,3.302000045776367,87.99982070922852,-27.003435835281554
1772144250.3617759,patch_rect,3.374,69.282,0.06,0.025406302883252203,0.001708888260413098,0.0014591559909008193,4.399449348449707,3.303999900817871,78.00006866455078,-27.079565160519085
1772144352.6966016,patch_rect,3.374,69.282,0.06,0.025306302883252203,0.001658888260413098,0.0013591559909008192,4.399449348449707,3.308000087738037,69.99993324279785,-23.8897044759591
1772144415.8731055,patch_rect,3.374,69.282,0.06,0.025206302883252204,0.0016088882604130981,0.0012591559909008192,4.399449348449707,3.313999891281128,63.99989128112793,-20.84320927409554
1772144520.142257,patch_rect,3.374,69.282,0.06,0.025106302883252204,0.001658888260413098,0.0013591559909008192,4.399449348449707,3.308000087738037,69.99993324279785,-22.944419082597413
1772144573.1412432,patch_rect,3.374,69.282,0.06,0.025006302883252205,0.0016088882604130981,0.0012591559909008192,4.399449348449707,3.313999891281128,63.99989128112793,-20.196105249091598
1772144616.2788677,patch_rect,3.374,69.282,0.06,0.024906302883252206,0.001658888260413098,0.0013591559909008192,4.399449348449707,3.309999942779541,68.00007820129395,-22.151034158975808
1772144669.3097851,patch_rect,3.374,69.282,0.06,0.024806302883252206,0.001708888260413098,0.0014591559909008193,4.399449348449707,3.305999994277954,74.00012016296387,-23.69431565144727
1772144712.0503547,patch_rect,3.374,69.282,0.06,0.024706302883252207,0.001658888260413098,0.0013591559909008192,4.399449348449707,3.309999942779541,68.00007820129395,-21.38381577042916
1772144755.0559223,patch_rect,3.374,69.282,0.06,0.024606302883252208,0.001708888260413098,0.0014591559909008193,4.399449348449707,3.305999994277954,74.00012016296387,-22.793461501174473
1772144799.0645583,patch_rect,3.374,69.282,0.06,0.025006302883252205,0.002508888260413099,0.0030591559909008176,4.399449348449707,3.2960000038146973,354.0000915527344,-34.309058937747395
1772144852.2989724,patch_rect,5.2332,87.584,0.06,0.019047630950808525,0.002275667851790786,0.005,4.39793062210083,5.405200004577637,370.00036239624023,-27.750508108019805
1772144900.2815669,patch_rect,5.2332,87.584,0.06,0.01971429761747519,0.0021423345184574524,0.004666666666666667,4.39793062210083,5.327199935913086,314.00012969970703,-22.362193236491535
1772144947.4143329,patch_rect,5.2332,87.584,0.06,0.020158742061919636,0.0020534456295685636,0.0044444444444444444,4.39793062210083,5.281199932098389,269.9999809265137,-18.829791490498458
1772144994.6113076,patch_rect,5.2332,87.584,0.06,0.020455038358215934,0.0019941863703093043,0.004296296296296296,4.39793062210083,5.251200199127197,240.00024795532227,-16.94835359745987
1772145041.9293437,patch_rect,5.2332,87.584,0.06,0.020652569222413465,0.0019441863703093044,0.004196296296296296,4.39793062210083,5.231200218200684,217.99993515014648,-15.707520638200975
1772145089.0504591,patch_rect,5.2332,87.584,0.06,0.020520881979615112,0.0018941863703093044,0.004096296296296296,4.39793062210083,5.261199951171875,210.00003814697266,-15.354798956550468
1772145136.2736182,patch_rect,5.2332,87.584,0.06,0.020620881979615112,0.0018441863703093045,0.0039962962962962955,4.39793062210083,5.255199909210205,191.9999122619629,-14.51362235157675
1772145183.8162575,patch_rect,5.2332,87.584,0.06,0.02072088197961511,0.0017941863703093046,0.0038962962962962957,4.39793062210083,5.257199764251709,177.99997329711914,-13.891608099698997
1772145230.865983,patch_rect,5.2332,87.584,0.06,0.02082088197961511,0.0017441863703093047,0.003796296296296296,4.39793062210083,5.253200054168701,164.0000343322754,-13.32620849478944
1772145277.601398,patch_rect,5.2332,87.584,0.06,0.02092088197961511,0.0016941863703093048,0.003696296296296296,4.39793062210083,5.2332000732421875,145.99990844726562,-12.806487808712156
1772145324.7633624,patch_rect,5.2332,87.584,0.06,0.02092088197961511,0.0016441863703093049,0.0035962962962962962,4.39793062210083,5.251200199127197,135.9996795654297,-12.44877117124618
1772145371.330856,patch_rect,5.2332,87.584,0.06,0.02102088197961511,0.001594186370309305,0.0034962962962962964,4.39793062210083,5.239200115203857,131.99996948242188,-12.560809225064574
1772145417.5647411,patch_rect,5.2332,87.584,0.06,0.02112088197961511,0.001544186370309305,0.0033962962962962966,4.39793062210083,5.235199928283691,118.00003051757812,-12.12452370018163
1772145463.7345042,patch_rect,5.2332,87.584,0.06,0.021220881979615108,0.0014941863703093051,0.0032962962962962967,4.39793062210083,5.235199928283691,110.0001335144043,-11.870164010134651
1772145509.4275715,patch_rect,5.2332,87.584,0.06,0.021320881979615108,0.0014441863703093052,0.003196296296296297,4.39793062210083,5.231200218200684,98.00004959106445,-11.543837372471783
1772145553.4793823,patch_rect,5.2332,87.584,0.06,0.021220881979615108,0.0013941863703093053,0.003096296296296297,4.39793062210083,5.259200096130371,93.99986267089844,-11.4981704976347
1772145597.958601,patch_rect,5.2332,87.584,0.06,0.021320881979615108,0.0013441863703093054,0.0029962962962962972,4.39793062210083,5.257199764251709,84.0001106262207,-11.241554069284563
1772145642.1383336,patch_rect,5.2332,87.584,0.06,0.021420881979615107,0.0013941863703093053,0.003096296296296297,4.39793062210083,5.2332000732421875,88.00029754638672,-11.30259806835335
1772145691.9297252,patch_rect,5.2332,87.584,0.06,0.019047630950808525,0.002275667851790786,0.005,4.39793062210083,5.405200004577637,370.00036239624023,-27.75051364268622
1772145742.7803898,patch_rect,2.5211,122.177,0.06,0.029234901070594788,0.002287296112626791,0.0016164331464096904,4.399982452392578,2.35509991645813,55.9999942779541,-11.50356493855206
1772145786.871709,patch_rect,2.5211,122.177,0.06,0.02856823440392812,0.0024206294459601244,0.0019497664797430236,4.399982452392578,3.4351000785827637,36.00001335144043,-10.67719002314115
1772145831.3906252,patch_rect,2.5211,122.177,0.06,0.029012678848372567,0.002509518334849013,0.002171988701965246,4.399982452392578,3.401099920272827,33.99991989135742,-10.534561910455615
1772145875.2981393,patch_rect,2.5211,122.177,0.06,0.029308975144668865,0.0025687775941082725,0.002320136850113394,4.399982452392578,2.303100109100342,104.00009155273438,-12.744922144115145
1772145919.8078942,patch_rect,2.5211,122.177,0.06,0.029111444280471334,0.0026187775941082726,0.002420136850113394,4.399982452392578,2.3150999546051025,88.00005912780762,-11.754356289113693
1772145963.759112,patch_rect,2.5211,122.177,0.06,0.02897975703767298,0.0026687775941082728,0.002520136850113394,4.399982452392578,2.3171000480651855,68.00007820129395,-10.952186597182063
1772146007.6321971,patch_rect,2.5211,122.177,0.06,0.028879757037672982,0.002718777594108273,0.0026201368501133936,4.399982452392578,2.3150999546051025,55.9999942779541,-10.572459626658956
1772146051.5863936,patch_rect,2.5211,122.177,0.06,0.028779757037672982,0.002768777594108273,0.0027201368501133935,4.399982452392578,2.3150999546051025,19.999980926513672,-10.063565097401497
1772146141.0137036,patch_rect,2.5211,122.177,0.06,0.028779757037672982,0.0028687775941082733,0.002920136850113393,4.399982452392578,2.3090999126434326,46.000003814697266,-10.33454349626637
1772146503.1759858,patch_rect,2.5211,122.177,0.06,0.028579757037672984,0.0032687775941082743,0.0037201368501133918,4.399982452392578,2.2671000957489014,79.99992370605469,-10.845756385001323
1772146547.728661,patch_rect,2.5211,122.177,0.06,0.028479757037672984,0.0033187775941082745,0.0038201368501133916,4.399982452392578,2.2671000957489014,64.00012969970703,-10.502531518686858
1772146858.6829581,patch_rect,2.5211,122.177,0.06,0.028279757037672985,0.003518777594108275,0.004220136850113392,4.399982452392578,2.2630999088287354,17.999887466430664,-10.028377879587625
1772147000.151802,patch_rect,2.5211,122.177,0.06,0.028179757037672986,0.0036687775941082754,0.004520136850113393,4.399982452392578,2.2430999279022217,58.00008773803711,-10.322937150314711
1772147107.3645222,patch_rect,2.5211,122.177,0.06,0.028079757037672987,0.0037187775941082755,0.004620136850113393,4.399982452392578,3.357100009918213,32.000064849853516,-10.23314494083647
1772147214.4455416,patch_rect,2.5211,122.177,0.06,0.028179757037672986,0.0037687775941082757,0.0047201368501133935,4.399982452392578,2.231100082397461,69.99993324279785,-10.426151581249776
1772147321.5849984,patch_rect,2.5211,122.177,0.06,0.028079757037672987,0.003818777594108276,0.004820136850113394,4.399982452392578,3.351099967956543,46.000003814697266,-10.416401484356914
1772147429.2596931,patch_rect,2.5211,122.177,0.06,0.028179757037672986,0.003868777594108276,0.004920136850113394,4.399982452392578,2.219099998474121,95.99995613098145,-10.87601326486939
1772147536.389868,patch_rect,2.5211,122.177,0.06,0.028079757037672987,0.003918777594108276,0.005,4.399982452392578,3.347100019454956,52.00004577636719,-10.565676859163293
1772147643.6324096,patch_rect,2.5211,122.177,0.06,0.028179757037672986,0.003968777594108275,0.005,4.399982452392578,3.341099977493286,49.99995231628418,-10.51668574954125
1772147751.2464497,patch_rect,2.5211,122.177,0.06,0.028279757037672985,0.004,0.005,4.399982452392578,2.213099956512451,95.99995613098145,-10.947195075387317
1772147858.9437451,patch_rect,2.5211,122.177,0.06,0.028179757037672986,0.004,0.005,4.399982452392578,3.343100070953369,49.99995231628418,-10.478393016036478
1772147965.7667263,patch_rect,2.5211,122.177,0.06,0.028279757037672985,0.004,0.005,4.399982452392578,2.213099956512451,95.99995613098145,-10.947188654333232
1772148023.9096656,patch_rect,2.5211,122.177,0.06,0.028179757037672986,0.004,0.005,4.399982452392578,3.343100070953369,49.99995231628418,-10.478393016036478
1772148071.3688235,patch_rect,2.5211,122.177,0.06,0.028279757037672985,0.004,0.005,4.399982452392578,2.213099956512451,95.99995613098145,-10.947188654333232
1772148118.5211196,patch_rect,2.5211,122.177,0.06,0.028179757037672986,0.004,0.005,4.399982452392578,3.343100070953369,49.99995231628418,-10.478393016036478
1772148165.2409742,patch_rect,2.5211,122.177,0.06,0.028279757037672985,0.004,0.005,4.399982452392578,2.213099956512451,95.99995613098145,-10.947195075387317
1772148212.4092941,patch_rect,2.5211,122.177,0.06,0.028179757037672986,0.004,0.005,4.399982452392578,3.343100070953369,49.99995231628418,-10.478414623241969
1772148259.6333516,patch_rect,2.5211,122.177,0.06,0.028279757037672985,0.004,0.005,4.399982452392578,2.213099956512451,95.99995613098145,-10.947188654333232
1772148306.7905912,patch_rect,2.5211,122.177,0.06,0.028179757037672986,0.004,0.005,4.399982452392578,3.343100070953369,49.99995231628418,-10.478394861934191
1772148353.3784688,patch_rect,2.5211,122.177,0.06,0.028279757037672985,0.004,0.005,4.399982452392578,2.213099956512451,95.99995613098145,-10.947188654333232
1772148400.8845768,patch_rect,2.5211,122.177,0.06,0.028179757037672986,0.004,0.005,4.399982452392578,3.343100070953369,49.99995231628418,-10.478414623241969
1772148448.1006448,patch_rect,2.5211,122.177,0.06,0.028279757037672985,0.004,0.005,4.399982452392578,2.213099956512451,95.99995613098145,-10.947195075387317
1772148494.7679186,patch_rect,2.5211,122.177,0.06,0.028179757037672986,0.004,0.005,4.399982452392578,3.343100070953369,49.99995231628418,-10.478393016036478
1772148541.4786642,patch_rect,2.5211,122.177,0.06,0.028279757037672985,0.004,0.005,4.399982452392578,2.213099956512451,95.99995613098145,-10.947195075387317
1772148588.7153473,patch_rect,2.5211,122.177,0.06,0.028179757037672986,0.004,0.005,4.399982452392578,3.343100070953369,49.99995231628418,-10.478421521340344
1772148636.0224643,patch_rect,2.5211,122.177,0.06,0.028279757037672985,0.004,0.005,4.399982452392578,2.213099956512451,95.99995613098145,-10.947195075387317
1772148683.6896756,patch_rect,2.5211,122.177,0.06,0.028179757037672986,0.004,0.005,4.399982452392578,3.343100070953369,49.99995231628418,-10.478414623241969
1772148790.0317142,patch_rect,2.5211,122.177,0.06,0.029308975144668865,0.0025687775941082725,0.002320136850113394,4.399982452392578,2.303100109100342,104.00009155273438,-12.744922144115145
1772148901.8233635,patch_rect,6.8712,53.639,0.06,0.011623467318713665,0.0021836436353623867,0.005,4.386580467224121,6.815199851989746,565.9999847412109,-14.663335968055012
1772149016.9598618,patch_rect,6.8712,53.639,0.06,0.010956800652046999,0.0020503103020290533,0.004666666666666667,4.386580467224121,6.997200012207031,556.0002326965332,-18.25782469223149
1772149102.922129,patch_rect,6.8712,53.639,0.06,0.011401245096491444,0.0019614214131401645,0.0044444444444444444,4.386580467224121,6.94920015335083,495.999813079834,-18.239711476705708
1772149218.212526,patch_rect,6.8712,53.639,0.06,0.01169754139278774,0.0019021621538809052,0.004296296296296296,4.386580467224121,6.915200233459473,470.0002670288086,-18.439014087799304
1772149333.4645178,patch_rect,6.8712,53.639,0.06,0.011895072256985271,0.0018521621538809053,0.004196296296296296,4.386580467224121,6.889200210571289,453.99999618530273,-18.814654214628813
1772149447.6694615,patch_rect,6.8712,53.639,0.06,0.012026759499783626,0.0018021621538809054,0.004096296296296296,4.386580467224121,6.879199981689453,438.0002021789551,-19.74755895712224
1772149562.3075662,patch_rect,6.8712,53.639,0.06,0.012126759499783625,0.0017521621538809054,0.0039962962962962955,4.386580467224121,6.879199981689453,424.0002632141113,-20.684066181203193
1772149675.8136768,patch_rect,6.8712,53.639,0.06,0.012226759499783624,0.0017021621538809055,0.0038962962962962957,4.386580467224121,6.881199836730957,412.0001792907715,-21.937152345806105
1772149789.6746645,patch_rect,6.8712,53.639,0.06,0.012326759499783624,0.0016521621538809056,0.003796296296296296,4.386580467224121,6.883200168609619,400.00009536743164,-23.181600579696102
1772149901.8952289,patch_rect,6.8712,53.639,0.06,0.012426759499783623,0.0016021621538809057,0.003696296296296296,4.386580467224121,6.865200042724609,386.0001564025879,-25.643456008671826
1772150012.7254531,patch_rect,6.8712,53.639,0.06,0.012326759499783624,0.0015521621538809058,0.0035962962962962962,4.386580467224121,6.9191999435424805,377.99978256225586,-27.741846662467218
1772150123.5215757,patch_rect,6.8712,53.639,0.06,0.012426759499783623,0.0015021621538809059,0.0034962962962962964,4.386580467224121,6.917200088500977,372.00021743774414,-28.31276428520676
1772150233.8853698,patch_rect,6.8712,53.639,0.06,0.012526759499783623,0.001452162153880906,0.0033962962962962966,4.386580467224121,6.917200088500977,368.0000305175781,-28.00531507741351
1772150344.3023963,patch_rect,6.8712,53.639,0.06,0.012626759499783622,0.001402162153880906,0.0032962962962962967,4.386580467224121,6.915200233459473,361.9999885559082,-28.297223400164512
1772150424.6166537,patch_rect,6.8712,53.639,0.06,0.012726759499783621,0.0013521621538809061,0.003196296296296297,4.386580467224121,6.899199962615967,360.0001335144043,-27.863068440938022
1772150534.9201205,patch_rect,6.8712,53.639,0.06,0.01282675949978362,0.0013021621538809062,0.003096296296296297,4.386580467224121,6.895199775695801,349.99990463256836,-28.345554384775134
1772150645.2600713,patch_rect,6.8712,53.639,0.06,0.01292675949978362,0.0012521621538809063,0.0029962962962962972,4.386580467224121,6.889200210571289,346.00019454956055,-29.69191652603167
1772150755.7146096,patch_rect,6.8712,53.639,0.06,0.01302675949978362,0.0012021621538809064,0.0028962962962962974,4.386580467224121,6.883200168609619,327.9995918273926,-26.98500579676842
1772150865.551702,patch_rect,6.8712,53.639,0.06,0.013126759499783619,0.0011521621538809065,0.0027962962962962976,4.386580467224121,6.8632001876831055,322.00002670288086,-27.477833151652035
1772150974.7777264,patch_rect,6.8712,53.639,0.06,0.01302675949978362,0.0011021621538809066,0.0026962962962962978,4.386580467224121,6.909200191497803,311.9997978210449,-31.998552881671316
1772151083.4931672,patch_rect,6.8712,53.639,0.06,0.013126759499783619,0.0010521621538809066,0.002596296296296298,4.386580467224121,6.907199859619141,306.0002326965332,-35.25012340527126
1772151193.089159,patch_rect,6.8712,53.639,0.06,0.013226759499783618,0.0010021621538809067,0.002496296296296298,4.386580467224121,6.903200149536133,297.9998588562012,-37.48189907816556
1772151299.6006954,patch_rect,6.8712,53.639,0.06,0.013326759499783618,0.0009521621538809067,0.0023962962962962983,4.386580467224121,6.885200023651123,271.9998359680176,-37.090873681474946
1772151406.958357,patch_rect,6.8712,53.639,0.06,0.013426759499783617,0.0009021621538809067,0.0022962962962962984,4.386580467224121,6.885200023651123,241.99962615966797,-40.35128741013894
1772151514.164431,patch_rect,6.8712,53.639,0.06,0.013526759499783617,0.0008521621538809067,0.0021962962962962986,4.386580467224121,6.883200168609619,205.99985122680664,-39.55582356233231
1772151621.9522712,patch_rect,6.8712,53.639,0.06,0.013626759499783616,0.0008021621538809066,0.002096296296296299,4.386580467224121,6.881199836730957,190.00005722045898,-38.440590015635586
1772151668.8560407,patch_rect,6.8712,53.639,0.06,0.013726759499783615,0.0007521621538809066,0.001996296296296299,4.386580467224121,6.8592000007629395,170.0000762939453,-33.25979501241969
1772151700.6054459,patch_rect,6.8712,53.639,0.06,0.013626759499783616,0.0007021621538809066,0.001896296296296299,4.386580467224121,5.871200084686279,2000.0,-25.286608526866132
1772151747.296832,patch_rect,6.8712,53.639,0.06,0.013526759499783617,0.0006521621538809066,0.0017962962962962989,4.386580467224121,6.94920015335083,199.99980926513672,-32.89092787407028
1772151794.0047324,patch_rect,6.8712,53.639,0.06,0.013626759499783616,0.0006021621538809066,0.0016962962962962988,4.386580467224121,6.947199821472168,174.00026321411133,-28.92637054492492
1772151839.6731818,patch_rect,6.8712,53.639,0.06,0.013726759499783615,0.0005521621538809065,0.0015962962962962988,4.386580467224121,6.909200191497803,150.00009536743164,-25.017756201877518
1772151885.7079208,patch_rect,6.8712,53.639,0.06,0.013826759499783615,0.0005021621538809065,0.0014962962962962987,4.386580467224121,6.909200191497803,139.9998664855957,-22.76212167384449
1772151931.2645345,patch_rect,6.8712,53.639,0.06,0.013926759499783614,0.0005,0.0013962962962962987,4.386580467224121,6.909200191497803,133.99982452392578,-21.898210056299817
1772151977.1653345,patch_rect,6.8712,53.639,0.06,0.014026759499783614,0.0005,0.0012962962962962986,4.386580467224121,6.907199859619141,130.00011444091797,-21.069987603660202
1772152021.8759708,patch_rect,6.8712,53.639,0.06,0.014126759499783613,0.0005,0.0011962962962962986,4.386580467224121,6.871200084686279,124.00007247924805,-19.514584686494267
1772152066.6014354,patch_rect,6.8712,53.639,0.06,0.014126759499783613,0.0005,0.0010962962962962986,4.386580467224121,6.897200107574463,119.99988555908203,-18.764055494684094
1772152111.3418384,patch_rect,6.8712,53.639,0.06,0.014226759499783612,0.0005,0.0009962962962962985,4.386580467224121,6.899199962615967,113.99984359741211,-17.824392064169178
1772152207.0260818,patch_rect,6.8712,53.639,0.06,0.014326759499783612,0.0005,0.0008962962962962985,4.386580467224121,6.901199817657471,106.00042343139648,-16.598623592239754
1772152311.7457938,patch_rect,6.8712,53.639,0.06,0.014426759499783611,0.0005,0.0007962962962962984,4.386580467224121,6.865200042724609,98.00004959106445,-15.718536715967415
1772152416.738614,patch_rect,6.8712,53.639,0.06,0.014326759499783612,0.0005,0.0006962962962962984,4.386580467224121,6.917200088500977,95.99971771240234,-14.99788757260109
1772152485.9790874,patch_rect,6.8712,53.639,0.06,0.014426759499783611,0.0005,0.0005962962962962983,4.386580467224121,6.921199798583984,84.0001106262207,-13.529393171367541
1772152565.1272664,patch_rect,6.8712,53.639,0.06,0.01452675949978361,0.0005,0.0005,4.386580467224121,6.9232001304626465,72.00002670288086,-12.576400987622375
1772152675.1141646,patch_rect,6.8712,53.639,0.06,0.01462675949978361,0.0005,0.0005,4.386580467224121,6.901199817657471,68.00031661987305,-12.490855997576054
1772152789.8603106,patch_rect,6.8712,53.639,0.06,0.01472675949978361,0.0005,0.0005,4.386580467224121,6.873199939727783,65.99998474121094,-12.387219730218295
1772152899.2723835,patch_rect,6.8712,53.639,0.06,0.014826759499783609,0.0005,0.0005,4.386580467224121,6.851200103759766,65.99998474121094,-12.328868340555928
1772153008.478091,patch_rect,6.8712,53.639,0.06,0.01472675949978361,0.0005,0.0005,4.386580467224121,6.873199939727783,65.99998474121094,-12.387219730218295
1772153117.9158585,patch_rect,6.8712,53.639,0.06,0.014826759499783609,0.0005,0.0005,4.386580467224121,6.851200103759766,65.99998474121094,-12.328866205999176
1772153227.44903,patch_rect,6.8712,53.639,0.06,0.01472675949978361,0.0005,0.0005,4.386580467224121,6.873199939727783,65.99998474121094,-12.387220032012188
1772153336.9402165,patch_rect,6.8712,53.639,0.06,0.014826759499783609,0.0005,0.0005,4.386580467224121,6.851200103759766,65.99998474121094,-12.328867249402894
1772153446.7776425,patch_rect,6.8712,53.639,0.06,0.01472675949978361,0.0005,0.0005,4.386580467224121,6.873199939727783,65.99998474121094,-12.387219133340189
1772153554.1219227,patch_rect,6.8712,53.639,0.06,0.013426759499783617,0.0009021621538809067,0.0022962962962962984,4.386580467224121,6.885200023651123,241.99962615966797,-40.35122855224774
1772153665.5966263,patch_rect,4.2078,64.484,0.06,0.026234880089759827,0.0023291814140975475,0.004730843938887119,4.397304058074951,4.747799873352051,171.99993133544922,-14.195251787296854
1772153773.7578022,patch_rect,4.2078,64.484,0.06,0.026901546756426493,0.002195848080764214,0.004397510605553786,4.397304058074951,4.707799911499023,118.00003051757812,-12.171467463039086
1772153881.7307565,patch_rect,4.2078,64.484,0.06,0.027345991200870938,0.0021069591918753254,0.004175288383331564,4.397304058074951,4.689799785614014,78.00006866455078,-10.972910337534518
1772153988.9668348,patch_rect,4.2078,64.484,0.06,0.027642287497167236,0.002047699932616066,0.0040271402351834155,4.397304058074951,4.67579984664917,44.00014877319336,-10.335437874570824
1772154096.2355366,patch_rect,4.2078,64.484,0.06,0.027839818361364767,0.002097699932616066,0.004127140235183416,4.397304058074951,4.647799968719482,58.00008773803711,-10.548638056447082
1772154203.5709474,patch_rect,4.2078,64.484,0.06,0.02797150560416312,0.0021476999326160663,0.004227140235183416,4.397304058074951,4.639800071716309,79.99992370605469,-10.999321562789405
1772154311.5119424,patch_rect,4.2078,64.484,0.06,0.02807150560416312,0.002097699932616066,0.004127140235183416,4.397304058074951,4.631800174713135,53.999900817871094,-10.507330639121989
1772154419.3795462,patch_rect,4.2078,64.484,0.06,0.02817150560416312,0.0021476999326160663,0.004227140235183416,4.397304058074951,4.623799800872803,75.99973678588867,-10.968735859095426
1772154527.3356605,patch_rect,4.2078,64.484,0.06,0.028271505604163118,0.002097699932616066,0.004127140235183416,4.397304058074951,4.617800235748291,56.0002326965332,-10.500421813755692
1772154635.531971,patch_rect,4.2078,64.484,0.06,0.028371505604163117,0.0021476999326160663,0.004227140235183416,4.397304058074951,4.609799861907959,75.99973678588867,-10.942378907821233
1772155010.6796215,patch_rect,2.4,50.0,0.06,0.034201715141534805,0.0023333686403930187,0.001627869438380003,4.3999857902526855,2.3440001010894775,53.999900817871094,-42.410482425523895
1772155056.254011,patch_rect,2.4,50.0,0.06,0.033535048474868136,0.0022000353070596853,0.0012945361050466697,4.3999857902526855,2.3580000400543213,52.00004577636719,-43.99875916928363
1772155101.6076233,patch_rect,2.4,50.0,0.06,0.033090604030423694,0.0021111464181707965,0.0010723138828244475,4.3999857902526855,2.3580000400543213,49.99995231628418,-41.43704469957814
1772155146.950491,patch_rect,2.4,50.0,0.06,0.0327943077341274,0.0021111464181707965,0.0010723138828244475,4.3999857902526855,2.3580000400543213,49.99995231628418,-37.092665562854336
1772155191.2867277,patch_rect,2.4,50.0,0.06,0.032596776869929865,0.0021111464181707965,0.0010723138828244475,4.3999857902526855,2.3580000400543213,49.99995231628418,-34.13228460414571
1772155236.6421802,patch_rect,2.4,50.0,0.06,0.03246508962713151,0.0021111464181707965,0.0010723138828244475,4.3999857902526855,2.359999895095825,49.99995231628418,-32.51238824213723
1772155281.9771652,patch_rect,2.4,50.0,0.06,0.032365089627131506,0.0021111464181707965,0.0010723138828244475,4.3999857902526855,2.359999895095825,52.00004577636719,-31.60842824914759
1772155326.4524014,patch_rect,2.4,50.0,0.06,0.0322650896271315,0.002051887158911537,0.0009241657346762994,4.3999857902526855,2.365999937057495,49.99995231628418,-35.53628772575675
1772155371.3418748,patch_rect,2.4,50.0,0.06,0.0321650896271315,0.002051887158911537,0.0009241657346762994,4.3999857902526855,2.365999937057495,49.99995231628418,-33.73044606301316
1772155415.7680793,patch_rect,2.4,50.0,0.06,0.0320650896271315,0.002051887158911537,0.0009241657346762994,4.3999857902526855,2.368000030517578,49.99995231628418,-32.31633809038408
1772155461.533334,patch_rect,2.4,50.0,0.06,0.031965089627131495,0.002051887158911537,0.0009241657346762994,4.3999857902526855,2.368000030517578,49.99995231628418,-30.968615556232535
1772155506.6069858,patch_rect,2.4,50.0,0.06,0.03186508962713149,0.002051887158911537,0.0009241657346762994,4.3999857902526855,2.368000030517578,52.00004577636719,-29.98747004348088
1772155551.2278636,patch_rect,2.4,50.0,0.06,0.03176508962713149,0.002001887158911537,0.0008241657346762994,4.3999857902526855,2.371999979019165,52.00004577636719,-28.59776057390099
1772155597.2027864,patch_rect,2.4,50.0,0.06,0.031665089627131486,0.0019518871589115372,0.0007241657346762993,4.3999857902526855,2.375999927520752,50.00019073486328,-31.641493771491387
1772155642.0711691,patch_rect,2.4,50.0,0.06,0.03156508962713148,0.0019518871589115372,0.0007241657346762993,4.3999857902526855,2.375999927520752,52.00004577636719,-30.107055801669304
1772155689.1847742,patch_rect,2.4,50.0,0.06,0.03146508962713148,0.0019018871589115372,0.0006241657346762993,4.3999857902526855,2.381999969482422,49.99995231628418,-34.703093043586534
1772155735.1010509,patch_rect,2.4,50.0,0.06,0.03136508962713148,0.0019018871589115372,0.0006241657346762993,4.3999857902526855,2.381999969482422,49.99995231628418,-32.07305015126889
1772155780.6241896,patch_rect,2.4,50.0,0.06,0.031265089627131475,0.0019018871589115372,0.0006241657346762993,4.3999857902526855,2.381999969482422,51.999807357788086,-30.00839327902925
1772155825.9601321,patch_rect,2.4,50.0,0.06,0.031165089627131475,0.0018518871589115373,0.0005241657346762992,4.3999857902526855,2.368000030517578,52.00004577636719,-27.912012158604924
1772155872.450214,patch_rect,2.4,50.0,0.06,0.031065089627131476,0.0018018871589115374,0.0005,4.3999857902526855,2.369999885559082,52.00004577636719,-28.774436497481837
1772155917.9188724,patch_rect,2.4,50.0,0.06,0.030965089627131476,0.0017518871589115375,0.0005,4.3999857902526855,2.369999885559082,54.000139236450195,-28.60684544179402
1772155964.0493193,patch_rect,2.4,50.0,0.06,0.030865089627131477,0.0017018871589115376,0.0005,4.3999857902526855,2.369999885559082,54.000139236450195,-28.031660769738686
1772156009.6803648,patch_rect,2.4,50.0,0.06,0.030765089627131478,0.0016518871589115377,0.0005,4.3999857902526855,2.369999885559082,58.00008773803711,-28.027804176817014
1772156056.3788004,patch_rect,2.4,50.0,0.06,0.030665089627131478,0.0016018871589115378,0.0005,4.3999857902526855,2.369999885559082,59.999942779541016,-27.519067198885566
1772156098.2807033,patch_rect,2.4,50.0,0.06,0.03056508962713148,0.0015518871589115378,0.0005,4.3999857902526855,2.369999885559082,59.999942779541016,-39.53175519175086
1772156140.2603793,patch_rect,2.4,50.0,0.06,0.03046508962713148,0.001501887158911538,0.0005,4.3999857902526855,2.369999885559082,64.00012969970703,-39.959346576577246
1772156181.9437907,patch_rect,2.4,50.0,0.06,0.03036508962713148,0.001451887158911538,0.0005,4.3999857902526855,2.369999885559082,65.99998474121094,-38.240282257841756
1772156223.7203982,patch_rect,2.4,50.0,0.06,0.03026508962713148,0.001401887158911538,0.0005,4.3999857902526855,2.369999885559082,64.00012969970703,-34.80354984651377
1772156266.1966648,patch_rect,2.4,50.0,0.06,0.03016508962713148,0.0013518871589115382,0.0005,4.3999857902526855,2.369999885559082,61.99979782104492,-31.271374668432973
1772156308.9529035,patch_rect,2.4,50.0,0.06,0.030065089627131482,0.0013018871589115383,0.0005,4.3999857902526855,3.371999979019165,58.00008773803711,-30.15974000868019
1772156351.0575478,patch_rect,2.4,50.0,0.06,0.03016508962713148,0.0012518871589115384,0.0005,4.3999857902526855,2.369999885559082,59.999942779541016,-38.96256156243997
1772156439.0670462,patch_rect,2.4,50.0,0.06,0.03016508962713148,0.0012518871589115384,0.0006000000000000001,4.3999857902526855,2.384000062942505,68.00007820129395,-28.141509583029894
1772156526.2401595,patch_rect,2.4,50.0,0.06,0.03016508962713148,0.0012518871589115384,0.0006000000000000001,4.3999857902526855,2.384000062942505,68.00007820129395,-28.141463127425347
1772156614.292352,patch_rect,2.4,50.0,0.06,0.029965089627131482,0.0012518871589115384,0.0006000000000000001,4.3999857902526855,3.4000000953674316,28.0001163482666,-23.340264971494882
1772156660.591328,patch_rect,2.4,50.0,0.06,0.030065089627131482,0.0013018871589115383,0.0007000000000000001,4.3999857902526855,2.378000020980835,69.99993324279785,-28.134444083756005
1772156706.9492147,patch_rect,2.4,50.0,0.06,0.029965089627131482,0.0012518871589115384,0.0006000000000000001,4.3999857902526855,3.4000000953674316,28.0001163482666,-23.340309832639093
1772156752.1948416,patch_rect,2.4,50.0,0.06,0.030065089627131482,0.0013018871589115383,0.0007000000000000001,4.3999857902526855,2.378000020980835,69.99993324279785,-28.134444083756005
1772156798.8217046,patch_rect,2.4,50.0,0.06,0.029965089627131482,0.0012518871589115384,0.0006000000000000001,4.3999857902526855,3.4000000953674316,28.0001163482666,-23.340309832639093
1772156845.0460248,patch_rect,2.4,50.0,0.06,0.030065089627131482,0.0013018871589115383,0.0007000000000000001,4.3999857902526855,2.378000020980835,69.99993324279785,-28.13442993957144
1772156890.686787,patch_rect,2.4,50.0,0.06,0.029965089627131482,0.0012518871589115384,0.0006000000000000001,4.3999857902526855,3.4000000953674316,28.0001163482666,-23.340309832639093
1772156936.7764173,patch_rect,2.4,50.0,0.06,0.030065089627131482,0.0013018871589115383,0.0007000000000000001,4.3999857902526855,2.378000020980835,69.99993324279785,-28.13442993957144
1772156983.4025981,patch_rect,2.4,50.0,0.06,0.029965089627131482,0.0012518871589115384,0.0006000000000000001,4.3999857902526855,3.4000000953674316,28.0001163482666,-23.340437865648337
1772157029.8116457,patch_rect,2.4,50.0,0.06,0.030065089627131482,0.0013018871589115383,0.0007000000000000001,4.3999857902526855,2.378000020980835,69.99993324279785,-28.134425720983263
1772157075.5345523,patch_rect,2.4,50.0,0.06,0.029965089627131482,0.0012518871589115384,0.0006000000000000001,4.3999857902526855,3.4000000953674316,28.0001163482666,-23.34013991938172
1772157121.7903128,patch_rect,2.4,50.0,0.06,0.030065089627131482,0.0013018871589115383,0.0007000000000000001,4.3999857902526855,2.378000020980835,69.99993324279785,-28.134425720983263
1772157167.4569898,patch_rect,2.4,50.0,0.06,0.029965089627131482,0.0012518871589115384,0.0006000000000000001,4.3999857902526855,3.4000000953674316,28.0001163482666,-23.340309832639093
1772157213.6682382,patch_rect,2.4,50.0,0.06,0.030065089627131482,0.0013018871589115383,0.0007000000000000001,4.3999857902526855,2.378000020980835,69.99993324279785,-28.13442993957144
1772157254.9963467,patch_rect,2.4,50.0,0.06,0.033535048474868136,0.0022000353070596853,0.0012945361050466697,4.3999857902526855,2.3580000400543213,52.00004577636719,-43.99894663655313
